model,condition,nct_id,p,label,start_year,completion_date
ollama:gemma3:12b,D,NCT05035095,0.75,1,2021.0,2023-05-12
ollama:gemma3:12b,D,NCT05744115,0.4,0,2021.0,2022-04-14
ollama:gemma3:12b,D,NCT05253755,0.35,0,2021.0,2022-09-09
ollama:gemma3:12b,D,NCT05003102,0.3,0,2023.0,2023-06-30
ollama:gemma3:12b,D,NCT05674448,0.35,0,2021.0,2023-01-04
ollama:gemma3:12b,D,NCT05695378,0.3,0,2023.0,2024-08-19
ollama:gemma3:12b,D,NCT06085638,0.25,0,2023.0,2023-10-20
ollama:gemma3:12b,D,NCT04320940,0.45,0,2021.0,2023-02-01
ollama:gemma3:12b,D,NCT05060276,0.2,0,2022.0,2024-12-31
ollama:gemma3:12b,D,NCT05622591,0.2,0,2024.0,2024-06-07
ollama:gemma3:12b,D,NCT04748783,0.2,0,2021.0,2021-04-07
ollama:gemma3:12b,D,NCT04406857,0.3,0,2021.0,2023-01-18
ollama:gemma3:12b,D,NCT04478994,0.25,0,2021.0,2022-12-08
ollama:gemma3:12b,D,NCT05607342,0.15,0,2023.0,2023-11-06
ollama:gemma3:12b,D,NCT04629339,0.35,0,2021.0,2024-03-26
ollama:gemma3:12b,D,NCT05139615,0.3,0,2021.0,2022-09-19
ollama:gemma3:12b,D,NCT04108858,0.3,0,2021.0,2022-04-29
ollama:gemma3:12b,D,NCT04355039,0.2,0,2021.0,2024-07-01
ollama:gemma3:12b,D,NCT03709550,0.25,0,2021.0,2024-04-15
ollama:gemma3:12b,D,NCT04243824,0.1,0,2021.0,2022-05-31
ollama:gemma3:12b,D,NCT02133885,0.25,0,2023.0,2024-03-31
ollama:gemma3:12b,D,NCT05044234,0.35,0,2021.0,2022-11-30
ollama:gemma3:12b,D,NCT04672954,0.2,1,2021.0,2021-07-01
ollama:gemma3:12b,D,NCT05098405,0.2,0,2021.0,2024-01-19
ollama:gemma3:12b,D,NCT05542355,0.2,0,2023.0,2024-10-02
ollama:gemma3:12b,D,NCT04631211,0.3,0,2021.0,2022-01-07
ollama:gemma3:12b,D,NCT04791319,0.4,0,2021.0,2022-03-31
ollama:gemma3:12b,D,NCT04200066,0.2,0,2022.0,2024-02-01
ollama:gemma3:12b,D,NCT04391309,0.45,0,2021.0,2022-02-04
ollama:gemma3:12b,D,NCT05563168,0.35,0,2023.0,2024-12-31
ollama:gemma3:12b,D,NCT04961658,0.25,0,2021.0,2024-01-08
ollama:gemma3:12b,D,NCT04625699,0.4,0,2022.0,2023-12-31
ollama:gemma3:12b,D,NCT05356403,0.55,0,2022.0,2024-02-26
ollama:gemma3:12b,D,NCT05378945,0.65,1,2022.0,2023-04-04
ollama:gemma3:12b,D,NCT04759846,0.2,0,2021.0,2023-05-31
ollama:gemma3:12b,D,NCT05767749,0.7,1,2023.0,2023-07-31
ollama:gemma3:12b,D,NCT04746430,0.6,0,2021.0,2021-04-23
ollama:gemma3:12b,D,NCT04773067,0.5,0,2021.0,2022-03-08
ollama:gemma3:12b,D,NCT04834908,0.3,0,2021.0,2022-05-25
ollama:gemma3:12b,D,NCT06281236,0.25,0,2024.0,2024-10-01
ollama:gemma3:12b,D,NCT05156229,0.25,0,2021.0,2022-08-24
ollama:gemma3:12b,D,NCT05266586,0.45,1,2022.0,2022-09-08
ollama:gemma3:12b,D,NCT05303909,0.35,0,2022.0,2024-05-13
ollama:gemma3:12b,D,NCT05178862,0.6,0,2022.0,2024-08-31
ollama:gemma3:12b,D,NCT04596293,0.45,1,2021.0,2022-07-12
ollama:gemma3:12b,D,NCT04588688,0.4,0,2021.0,2021-08-01
ollama:gemma3:12b,D,NCT04900766,0.25,0,2021.0,2023-02-03
ollama:gemma3:12b,D,NCT04709575,0.6,1,2021.0,2021-08-24
ollama:gemma3:12b,D,NCT05121766,0.2,0,2022.0,2023-04-21
ollama:gemma3:12b,D,NCT04521335,0.2,0,2021.0,2022-02-06
ollama:gemma3:12b,D,NCT04795466,0.4,0,2021.0,2024-03-07
ollama:gemma3:12b,D,NCT05085002,0.55,0,2021.0,2023-11-29
ollama:gemma3:12b,D,NCT04443569,0.65,1,2021.0,2022-08-31
ollama:gemma3:12b,D,NCT04644029,0.75,0,2021.0,2024-06-11
ollama:gemma3:12b,D,NCT05366855,0.35,0,2022.0,2024-07-17
ollama:gemma3:12b,D,NCT05494866,0.25,0,2022.0,2024-03-15
ollama:gemma3:12b,D,NCT05567783,0.45,0,2022.0,2023-08-31
ollama:gemma3:12b,D,NCT05077085,0.85,0,2022.0,2024-12-31
ollama:gemma3:12b,D,NCT05244473,0.3,0,2022.0,2024-05-31
ollama:gemma3:12b,D,NCT04263519,0.45,0,2021.0,2023-01-01
ollama:gemma3:12b,D,NCT05420077,0.28,0,2022.0,2023-06-02
ollama:gemma3:12b,D,NCT04358471,0.5,0,2021.0,2023-09-01
ollama:gemma3:12b,D,NCT04822298,0.32,0,2021.0,2022-01-26
ollama:gemma3:12b,D,NCT04834349,0.42,0,2021.0,2022-11-21
ollama:gemma3:12b,D,NCT04736628,0.6,1,2021.0,2023-09-21
ollama:gemma3:12b,D,NCT05064449,0.27,1,2021.0,2021-11-30
ollama:gemma3:12b,D,NCT04674761,0.7,1,2021.0,2022-09-09
ollama:gemma3:12b,D,NCT04498468,0.9,0,2021.0,2023-03-03
ollama:gemma3:12b,D,NCT05238207,0.29,0,2022.0,2023-05-04
ollama:gemma3:12b,D,NCT05029609,0.33,0,2021.0,2022-12-31
ollama:gemma3:12b,D,NCT05083078,0.26,0,2021.0,2022-07-01
ollama:gemma3:12b,D,NCT05629364,0.48,0,2023.0,2024-01-09
ollama:gemma3:12b,D,NCT04637698,0.38,0,2021.0,2023-05-04
ollama:gemma3:12b,D,NCT04876430,0.58,0,2021.0,2022-03-07
ollama:gemma3:12b,D,NCT04861948,0.34,0,2021.0,2022-07-30
ollama:gemma3:12b,D,NCT04740931,0.75,1,2021.0,2023-07-12
ollama:gemma3:12b,D,NCT05510843,0.3,0,2022.0,2023-04-04
ollama:gemma3:12b,D,NCT04842292,0.4,0,2021.0,2021-09-04
ollama:gemma3:12b,D,NCT05162066,0.45,0,2022.0,2022-09-23
ollama:gemma3:12b,D,NCT05506930,0.6,0,2022.0,2024-05-10
ollama:gemma3:12b,D,NCT05682222,0.35,1,2022.0,2022-10-14
ollama:gemma3:12b,D,NCT05135650,0.3,0,2022.0,2023-01-10
ollama:gemma3:12b,D,NCT05238844,0.5,0,2022.0,2022-05-25
ollama:gemma3:12b,D,NCT04731298,0.55,0,2021.0,2022-04-21
ollama:gemma3:12b,D,NCT04639024,0.4,0,2021.0,2022-11-03
ollama:gemma3:12b,D,NCT05717400,0.65,0,2023.0,2024-08-29
ollama:gemma3:12b,D,NCT05155085,0.55,0,2022.0,2024-04-17
ollama:gemma3:12b,D,NCT05569512,0.3,0,2022.0,2023-12-06
ollama:gemma3:12b,D,NCT04954326,0.55,1,2021.0,2022-05-20
ollama:gemma3:12b,D,NCT04052139,0.45,1,2021.0,2021-12-15
ollama:gemma3:12b,D,NCT04325503,0.35,1,2021.0,2022-06-30
ollama:gemma3:12b,D,NCT04773587,0.75,1,2021.0,2022-08-30
ollama:gemma3:12b,D,NCT05041101,0.35,0,2021.0,2024-09-06
ollama:gemma3:12b,D,NCT05162365,0.5,0,2022.0,2022-11-18
ollama:gemma3:12b,D,NCT03095404,0.25,0,2021.0,2022-02-28
ollama:gemma3:12b,D,NCT04354103,0.4,0,2022.0,2024-01-19
ollama:gemma3:12b,D,NCT06137651,0.35,0,2023.0,2024-03-27
ollama:gemma3:12b,D,NCT05673109,0.3,0,2023.0,2023-10-08
ollama:gemma3:12b,D,NCT04737109,0.35,0,2021.0,2022-08-15
ollama:gemma3:12b,D,NCT05694013,0.5,0,2023.0,2024-07-04
ollama:gemma3:12b,D,NCT05469802,0.4,0,2024.0,2024-07-05
ollama:gemma3:12b,D,NCT05489991,0.35,0,2022.0,2023-05-03
ollama:gemma3:12b,D,NCT04497038,0.3,0,2021.0,2023-05-02
ollama:gemma3:12b,D,NCT05065411,0.55,0,2022.0,2024-01-09
ollama:gemma3:12b,D,NCT05447364,0.65,1,2021.0,2024-03-01
ollama:gemma3:12b,D,NCT05160558,0.25,0,2022.0,2023-07-25
ollama:gemma3:12b,D,NCT05198349,0.45,0,2022.0,2023-08-10
ollama:gemma3:12b,D,NCT04741204,0.75,0,2022.0,2022-09-30
ollama:gemma3:12b,D,NCT04855591,0.2,0,2021.0,2021-11-18
ollama:gemma3:12b,D,NCT04611139,0.35,0,2021.0,2024-06-30
ollama:gemma3:12b,D,NCT04475991,0.5,0,2021.0,2022-03-25
ollama:gemma3:12b,D,NCT05182840,0.7,1,2022.0,2023-07-10
ollama:gemma3:12b,D,NCT05788185,0.3,0,2023.0,2023-09-21
ollama:gemma3:12b,D,NCT04309721,0.5,0,2022.0,2023-11-13
ollama:gemma3:12b,D,NCT05760703,0.45,0,2023.0,2023-12-11
ollama:gemma3:12b,D,NCT04682366,0.8,0,2021.0,2022-11-10
ollama:gemma3:12b,D,NCT04938180,0.5,0,2021.0,2022-05-17
ollama:gemma3:12b,D,NCT06301308,0.5,0,2023.0,2024-02-29
ollama:gemma3:12b,D,NCT05609045,0.35,0,2023.0,2023-12-31
ollama:gemma3:12b,D,NCT04985825,0.45,0,2021.0,2022-08-17
ollama:gemma3:12b,D,NCT05053035,0.4,0,2021.0,2022-10-28
ollama:gemma3:12b,D,NCT05032118,0.5,0,2023.0,2023-04-27
ollama:gemma3:12b,D,NCT05835011,0.5,0,2023.0,2023-08-21
ollama:gemma3:12b,D,NCT05137002,0.55,0,2021.0,2022-10-10
ollama:gemma3:12b,D,NCT04994002,0.3,0,2021.0,2022-06-30
ollama:gemma3:12b,D,NCT05556265,0.4,0,2022.0,2024-05-16
ollama:gemma3:12b,D,NCT04629703,0.6,0,2021.0,2022-09-05
ollama:gemma3:12b,D,NCT05061992,0.3,1,2021.0,2022-11-01
ollama:gemma3:12b,D,NCT03532958,0.2,0,2021.0,2022-11-30
ollama:gemma3:12b,D,NCT05317013,0.1,0,2022.0,2022-09-22
ollama:gemma3:12b,D,NCT05475821,0.15,0,2022.0,2022-09-26
ollama:gemma3:12b,D,NCT04167618,0.25,0,2021.0,2022-08-11
ollama:gemma3:12b,D,NCT04760314,0.55,1,2021.0,2023-02-01
ollama:gemma3:12b,D,NCT06489860,0.35,0,2024.0,2024-10-04
ollama:gemma3:12b,D,NCT05344625,0.1,0,2023.0,2024-03-15
ollama:gemma3:12b,D,NCT04978298,0.2,1,2021.0,2023-02-26
ollama:gemma3:12b,D,NCT05193370,0.7,0,2022.0,2022-11-30
ollama:gemma3:12b,D,NCT05370040,0.2,0,2022.0,2024-03-11
ollama:gemma3:12b,D,NCT03952481,0.8,0,2021.0,2021-12-31
ollama:gemma3:12b,D,NCT06056596,0.05,0,2024.0,2024-09-06
ollama:gemma3:12b,D,NCT04750577,0.45,1,2021.0,2022-12-27
ollama:gemma3:12b,D,NCT04921358,0.65,0,2021.0,2023-12-20
ollama:gemma3:12b,D,NCT05035368,0.4,0,2021.0,2023-06-30
ollama:gemma3:12b,D,NCT05764239,0.5,0,2023.0,2024-03-15
ollama:gemma3:12b,D,NCT05198843,0.3,0,2022.0,2023-12-20
ollama:gemma3:12b,D,NCT05934942,0.15,0,2023.0,2024-02-08
ollama:gemma3:12b,D,NCT05260541,0.35,0,2022.0,2022-09-23
ollama:gemma3:12b,D,NCT03928275,0.3,0,2021.0,2022-09-01
ollama:gemma3:12b,D,NCT05265728,0.6,0,2022.0,2024-05-27
ollama:gemma3:12b,D,NCT04731051,0.25,0,2022.0,2022-12-31
ollama:gemma3:12b,D,NCT05283304,0.3,0,2023.0,2023-11-19
ollama:gemma3:12b,D,NCT05611853,0.25,0,2022.0,2023-12-25
ollama:gemma3:12b,D,NCT04656691,0.75,0,2021.0,2021-04-18
ollama:gemma3:12b,D,NCT05292976,0.5,0,2022.0,2022-12-31
ollama:gemma3:12b,D,NCT04862741,0.2,1,2021.0,2022-10-05
ollama:gemma3:12b,D,NCT05002114,0.25,0,2023.0,2023-01-31
ollama:gemma3:12b,D,NCT04807400,0.65,1,2021.0,2023-01-13
ollama:gemma3:12b,D,NCT05276401,0.4,0,2022.0,2022-06-15
ollama:gemma3:12b,D,NCT04231279,0.45,0,2022.0,2023-06-15
ollama:gemma3:12b,D,NCT04543955,0.35,0,2021.0,2022-06-03
ollama:gemma3:12b,D,NCT04300140,0.3,0,2021.0,2023-08-14
ollama:gemma3:12b,D,NCT05526716,0.6,1,2022.0,2023-06-21
ollama:gemma3:12b,D,NCT05977127,0.3,0,2023.0,2024-03-21
ollama:gemma3:12b,D,NCT05169931,0.15,0,2022.0,2022-05-31
ollama:gemma3:12b,D,NCT04238390,0.55,0,2022.0,2024-12-31
ollama:gemma3:12b,D,NCT04594941,0.35,1,2022.0,2022-05-26
ollama:gemma3:12b,D,NCT03999658,0.35,0,2023.0,2024-07-31
ollama:gemma3:12b,D,NCT04875975,0.4,0,2021.0,2024-04-26
ollama:gemma3:12b,D,NCT04856891,0.5,1,2021.0,2023-01-09
ollama:gemma3:12b,D,NCT05127473,0.1,1,2021.0,2022-05-14
ollama:gemma3:12b,D,NCT05226299,0.25,1,2021.0,2022-08-30
ollama:gemma3:12b,D,NCT05519527,0.25,0,2022.0,2023-02-15
ollama:gemma3:12b,D,NCT04230720,0.8,0,2021.0,2021-12-31
ollama:gemma3:12b,D,NCT05251233,0.4,0,2022.0,2024-06-27
ollama:gemma3:12b,D,NCT02588807,0.2,0,2021.0,2022-05-31
ollama:gemma3:12b,D,NCT03787082,0.3,0,2022.0,2023-12-31
ollama:gemma3:12b,D,NCT05474690,0.65,0,2022.0,2024-08-30
ollama:gemma3:12b,D,NCT04855240,0.45,1,2021.0,2022-03-14
ollama:gemma3:12b,D,NCT04505878,0.35,0,2023.0,2023-12-31
ollama:gemma3:12b,D,NCT05251376,0.3,0,2022.0,2022-12-19
ollama:gemma3:12b,D,NCT04753957,0.3,0,2022.0,2022-02-01
ollama:gemma3:12b,D,NCT05477498,0.75,0,2021.0,2022-12-31
ollama:gemma3:12b,D,NCT04752020,0.2,1,2021.0,2023-12-30
ollama:gemma3:12b,D,NCT04933916,0.4,0,2021.0,2023-05-01
ollama:gemma3:12b,D,NCT05049161,0.4,0,2021.0,2022-05-18
ollama:gemma3:12b,D,NCT04708236,0.25,0,2021.0,2021-07-31
ollama:gemma3:12b,D,NCT04480190,0.3,0,2021.0,2022-04-04
ollama:gemma3:12b,D,NCT05243524,0.4,0,2022.0,2023-08-31
ollama:gemma3:12b,D,NCT04914676,0.35,0,2022.0,2024-08-26
ollama:gemma3:12b,D,NCT04907851,0.4,0,2021.0,2023-11-30
ollama:gemma3:12b,D,NCT05993143,0.55,0,2021.0,2021-07-21
ollama:gemma3:12b,D,NCT05029856,0.15,0,2022.0,2022-08-31
ollama:gemma3:12b,D,NCT04776044,0.5,0,2021.0,2022-08-09
ollama:gemma3:12b,D,NCT05092646,0.3,0,2021.0,2023-11-10
ollama:gemma3:12b,D,NCT04891718,0.15,0,2021.0,2022-06-05
ollama:gemma3:12b,D,NCT04833959,0.3,0,2021.0,2024-03-31
ollama:gemma3:12b,D,NCT05561530,0.4,0,2022.0,2023-06-15
ollama:gemma3:12b,D,NCT05295927,0.3,0,2022.0,2022-09-30
ollama:gemma3:12b,D,NCT05072080,0.45,1,2021.0,2023-04-03
ollama:gemma3:12b,D,NCT05330013,0.6,0,2022.0,2022-06-23
ollama:gemma3:12b,D,NCT05348681,0.4,0,2022.0,2023-02-28
ollama:gemma3:12b,D,NCT04692467,0.55,1,2021.0,2023-12-30
ollama:gemma3:12b,D,NCT04631601,0.3,0,2021.0,2023-10-23
ollama:gemma3:12b,D,NCT05395052,0.35,0,2022.0,2023-08-11
ollama:gemma3:12b,D,NCT04972968,0.5,0,2021.0,2023-07-24
ollama:gemma3:12b,D,NCT05144347,0.35,0,2022.0,2022-11-01
ollama:gemma3:12b,D,NCT04771143,0.35,0,2021.0,2022-01-03
ollama:gemma3:12b,D,NCT04758949,0.45,0,2021.0,2021-12-22
ollama:gemma3:12b,D,NCT05205759,0.6,0,2021.0,2022-04-05
ollama:gemma3:12b,D,NCT04753606,0.5,1,2021.0,2021-08-30
ollama:gemma3:12b,D,NCT04764448,0.45,0,2021.0,2024-05-29
ollama:gemma3:12b,D,NCT04615949,0.55,0,2021.0,2022-11-30
ollama:gemma3:12b,D,NCT04570436,0.7,1,2021.0,2022-11-10
ollama:gemma3:12b,D,NCT04496674,0.4,0,2022.0,2023-05-03
ollama:gemma3:12b,D,NCT05069012,0.75,1,2021.0,2022-07-23
ollama:gemma3:12b,D,NCT03698448,0.5,0,2021.0,2022-11-01
ollama:gemma3:12b,D,NCT04992208,0.7,1,2021.0,2023-08-31
ollama:gemma3:12b,D,NCT04698915,0.5,0,2021.0,2023-11-30
ollama:gemma3:12b,D,NCT06003075,0.45,0,2023.0,2024-07-05
ollama:gemma3:12b,D,NCT04378244,0.4,0,2022.0,2024-07-12
ollama:gemma3:12b,D,NCT04960397,0.65,0,2021.0,2024-04-12
ollama:gemma3:12b,D,NCT04581785,0.4,0,2021.0,2023-01-10
ollama:gemma3:12b,D,NCT04873895,0.35,0,2022.0,2024-04-25
ollama:gemma3:12b,D,NCT05992922,0.45,0,2023.0,2023-12-19
ollama:gemma3:12b,D,NCT04566133,0.65,0,2022.0,2022-12-31
ollama:gemma3:12b,D,NCT05683860,0.3,0,2022.0,2023-06-30
ollama:gemma3:12b,D,NCT04899349,0.25,0,2022.0,2023-05-10
ollama:gemma3:12b,D,NCT05497284,0.25,0,2022.0,2024-09-26
ollama:gemma3:12b,D,NCT04825223,0.15,0,2021.0,2022-07-22
ollama:gemma3:12b,D,NCT04718376,0.35,0,2021.0,2023-05-22
ollama:gemma3:12b,D,NCT05239663,0.4,0,2022.0,2024-07-31
ollama:gemma3:12b,D,NCT04584034,0.2,0,2021.0,2023-04-30
ollama:gemma3:12b,D,NCT05133180,0.45,1,2022.0,2022-12-19
ollama:gemma3:12b,D,NCT05313386,0.2,0,2021.0,2022-02-21
ollama:gemma3:12b,D,NCT01280669,0.25,0,2022.0,2024-12-31
ollama:gemma3:12b,D,NCT05288283,0.5,0,2022.0,2023-09-28
ollama:gemma3:12b,D,NCT04904185,0.25,0,2021.0,2024-07-02
ollama:gemma3:12b,D,NCT05143489,0.3,0,2022.0,2024-04-17
ollama:gemma3:12b,D,NCT05120960,0.25,0,2023.0,2024-04-12
ollama:gemma3:12b,D,NCT04782245,0.25,0,2022.0,2024-04-30
ollama:gemma3:12b,D,NCT05369390,0.35,1,2022.0,2024-01-09
ollama:gemma3:12b,D,NCT05124795,0.3,0,2021.0,2023-05-31
ollama:gemma3:12b,D,NCT02432417,0.25,0,2023.0,2023-11-10
ollama:gemma3:12b,D,NCT04601610,0.3,0,2021.0,2022-05-30
ollama:gemma3:12b,D,NCT04707352,0.55,1,2021.0,2023-03-26
ollama:gemma3:12b,D,NCT04598321,0.35,0,2021.0,2022-12-06
ollama:gemma3:12b,D,NCT06187376,0.25,0,2024.0,2024-07-16
ollama:gemma3:12b,D,NCT03400306,0.3,0,2021.0,2021-11-16
ollama:gemma3:12b,D,NCT05075538,0.4,0,2021.0,2024-01-08
ollama:gemma3:12b,D,NCT04491084,0.25,0,2021.0,2022-08-18
ollama:gemma3:12b,D,NCT05320380,0.3,0,2023.0,2023-09-01
ollama:gemma3:12b,D,NCT04809012,0.55,0,2021.0,2024-06-30
ollama:gemma3:12b,D,NCT04932915,0.5,0,2021.0,2022-01-10
ollama:gemma3:12b,D,NCT04951492,0.45,0,2022.0,2023-10-15
ollama:gemma3:12b,D,NCT05201703,0.7,0,2022.0,2023-12-15
ollama:gemma3:12b,D,NCT05261490,0.35,0,2022.0,2024-02-15
ollama:gemma3:12b,D,NCT05077930,0.6,0,2022.0,2022-04-07
ollama:gemma3:12b,D,NCT05639192,0.65,0,2022.0,2023-08-18
ollama:gemma3:12b,D,NCT04536181,0.6,0,2021.0,2022-10-01
ollama:gemma3:12b,D,NCT04719832,0.68,1,2021.0,2023-11-21
ollama:gemma3:12b,D,NCT04853355,0.75,0,2022.0,2022-10-31
ollama:gemma3:12b,D,NCT05628545,0.33,0,2021.0,2024-10-31
ollama:gemma3:12b,D,NCT04732429,0.52,0,2021.0,2023-10-20
ollama:gemma3:12b,D,NCT05550363,0.67,0,2022.0,2023-09-30
ollama:gemma3:12b,D,NCT04034004,0.25,1,2021.0,2022-12-22
ollama:gemma3:12b,D,NCT05132569,0.66,0,2021.0,2023-02-21
ollama:gemma3:12b,D,NCT05553639,0.32,0,2023.0,2024-04-29
ollama:gemma3:12b,D,NCT04518137,0.57,0,2021.0,2022-05-30
ollama:gemma3:12b,D,NCT05447507,0.72,1,2022.0,2022-10-26
ollama:gemma3:12b,D,NCT04983407,0.38,0,2021.0,2023-08-14
ollama:gemma3:12b,D,NCT04952571,0.58,0,2021.0,2022-12-31
ollama:gemma3:12b,D,NCT04602117,0.4,0,2021.0,2021-11-17
ollama:gemma3:12b,D,NCT05830747,0.73,1,2022.0,2022-12-10
ollama:gemma3:12b,D,NCT04707534,0.71,1,2021.0,2022-03-04
ollama:gemma3:12b,D,NCT04782661,0.37,0,2022.0,2022-09-23
ollama:gemma3:12b,D,NCT04933240,0.4,0,2022.0,2024-12-31
ollama:gemma3:12b,D,NCT04223661,0.5,0,2021.0,2023-12-31
ollama:gemma3:12b,D,NCT05062083,0.65,0,2022.0,2024-01-30
ollama:gemma3:12b,D,NCT04372940,0.35,0,2023.0,2024-01-31
ollama:gemma3:12b,D,NCT05654870,0.6,0,2023.0,2023-11-08
ollama:gemma3:12b,D,NCT04684121,0.45,0,2022.0,2024-08-01
ollama:gemma3:12b,D,NCT04030052,0.55,0,2022.0,2023-01-19
ollama:gemma3:12b,D,NCT04650854,0.5,1,2021.0,2024-01-25
ollama:gemma3:12b,D,NCT05292755,0.3,1,2022.0,2022-07-01
ollama:gemma3:12b,D,NCT03674320,0.4,0,2021.0,2024-12-01
ollama:gemma3:12b,D,NCT05743777,0.55,0,2023.0,2023-05-12
ollama:gemma3:12b,D,NCT05411575,0.5,0,2022.0,2022-10-31
ollama:gemma3:12b,D,NCT05109650,0.2,0,2021.0,2023-03-23
ollama:gemma3:12b,D,NCT04346394,0.25,0,2021.0,2023-08-01
ollama:gemma3:12b,D,NCT05254808,0.55,0,2021.0,2022-02-14
ollama:gemma3:12b,D,NCT05286853,0.6,0,2024.0,2024-09-03
ollama:gemma3:12b,D,NCT05137717,0.65,1,2022.0,2023-06-27
ollama:gemma3:12b,D,NCT04001998,0.3,0,2021.0,2021-07-31
ollama:gemma3:12b,D,NCT04711863,0.5,0,2021.0,2021-07-31
ollama:gemma3:12b,D,NCT05157360,0.45,0,2021.0,2023-05-16
ollama:gemma3:12b,D,NCT05375604,0.35,0,2022.0,2023-05-30
ollama:gemma3:12b,D,NCT04476329,0.5,0,2021.0,2021-12-10
ollama:gemma3:12b,D,NCT05442775,0.55,0,2022.0,2023-06-07
ollama:gemma3:12b,D,NCT04521946,0.3,0,2021.0,2022-12-20
ollama:gemma3:12b,D,NCT04530877,0.35,0,2022.0,2024-09-30
ollama:gemma3:12b,D,NCT06102174,0.3,0,2024.0,2024-09-03
ollama:gemma3:12b,D,NCT04119830,0.35,0,2022.0,2024-02-01
ollama:gemma3:12b,D,NCT05016934,0.25,0,2021.0,2022-04-20
ollama:gemma3:12b,D,NCT04005989,0.4,0,2021.0,2022-12-20
ollama:gemma3:12b,D,NCT05387577,0.2,0,2021.0,2022-11-23
ollama:gemma3:12b,D,NCT04892043,0.3,0,2021.0,2023-11-02
ollama:gemma3:12b,D,NCT05304130,0.4,0,2023.0,2023-05-04
ollama:gemma3:12b,D,NCT04879823,0.5,0,2021.0,2023-07-11
ollama:gemma3:12b,D,NCT05183360,0.45,0,2022.0,2024-08-08
ollama:gemma3:12b,D,NCT05101915,0.4,0,2021.0,2024-04-23
ollama:gemma3:12b,D,NCT03992443,0.55,0,2022.0,2022-03-18
ollama:gemma3:12b,D,NCT05478252,0.6,1,2022.0,2023-09-18
ollama:gemma3:12b,D,NCT04894474,0.45,0,2021.0,2022-07-24
ollama:gemma3:12b,D,NCT05134727,0.35,1,2021.0,2023-03-31
ollama:gemma3:12b,D,NCT04648189,0.4,0,2022.0,2022-09-19
ollama:gemma3:12b,D,NCT04386252,0.35,0,2023.0,2024-01-31
ollama:gemma3:12b,D,NCT04936971,0.7,0,2021.0,2021-09-30
ollama:gemma3:12b,D,NCT05249569,0.4,0,2022.0,2022-12-30
ollama:gemma3:12b,D,NCT04869943,0.55,0,2021.0,2024-01-09
ollama:gemma3:12b,D,NCT04677426,0.4,0,2022.0,2022-08-01
ollama:gemma3:12b,D,NCT03550352,0.45,0,2021.0,2022-05-31
ollama:gemma3:12b,D,NCT05571540,0.35,0,2022.0,2024-10-31
ollama:gemma3:12b,D,NCT04895046,0.4,0,2021.0,2023-09-30
ollama:gemma3:12b,D,NCT05010954,0.6,1,2021.0,2022-09-28
ollama:gemma3:12b,D,NCT04674748,0.35,0,2021.0,2022-05-13
ollama:gemma3:12b,D,NCT05502081,0.65,1,2022.0,2022-12-28
ollama:gemma3:12b,D,NCT05097014,0.55,1,2021.0,2023-02-24
ollama:gemma3:12b,D,NCT05330689,0.45,0,2022.0,2022-09-07
ollama:gemma3:12b,D,NCT03582085,0.5,0,2022.0,2023-01-01
ollama:gemma3:12b,D,NCT04835714,0.35,0,2021.0,2022-01-18
ollama:gemma3:12b,D,NCT05399368,0.5,0,2022.0,2024-05-24
ollama:gemma3:12b,D,NCT05542095,0.3,0,2023.0,2023-05-01
ollama:gemma3:12b,D,NCT05270460,0.4,1,2022.0,2022-10-06
ollama:gemma3:12b,D,NCT03986086,0.4,0,2021.0,2023-12-31
ollama:gemma3:12b,D,NCT04846231,0.4,1,2021.0,2022-07-19
ollama:gemma3:12b,D,NCT04188639,0.55,1,2021.0,2023-01-04
ollama:gemma3:12b,D,NCT04604678,0.45,0,2021.0,2021-10-31
ollama:gemma3:12b,D,NCT05513391,0.7,0,2022.0,2023-10-03
ollama:gemma3:12b,D,NCT05664100,0.3,0,2022.0,2023-04-12
ollama:gemma3:12b,D,NCT04697056,0.45,0,2021.0,2021-11-19
ollama:gemma3:12b,D,NCT05205837,0.75,0,2021.0,2023-08-15
ollama:gemma3:12b,D,NCT04614051,0.35,0,2021.0,2022-05-10
ollama:gemma3:12b,D,NCT05540665,0.4,0,2023.0,2024-01-04
ollama:gemma3:12b,D,NCT05281562,0.5,0,2022.0,2023-03-20
ollama:gemma3:12b,D,NCT03814109,0.6,0,2022.0,2024-01-31
ollama:gemma3:12b,D,NCT05705167,0.45,0,2023.0,2024-04-19
ollama:gemma3:12b,D,NCT05359081,0.65,0,2022.0,2024-03-28
ollama:gemma3:12b,D,NCT05110781,0.5,0,2021.0,2023-04-18
ollama:gemma3:12b,D,NCT04911790,0.7,1,2021.0,2023-08-31
ollama:gemma3:12b,D,NCT05424380,0.3,0,2022.0,2024-03-04
ollama:gemma3:12b,D,NCT05492695,0.4,0,2022.0,2023-09-28
ollama:gemma3:12b,D,NCT05652907,0.55,0,2023.0,2023-05-24
ollama:gemma3:12b,D,NCT05966584,0.5,0,2023.0,2024-08-02
ollama:gemma3:12b,D,NCT04648319,0.5,0,2021.0,2022-01-17
ollama:gemma3:12b,D,NCT05738161,0.3,0,2023.0,2024-02-27
ollama:gemma3:12b,D,NCT05015972,0.2,0,2021.0,2023-12-31
ollama:gemma3:12b,D,NCT04999488,0.25,0,2023.0,2024-12-31
ollama:gemma3:12b,D,NCT04891133,0.65,0,2021.0,2023-01-23
ollama:gemma3:12b,D,NCT05731492,0.35,0,2024.0,2024-04-01
ollama:gemma3:12b,D,NCT04950114,0.55,0,2021.0,2022-11-02
ollama:gemma3:12b,D,NCT04984278,0.7,0,2021.0,2022-11-11
ollama:gemma3:12b,D,NCT04054752,0.45,0,2023.0,2023-11-01
ollama:gemma3:12b,D,NCT05457491,0.35,0,2021.0,2022-07-07
ollama:gemma3:12b,D,NCT03944902,0.4,0,2021.0,2022-01-05
ollama:gemma3:12b,D,NCT05167526,0.25,0,2022.0,2022-11-10
ollama:gemma3:12b,D,NCT04920578,0.3,0,2021.0,2023-02-27
ollama:gemma3:12b,D,NCT05021484,0.5,1,2021.0,2024-03-07
ollama:gemma3:12b,D,NCT04627831,0.6,0,2022.0,2023-04-30
ollama:gemma3:12b,D,NCT04476628,0.25,0,2021.0,2022-02-28
ollama:gemma3:12b,D,NCT04944654,0.75,0,2023.0,2023-05-11
ollama:gemma3:12b,D,NCT05665647,0.35,1,2022.0,2023-02-14
ollama:gemma3:12b,D,NCT06061081,0.6,0,2023.0,2024-11-04
ollama:gemma3:12b,D,NCT04684381,0.8,1,2021.0,2021-06-30
ollama:gemma3:12b,D,NCT05155020,0.45,0,2022.0,2022-08-05
ollama:gemma3:12b,D,NCT05141357,0.55,0,2022.0,2023-04-19
ollama:gemma3:12b,D,NCT04853329,0.3,0,2021.0,2024-12-31
ollama:gemma3:12b,D,NCT05008510,0.3,0,2021.0,2023-06-30
ollama:gemma3:12b,D,NCT04492436,0.3,0,2021.0,2024-07-31
ollama:gemma3:12b,D,NCT05757492,0.35,0,2023.0,2024-07-31
ollama:gemma3:12b,D,NCT04834973,0.4,0,2021.0,2022-07-12
ollama:gemma3:12b,D,NCT04981717,0.5,0,2021.0,2023-04-24
ollama:gemma3:12b,D,NCT04531865,0.45,0,2021.0,2022-10-01
ollama:gemma3:12b,D,NCT05039931,0.4,0,2021.0,2023-06-30
ollama:gemma3:12b,D,NCT05020665,0.55,0,2021.0,2023-03-30
ollama:gemma3:12b,D,NCT05238896,0.45,0,2022.0,2023-03-31
ollama:gemma3:12b,D,NCT05412706,0.45,0,2023.0,2023-09-04
ollama:gemma3:12b,D,NCT05227456,0.45,0,2022.0,2024-04-30
ollama:gemma3:12b,D,NCT04931511,0.5,0,2021.0,2022-09-01
ollama:gemma3:12b,D,NCT04084678,0.55,0,2021.0,2023-04-12
ollama:gemma3:12b,D,NCT05147415,0.35,0,2021.0,2022-12-09
ollama:gemma3:12b,D,NCT04849377,0.35,0,2022.0,2022-06-14
ollama:gemma3:12b,D,NCT05284019,0.5,0,2022.0,2023-04-14
ollama:gemma3:12b,D,NCT04410042,0.45,0,2021.0,2024-01-16
ollama:gemma3:12b,D,NCT04634344,0.4,0,2021.0,2022-05-05
ollama:gemma3:12b,D,NCT04947579,0.4,0,2021.0,2023-02-21
ollama:gemma3:12b,D,NCT05079360,0.3,0,2023.0,2024-05-26
ollama:gemma3:12b,D,NCT05262101,0.3,0,2022.0,2023-11-30
ollama:gemma3:12b,D,NCT05284604,0.4,0,2023.0,2023-01-31
ollama:gemma3:12b,D,NCT05233410,0.55,0,2023.0,2024-09-22
ollama:gemma3:12b,D,NCT04650399,0.3,1,2022.0,2024-02-15
ollama:gemma3:12b,D,NCT05250856,0.3,0,2022.0,2023-12-12
ollama:gemma3:12b,D,NCT05406765,0.7,1,2022.0,2022-10-07
ollama:gemma3:12b,D,NCT04459338,0.6,1,2021.0,2022-06-14
ollama:gemma3:12b,D,NCT04829214,0.5,1,2021.0,2022-06-30
ollama:gemma3:12b,D,NCT05152849,0.5,0,2021.0,2022-06-29
ollama:gemma3:12b,D,NCT05066698,0.5,0,2022.0,2022-09-07
ollama:gemma3:12b,D,NCT05111249,0.4,0,2021.0,2023-10-27
ollama:gemma3:12b,D,NCT05118763,0.4,0,2022.0,2022-12-31
ollama:gemma3:12b,D,NCT04684550,0.55,0,2021.0,2021-08-15
ollama:gemma3:12b,D,NCT06115460,0.65,1,2022.0,2023-06-15
ollama:gemma3:12b,D,NCT04386239,0.2,0,2021.0,2023-01-01
ollama:gemma3:12b,D,NCT05293509,0.55,0,2022.0,2023-09-18
ollama:gemma3:12b,D,NCT04828174,0.35,0,2021.0,2023-11-26
ollama:gemma3:12b,D,NCT04969991,0.45,0,2021.0,2022-11-22
ollama:gemma3:12b,D,NCT04557475,0.6,0,2022.0,2023-06-11
ollama:gemma3:12b,D,NCT05005910,0.4,1,2021.0,2022-12-01
ollama:gemma3:12b,D,NCT05009732,0.55,0,2021.0,2023-07-14
ollama:gemma3:12b,D,NCT03634488,0.5,1,2021.0,2022-11-09
ollama:gemma3:12b,D,NCT05110599,0.5,0,2022.0,2023-10-01
ollama:gemma3:12b,D,NCT03125187,0.35,0,2021.0,2022-11-10
ollama:gemma3:12b,D,NCT04920331,0.3,0,2021.0,2022-02-04
ollama:gemma3:12b,D,NCT04953052,0.5,0,2021.0,2022-11-30
ollama:gemma3:12b,D,NCT04037241,0.4,0,2021.0,2022-01-01
ollama:gemma3:12b,D,NCT05094050,0.3,1,2022.0,2023-03-17
ollama:gemma3:12b,D,NCT04766996,0.75,0,2021.0,2021-12-27
ollama:gemma3:12b,D,NCT04243941,0.3,0,2022.0,2024-02-07
ollama:gemma3:12b,D,NCT05027867,0.4,0,2021.0,2022-08-26
ollama:gemma3:12b,D,NCT06056310,0.2,0,2024.0,2024-08-20
ollama:gemma3:12b,D,NCT05814523,0.5,0,2024.0,2024-08-31
ollama:gemma3:12b,D,NCT05275400,0.7,1,2022.0,2024-05-15
ollama:gemma3:12b,D,NCT05214196,0.6,0,2021.0,2021-12-07
ollama:gemma3:12b,D,NCT04235322,0.5,0,2021.0,2023-04-18
ollama:gemma3:12b,D,NCT04946864,0.4,0,2021.0,2024-10-01
ollama:gemma3:12b,D,NCT04761822,0.75,1,2021.0,2022-04-27
ollama:gemma3:12b,D,NCT05038982,0.35,1,2021.0,2022-07-11
ollama:gemma3:12b,D,NCT04762225,0.25,0,2021.0,2022-10-11
ollama:gemma3:12b,D,NCT05554627,0.65,0,2023.0,2023-10-27
ollama:gemma3:12b,D,NCT04932941,0.5,1,2021.0,2022-09-05
ollama:gemma3:12b,D,NCT04880213,0.2,1,2021.0,2021-11-23
ollama:gemma3:12b,D,NCT06484881,0.55,0,2024.0,2024-10-10
ollama:gemma3:12b,D,NCT04077749,0.15,0,2021.0,2021-09-15
ollama:gemma3:12b,D,NCT04707703,0.5,0,2021.0,2021-10-25
ollama:gemma3:12b,D,NCT05074433,0.6,0,2021.0,2022-05-18
ollama:gemma3:12b,D,NCT05652660,0.25,1,2022.0,2023-03-06
ollama:gemma3:12b,D,NCT05017103,0.4,0,2021.0,2024-02-20
ollama:gemma3:12b,D,NCT04725240,0.45,1,2021.0,2022-06-28
ollama:gemma3:12b,D,NCT05283954,0.5,0,2022.0,2022-07-30
ollama:gemma3:12b,D,NCT05128773,0.55,0,2022.0,2022-10-13
ollama:gemma3:12b,D,NCT05136833,0.45,0,2021.0,2022-12-31
ollama:gemma3:12b,D,NCT04732169,0.6,0,2021.0,2021-07-09
ollama:gemma3:12b,D,NCT04907968,0.3,0,2021.0,2023-10-03
ollama:gemma3:12b,D,NCT05418673,0.5,0,2022.0,2023-07-27
ollama:gemma3:12b,D,NCT04863014,0.4,0,2021.0,2023-02-15
ollama:gemma3:12b,D,NCT04391868,0.25,0,2021.0,2021-04-28
ollama:gemma3:12b,D,NCT05405686,0.6,0,2023.0,2024-08-01
ollama:gemma3:12b,D,NCT05101122,0.35,1,2021.0,2022-04-18
ollama:gemma3:12b,D,NCT05030350,0.65,0,2021.0,2022-09-23
ollama:gemma3:12b,D,NCT05179603,0.45,0,2021.0,2024-09-06
ollama:gemma3:12b,D,NCT04120987,0.65,0,2021.0,2022-06-25
ollama:gemma3:12b,D,NCT06049329,0.3,1,2023.0,2023-12-15
ollama:gemma3:12b,D,NCT05153408,0.2,0,2022.0,2022-12-09
ollama:gemma3:12b,D,NCT04816071,0.4,0,2021.0,2021-05-01
ollama:gemma3:12b,D,NCT04786600,0.4,0,2022.0,2024-03-19
ollama:gemma3:12b,D,NCT05264922,0.4,0,2022.0,2022-07-22
ollama:gemma3:12b,D,NCT04783766,0.2,1,2021.0,2021-08-05
ollama:gemma3:12b,D,NCT04527549,0.45,0,2021.0,2024-01-08
ollama:gemma3:12b,D,NCT05059301,0.75,1,2021.0,2022-06-30
ollama:gemma3:12b,D,NCT04964388,0.4,0,2021.0,2023-07-01
ollama:gemma3:12b,D,NCT05053126,0.55,1,2021.0,2022-04-01
ollama:gemma3:12b,D,NCT05298202,0.6,1,2022.0,2022-10-01
ollama:gemma3:12b,D,NCT06021119,0.5,1,2023.0,2023-04-21
ollama:gemma3:12b,D,NCT05119712,0.2,0,2021.0,2024-10-15
ollama:gemma3:12b,D,NCT04797468,0.3,0,2022.0,2023-01-13
ollama:gemma3:12b,D,NCT04641273,0.45,0,2021.0,2021-10-18
ollama:gemma3:12b,D,NCT05013385,,0,2021.0,2022-05-31
ollama:gemma3:12b,D,NCT04764630,0.3,1,2021.0,2021-03-20
ollama:gemma3:12b,D,NCT05552859,0.75,0,2022.0,2023-08-04
ollama:gemma3:12b,D,NCT06178367,0.55,1,2023.0,2023-09-30
ollama:gemma3:12b,D,NCT04756427,0.65,0,2022.0,2023-11-28
ollama:gemma3:12b,D,NCT05362058,0.45,1,2022.0,2024-04-10
ollama:gemma3:12b,D,NCT04290871,0.4,0,2023.0,2024-04-01
ollama:gemma3:12b,D,NCT06065059,0.25,0,2023.0,2024-05-22
ollama:gemma3:12b,D,NCT03281681,0.45,0,2021.0,2022-09-30
ollama:gemma3:12b,D,NCT04898309,0.35,0,2021.0,2023-05-31
ollama:gemma3:12b,D,NCT06329687,0.7,0,2024.0,2024-02-28
ollama:gemma3:12b,D,NCT04978818,0.6,1,2022.0,2023-10-26
ollama:gemma3:12b,D,NCT03792295,0.5,0,2021.0,2022-07-01
ollama:gemma3:12b,D,NCT05525455,0.3,0,2022.0,2023-09-07
ollama:gemma3:12b,D,NCT04430283,0.55,0,2021.0,2022-03-04
ollama:gemma3:12b,D,NCT04862416,0.2,1,2021.0,2022-06-29
ollama:gemma3:12b,D,NCT04511026,0.6,0,2021.0,2021-06-10
ollama:gemma3:12b,D,NCT04934670,0.6,0,2022.0,2023-01-19
ollama:gemma3:12b,D,NCT05703555,0.5,0,2024.0,2024-02-16
ollama:gemma3:12b,D,NCT05181995,0.6,0,2021.0,2023-03-30
ollama:gemma3:12b,D,NCT04661917,0.55,0,2021.0,2022-05-19
ollama:gemma3:12b,D,NCT05076422,0.4,0,2021.0,2023-03-03
ollama:gemma3:12b,D,NCT04607252,0.5,0,2021.0,2021-06-03
ollama:gemma3:12b,D,NCT05061537,0.35,0,2021.0,2022-10-14
ollama:gemma3:12b,D,NCT04801641,0.5,0,2021.0,2023-08-14
ollama:gemma3:12b,D,NCT04963413,0.4,0,2022.0,2023-09-28
ollama:gemma3:12b,D,NCT04804254,0.3,0,2021.0,2023-01-11
ollama:gemma3:12b,D,NCT05006417,0.7,0,2022.0,2022-11-23
ollama:gemma3:12b,D,NCT06079320,0.55,0,2023.0,2024-09-30
ollama:gemma3:12b,D,NCT05099549,0.4,0,2021.0,2023-09-21
ollama:gemma3:12b,D,NCT05299580,0.5,0,2021.0,2023-03-30
ollama:gemma3:12b,D,NCT05979415,0.55,0,2023.0,2024-02-28
ollama:gemma3:12b,D,NCT05926440,0.6,0,2023.0,2023-08-17
ollama:gemma3:12b,D,NCT05043987,0.35,0,2022.0,2022-11-16
ollama:gemma3:12b,D,NCT05047640,0.5,0,2021.0,2022-10-25
ollama:gemma3:12b,D,NCT05961007,0.45,0,2021.0,2024-04-30
ollama:gemma3:12b,D,NCT05481489,0.3,0,2023.0,2023-04-24
ollama:gemma3:12b,D,NCT05516849,0.6,0,2022.0,2023-08-03
ollama:gemma3:12b,D,NCT05229900,0.3,0,2022.0,2023-12-13
ollama:gemma3:12b,D,NCT05368558,0.6,0,2022.0,2024-09-20
ollama:gemma3:12b,D,NCT02811133,0.4,0,2023.0,2023-10-04
ollama:gemma3:12b,D,NCT05544734,0.75,1,2022.0,2023-06-01
ollama:gemma3:12b,D,NCT05434091,0.35,0,2022.0,2023-03-29
ollama:gemma3:12b,D,NCT04262193,0.5,0,2021.0,2024-07-30
ollama:gemma3:12b,D,NCT06090318,0.45,0,2023.0,2023-05-30
ollama:gemma3:12b,D,NCT05517837,0.25,0,2022.0,2023-07-14
ollama:gemma3:12b,D,NCT04860466,0.3,0,2022.0,2024-07-31
ollama:gemma3:12b,D,NCT04632940,0.55,0,2021.0,2023-12-14
ollama:gemma3:12b,D,NCT04166734,0.35,0,2021.0,2023-07-25
ollama:gemma3:12b,D,NCT04630158,0.5,1,2021.0,2023-06-08
ollama:gemma3:12b,D,NCT05240560,0.5,0,2023.0,2024-02-08
ollama:gemma3:12b,D,NCT04804033,0.65,0,2021.0,2024-03-21
ollama:gemma3:12b,D,NCT05156645,0.35,0,2022.0,2022-12-01
ollama:gemma3:12b,D,NCT05226390,0.25,0,2022.0,2023-11-21
ollama:gemma3:12b,D,NCT04560309,0.45,1,2021.0,2021-11-23
ollama:gemma3:12b,D,NCT04800627,0.3,0,2021.0,2022-11-03
ollama:gemma3:12b,D,NCT04446637,0.5,0,2021.0,2022-09-03
ollama:gemma3:12b,D,NCT04161118,0.3,0,2021.0,2023-02-24
ollama:gemma3:12b,D,NCT05441930,0.35,0,2023.0,2024-03-14
ollama:gemma3:12b,D,NCT04894123,0.3,0,2022.0,2023-02-13
ollama:gemma3:12b,D,NCT04752566,0.5,1,2021.0,2022-08-03
ollama:gemma3:12b,D,NCT05008913,0.3,0,2021.0,2021-11-16
ollama:gemma3:12b,D,NCT05213143,0.75,0,2021.0,2022-11-18
ollama:gemma3:12b,D,NCT04928430,0.6,0,2021.0,2022-11-28
ollama:gemma3:12b,D,NCT04760782,0.35,0,2022.0,2023-08-14
ollama:gemma3:12b,D,NCT04991688,0.3,0,2021.0,2023-03-03
ollama:gemma3:12b,D,NCT05808881,0.8,0,2023.0,2024-05-31
ollama:gemma3:12b,D,NCT04871737,0.4,1,2021.0,2022-09-30
ollama:gemma3:12b,D,NCT04818736,0.7,0,2021.0,2021-12-31
ollama:gemma3:12b,D,NCT05437419,0.35,1,2022.0,2023-07-27
ollama:gemma3:12b,D,NCT04634253,0.55,1,2021.0,2022-06-29
ollama:gemma3:12b,D,NCT05251038,0.3,0,2022.0,2023-01-31
ollama:gemma3:12b,D,NCT04957290,0.45,0,2021.0,2023-06-07
ollama:gemma3:12b,D,NCT04536077,0.35,0,2021.0,2023-11-21
ollama:gemma3:12b,D,NCT04665921,0.4,0,2021.0,2024-03-01
ollama:gemma3:12b,D,NCT04676867,0.6,1,2021.0,2021-05-17
ollama:gemma3:12b,D,NCT05592223,0.2,0,2022.0,2023-12-01
ollama:gemma3:12b,D,NCT04788511,0.7,1,2021.0,2023-04-18
ollama:gemma3:12b,D,NCT06046482,0.3,0,2023.0,2024-08-26
ollama:gemma3:12b,D,NCT04814537,0.6,1,2021.0,2022-03-23
ollama:gemma3:12b,D,NCT05097651,0.3,0,2021.0,2023-08-31
ollama:gemma3:12b,D,NCT05546411,0.3,0,2023.0,2023-10-13
ollama:gemma3:12b,D,NCT05703464,0.5,0,2023.0,2023-03-03
ollama:gemma3:12b,D,NCT04927169,0.4,0,2021.0,2022-03-30
ollama:gemma3:12b,D,NCT04760626,0.7,1,2021.0,2022-08-29
ollama:gemma3:12b,D,NCT04736602,0.4,1,2021.0,2022-09-03
ollama:gemma3:12b,D,NCT04652479,0.3,1,2021.0,2022-06-30
ollama:gemma3:12b,D,NCT05456854,0.1,0,2022.0,2024-08-01
ollama:gemma3:12b,D,NCT05504486,0.5,0,2022.0,2023-04-05
ollama:gemma3:12b,D,NCT04770155,0.05,0,2021.0,2021-09-20
ollama:gemma3:12b,D,NCT05666453,0.5,0,2022.0,2024-07-01
ollama:gemma3:12b,D,NCT05039190,0.6,1,2021.0,2023-01-14
ollama:gemma3:12b,D,NCT03720990,0.3,1,2021.0,2023-09-30
ollama:gemma3:12b,D,NCT05260008,0.5,0,2022.0,2024-01-15
ollama:gemma3:12b,D,NCT05878704,0.2,0,2023.0,2024-07-29
ollama:gemma3:12b,D,NCT05497934,0.2,0,2022.0,2024-03-31
ollama:gemma3:12b,D,NCT05140824,0.2,0,2021.0,2022-12-14
ollama:gemma3:12b,D,NCT04387617,0.5,1,2021.0,2022-01-31
ollama:gemma3:12b,D,NCT04218825,0.3,0,2022.0,2023-04-04
ollama:gemma3:12b,D,NCT03883893,0.3,0,2021.0,2023-04-30
ollama:gemma3:12b,D,NCT06422377,0.5,0,2024.0,2024-08-14
ollama:gemma3:12b,D,NCT05006885,0.3,1,2021.0,2022-08-17
ollama:gemma3:12b,D,NCT05376319,0.4,0,2023.0,2024-05-07
ollama:gemma3:12b,D,NCT04927975,0.35,1,2021.0,2023-08-29
ollama:gemma3:12b,D,NCT05157464,0.6,0,2023.0,2024-12-31
ollama:gemma3:12b,D,NCT03602898,0.45,0,2021.0,2023-09-17
ollama:gemma3:12b,D,NCT05116046,0.5,0,2021.0,2023-03-30
ollama:gemma3:12b,D,NCT05014919,0.65,0,2021.0,2022-04-28
ollama:gemma3:12b,D,NCT04863339,0.4,0,2022.0,2022-04-30
ollama:gemma3:12b,D,NCT05095246,0.35,0,2022.0,2024-10-30
ollama:gemma3:12b,D,NCT06181227,0.55,0,2023.0,2024-04-05
ollama:gemma3:12b,D,NCT05096884,0.2,0,2022.0,2023-09-12
ollama:gemma3:12b,D,NCT05097079,0.7,0,2021.0,2023-05-31
ollama:gemma3:12b,D,NCT05222269,0.55,0,2022.0,2023-01-25
ollama:gemma3:12b,D,NCT05169437,0.6,0,2022.0,2024-08-27
ollama:gemma3:12b,D,NCT04789330,0.75,0,2021.0,2022-04-01
ollama:gemma3:12b,D,NCT04327986,0.5,0,2021.0,2022-02-03
ollama:gemma3:12b,D,NCT03326128,0.4,0,2021.0,2023-07-01
ollama:gemma3:12b,D,NCT05264506,0.7,0,2022.0,2024-01-26
ollama:gemma3:12b,D,NCT05625347,0.35,0,2023.0,2023-06-30
ollama:gemma3:12b,D,NCT04357951,0.25,0,2023.0,2024-09-30
ollama:gemma3:12b,D,NCT04864522,0.45,0,2023.0,2023-11-30
ollama:gemma3:12b,D,NCT04896541,0.35,1,2021.0,2022-06-14
ollama:gemma3:12b,D,NCT04811040,0.3,1,2021.0,2023-10-17
ollama:gemma3:12b,D,NCT05094206,0.2,0,2022.0,2024-01-29
ollama:gemma3:12b,D,NCT05165732,0.6,0,2022.0,2023-08-20
ollama:gemma3:12b,D+ID,NCT05035095,0.65,1,2021.0,2023-05-12
ollama:gemma3:12b,D+ID,NCT05744115,0.35,0,2021.0,2022-04-14
ollama:gemma3:12b,D+ID,NCT05253755,0.3,0,2021.0,2022-09-09
ollama:gemma3:12b,D+ID,NCT05003102,0.25,0,2023.0,2023-06-30
ollama:gemma3:12b,D+ID,NCT05674448,0.3,0,2021.0,2023-01-04
ollama:gemma3:12b,D+ID,NCT05695378,0.35,0,2023.0,2024-08-19
ollama:gemma3:12b,D+ID,NCT06085638,0.2,0,2023.0,2023-10-20
ollama:gemma3:12b,D+ID,NCT04320940,0.45,0,2021.0,2023-02-01
ollama:gemma3:12b,D+ID,NCT05060276,0.25,0,2022.0,2024-12-31
ollama:gemma3:12b,D+ID,NCT05622591,0.25,0,2024.0,2024-06-07
ollama:gemma3:12b,D+ID,NCT04748783,0.15,0,2021.0,2021-04-07
ollama:gemma3:12b,D+ID,NCT04406857,0.5,0,2021.0,2023-01-18
ollama:gemma3:12b,D+ID,NCT04478994,0.3,0,2021.0,2022-12-08
ollama:gemma3:12b,D+ID,NCT05607342,0.1,0,2023.0,2023-11-06
ollama:gemma3:12b,D+ID,NCT04629339,0.4,0,2021.0,2024-03-26
ollama:gemma3:12b,D+ID,NCT05139615,0.35,0,2021.0,2022-09-19
ollama:gemma3:12b,D+ID,NCT04108858,0.45,0,2021.0,2022-04-29
ollama:gemma3:12b,D+ID,NCT04355039,0.2,0,2021.0,2024-07-01
ollama:gemma3:12b,D+ID,NCT03709550,0.25,0,2021.0,2024-04-15
ollama:gemma3:12b,D+ID,NCT04243824,0.05,0,2021.0,2022-05-31
ollama:gemma3:12b,D+ID,NCT02133885,0.2,0,2023.0,2024-03-31
ollama:gemma3:12b,D+ID,NCT05044234,0.4,0,2021.0,2022-11-30
ollama:gemma3:12b,D+ID,NCT04672954,0.2,1,2021.0,2021-07-01
ollama:gemma3:12b,D+ID,NCT05098405,0.25,0,2021.0,2024-01-19
ollama:gemma3:12b,D+ID,NCT05542355,0.2,0,2023.0,2024-10-02
ollama:gemma3:12b,D+ID,NCT04631211,0.45,0,2021.0,2022-01-07
ollama:gemma3:12b,D+ID,NCT04791319,0.55,0,2021.0,2022-03-31
ollama:gemma3:12b,D+ID,NCT04200066,0.35,0,2022.0,2024-02-01
ollama:gemma3:12b,D+ID,NCT04391309,0.65,0,2021.0,2022-02-04
ollama:gemma3:12b,D+ID,NCT05563168,0.5,0,2023.0,2024-12-31
ollama:gemma3:12b,D+ID,NCT04961658,0.4,0,2021.0,2024-01-08
ollama:gemma3:12b,D+ID,NCT04625699,0.55,0,2022.0,2023-12-31
ollama:gemma3:12b,D+ID,NCT05356403,0.7,0,2022.0,2024-02-26
ollama:gemma3:12b,D+ID,NCT05378945,0.75,1,2022.0,2023-04-04
ollama:gemma3:12b,D+ID,NCT04759846,0.4,0,2021.0,2023-05-31
ollama:gemma3:12b,D+ID,NCT05767749,0.6,1,2023.0,2023-07-31
ollama:gemma3:12b,D+ID,NCT04746430,0.5,0,2021.0,2021-04-23
ollama:gemma3:12b,D+ID,NCT04773067,0.6,0,2021.0,2022-03-08
ollama:gemma3:12b,D+ID,NCT04834908,0.45,0,2021.0,2022-05-25
ollama:gemma3:12b,D+ID,NCT06281236,0.4,0,2024.0,2024-10-01
ollama:gemma3:12b,D+ID,NCT05156229,0.4,0,2021.0,2022-08-24
ollama:gemma3:12b,D+ID,NCT05266586,0.55,1,2022.0,2022-09-08
ollama:gemma3:12b,D+ID,NCT05303909,0.5,0,2022.0,2024-05-13
ollama:gemma3:12b,D+ID,NCT05178862,0.7,0,2022.0,2024-08-31
ollama:gemma3:12b,D+ID,NCT04596293,0.5,1,2021.0,2022-07-12
ollama:gemma3:12b,D+ID,NCT04588688,0.55,0,2021.0,2021-08-01
ollama:gemma3:12b,D+ID,NCT04900766,0.4,0,2021.0,2023-02-03
ollama:gemma3:12b,D+ID,NCT04709575,0.7,1,2021.0,2021-08-24
ollama:gemma3:12b,D+ID,NCT05121766,0.35,0,2022.0,2023-04-21
ollama:gemma3:12b,D+ID,NCT04521335,0.5,0,2021.0,2022-02-06
ollama:gemma3:12b,D+ID,NCT04795466,0.4,0,2021.0,2024-03-07
ollama:gemma3:12b,D+ID,NCT05085002,0.5,0,2021.0,2023-11-29
ollama:gemma3:12b,D+ID,NCT04443569,0.6,1,2021.0,2022-08-31
ollama:gemma3:12b,D+ID,NCT04644029,0.55,0,2021.0,2024-06-11
ollama:gemma3:12b,D+ID,NCT05366855,0.3,0,2022.0,2024-07-17
ollama:gemma3:12b,D+ID,NCT05494866,0.2,0,2022.0,2024-03-15
ollama:gemma3:12b,D+ID,NCT05567783,0.45,0,2022.0,2023-08-31
ollama:gemma3:12b,D+ID,NCT05077085,0.1,0,2022.0,2024-12-31
ollama:gemma3:12b,D+ID,NCT05244473,0.25,0,2022.0,2024-05-31
ollama:gemma3:12b,D+ID,NCT04263519,0.35,0,2021.0,2023-01-01
ollama:gemma3:12b,D+ID,NCT05420077,0.2,0,2022.0,2023-06-02
ollama:gemma3:12b,D+ID,NCT04358471,0.4,0,2021.0,2023-09-01
ollama:gemma3:12b,D+ID,NCT04822298,0.25,0,2021.0,2022-01-26
ollama:gemma3:12b,D+ID,NCT04834349,0.3,0,2021.0,2022-11-21
ollama:gemma3:12b,D+ID,NCT04736628,0.5,1,2021.0,2023-09-21
ollama:gemma3:12b,D+ID,NCT05064449,0.2,1,2021.0,2021-11-30
ollama:gemma3:12b,D+ID,NCT04674761,0.6,1,2021.0,2022-09-09
ollama:gemma3:12b,D+ID,NCT04498468,0.2,0,2021.0,2023-03-03
ollama:gemma3:12b,D+ID,NCT05238207,0.25,0,2022.0,2023-05-04
ollama:gemma3:12b,D+ID,NCT05029609,0.15,0,2021.0,2022-12-31
ollama:gemma3:12b,D+ID,NCT05083078,0.2,0,2021.0,2022-07-01
ollama:gemma3:12b,D+ID,NCT05629364,0.4,0,2023.0,2024-01-09
ollama:gemma3:12b,D+ID,NCT04637698,0.3,0,2021.0,2023-05-04
ollama:gemma3:12b,D+ID,NCT04876430,0.4,0,2021.0,2022-03-07
ollama:gemma3:12b,D+ID,NCT04861948,0.15,0,2021.0,2022-07-30
ollama:gemma3:12b,D+ID,NCT04740931,0.65,1,2021.0,2023-07-12
ollama:gemma3:12b,D+ID,NCT05510843,0.35,0,2022.0,2023-04-04
ollama:gemma3:12b,D+ID,NCT04842292,0.4,0,2021.0,2021-09-04
ollama:gemma3:12b,D+ID,NCT05162066,0.45,0,2022.0,2022-09-23
ollama:gemma3:12b,D+ID,NCT05506930,0.3,0,2022.0,2024-05-10
ollama:gemma3:12b,D+ID,NCT05682222,0.3,1,2022.0,2022-10-14
ollama:gemma3:12b,D+ID,NCT05135650,0.4,0,2022.0,2023-01-10
ollama:gemma3:12b,D+ID,NCT05238844,0.45,0,2022.0,2022-05-25
ollama:gemma3:12b,D+ID,NCT04731298,0.45,0,2021.0,2022-04-21
ollama:gemma3:12b,D+ID,NCT04639024,0.4,0,2021.0,2022-11-03
ollama:gemma3:12b,D+ID,NCT05717400,0.3,0,2023.0,2024-08-29
ollama:gemma3:12b,D+ID,NCT05155085,0.5,0,2022.0,2024-04-17
ollama:gemma3:12b,D+ID,NCT05569512,0.35,0,2022.0,2023-12-06
ollama:gemma3:12b,D+ID,NCT04954326,0.5,1,2021.0,2022-05-20
ollama:gemma3:12b,D+ID,NCT04052139,0.4,1,2021.0,2021-12-15
ollama:gemma3:12b,D+ID,NCT04325503,0.35,1,2021.0,2022-06-30
ollama:gemma3:12b,D+ID,NCT04773587,0.7,1,2021.0,2022-08-30
ollama:gemma3:12b,D+ID,NCT05041101,0.35,0,2021.0,2024-09-06
ollama:gemma3:12b,D+ID,NCT05162365,0.45,0,2022.0,2022-11-18
ollama:gemma3:12b,D+ID,NCT03095404,0.25,0,2021.0,2022-02-28
ollama:gemma3:12b,D+ID,NCT04354103,0.4,0,2022.0,2024-01-19
ollama:gemma3:12b,D+ID,NCT06137651,0.35,0,2023.0,2024-03-27
ollama:gemma3:12b,D+ID,NCT05673109,0.3,0,2023.0,2023-10-08
ollama:gemma3:12b,D+ID,NCT04737109,0.35,0,2021.0,2022-08-15
ollama:gemma3:12b,D+ID,NCT05694013,0.45,0,2023.0,2024-07-04
ollama:gemma3:12b,D+ID,NCT05469802,0.4,0,2024.0,2024-07-05
ollama:gemma3:12b,D+ID,NCT05489991,0.3,0,2022.0,2023-05-03
ollama:gemma3:12b,D+ID,NCT04497038,0.2,0,2021.0,2023-05-02
ollama:gemma3:12b,D+ID,NCT05065411,0.6,0,2022.0,2024-01-09
ollama:gemma3:12b,D+ID,NCT05447364,0.5,1,2021.0,2024-03-01
ollama:gemma3:12b,D+ID,NCT05160558,0.1,0,2022.0,2023-07-25
ollama:gemma3:12b,D+ID,NCT05198349,0.4,0,2022.0,2023-08-10
ollama:gemma3:12b,D+ID,NCT04741204,0.3,0,2022.0,2022-09-30
ollama:gemma3:12b,D+ID,NCT04855591,0.1,0,2021.0,2021-11-18
ollama:gemma3:12b,D+ID,NCT04611139,0.3,0,2021.0,2024-06-30
ollama:gemma3:12b,D+ID,NCT04475991,0.2,0,2021.0,2022-03-25
ollama:gemma3:12b,D+ID,NCT05182840,0.1,1,2022.0,2023-07-10
ollama:gemma3:12b,D+ID,NCT05788185,0.1,0,2023.0,2023-09-21
ollama:gemma3:12b,D+ID,NCT04309721,0.5,0,2022.0,2023-11-13
ollama:gemma3:12b,D+ID,NCT05760703,0.3,0,2023.0,2023-12-11
ollama:gemma3:12b,D+ID,NCT04682366,0.4,0,2021.0,2022-11-10
ollama:gemma3:12b,D+ID,NCT04938180,0.5,0,2021.0,2022-05-17
ollama:gemma3:12b,D+ID,NCT06301308,0.5,0,2023.0,2024-02-29
ollama:gemma3:12b,D+ID,NCT05609045,0.3,0,2023.0,2023-12-31
ollama:gemma3:12b,D+ID,NCT04985825,0.4,0,2021.0,2022-08-17
ollama:gemma3:12b,D+ID,NCT05053035,0.4,0,2021.0,2022-10-28
ollama:gemma3:12b,D+ID,NCT05032118,0.3,0,2023.0,2023-04-27
ollama:gemma3:12b,D+ID,NCT05835011,0.4,0,2023.0,2023-08-21
ollama:gemma3:12b,D+ID,NCT05137002,0.3,0,2021.0,2022-10-10
ollama:gemma3:12b,D+ID,NCT04994002,0.2,0,2021.0,2022-06-30
ollama:gemma3:12b,D+ID,NCT05556265,0.45,0,2022.0,2024-05-16
ollama:gemma3:12b,D+ID,NCT04629703,0.65,0,2021.0,2022-09-05
ollama:gemma3:12b,D+ID,NCT05061992,0.55,1,2021.0,2022-11-01
ollama:gemma3:12b,D+ID,NCT03532958,0.35,0,2021.0,2022-11-30
ollama:gemma3:12b,D+ID,NCT05317013,0.3,0,2022.0,2022-09-22
ollama:gemma3:12b,D+ID,NCT05475821,0.25,0,2022.0,2022-09-26
ollama:gemma3:12b,D+ID,NCT04167618,0.4,0,2021.0,2022-08-11
ollama:gemma3:12b,D+ID,NCT04760314,0.6,1,2021.0,2023-02-01
ollama:gemma3:12b,D+ID,NCT06489860,0.4,0,2024.0,2024-10-04
ollama:gemma3:12b,D+ID,NCT05344625,0.2,0,2023.0,2024-03-15
ollama:gemma3:12b,D+ID,NCT04978298,0.35,1,2021.0,2023-02-26
ollama:gemma3:12b,D+ID,NCT05193370,0.75,0,2022.0,2022-11-30
ollama:gemma3:12b,D+ID,NCT05370040,0.2,0,2022.0,2024-03-11
ollama:gemma3:12b,D+ID,NCT03952481,0.8,0,2021.0,2021-12-31
ollama:gemma3:12b,D+ID,NCT06056596,0.2,0,2024.0,2024-09-06
ollama:gemma3:12b,D+ID,NCT04750577,0.55,1,2021.0,2022-12-27
ollama:gemma3:12b,D+ID,NCT04921358,0.65,0,2021.0,2023-12-20
ollama:gemma3:12b,D+ID,NCT05035368,0.45,0,2021.0,2023-06-30
ollama:gemma3:12b,D+ID,NCT05764239,0.5,0,2023.0,2024-03-15
ollama:gemma3:12b,D+ID,NCT05198843,0.5,0,2022.0,2023-12-20
ollama:gemma3:12b,D+ID,NCT05934942,0.4,0,2023.0,2024-02-08
ollama:gemma3:12b,D+ID,NCT05260541,0.4,0,2022.0,2022-09-23
ollama:gemma3:12b,D+ID,NCT03928275,0.6,0,2021.0,2022-09-01
ollama:gemma3:12b,D+ID,NCT05265728,0.7,0,2022.0,2024-05-27
ollama:gemma3:12b,D+ID,NCT04731051,0.4,0,2022.0,2022-12-31
ollama:gemma3:12b,D+ID,NCT05283304,0.4,0,2023.0,2023-11-19
ollama:gemma3:12b,D+ID,NCT05611853,0.3,0,2022.0,2023-12-25
ollama:gemma3:12b,D+ID,NCT04656691,0.7,0,2021.0,2021-04-18
ollama:gemma3:12b,D+ID,NCT05292976,0.5,0,2022.0,2022-12-31
ollama:gemma3:12b,D+ID,NCT04862741,0.2,1,2021.0,2022-10-05
ollama:gemma3:12b,D+ID,NCT05002114,0.4,0,2023.0,2023-01-31
ollama:gemma3:12b,D+ID,NCT04807400,0.6,1,2021.0,2023-01-13
ollama:gemma3:12b,D+ID,NCT05276401,0.4,0,2022.0,2022-06-15
ollama:gemma3:12b,D+ID,NCT04231279,0.5,0,2022.0,2023-06-15
ollama:gemma3:12b,D+ID,NCT04543955,0.4,0,2021.0,2022-06-03
ollama:gemma3:12b,D+ID,NCT04300140,0.3,0,2021.0,2023-08-14
ollama:gemma3:12b,D+ID,NCT05526716,0.6,1,2022.0,2023-06-21
ollama:gemma3:12b,D+ID,NCT05977127,0.4,0,2023.0,2024-03-21
ollama:gemma3:12b,D+ID,NCT05169931,0.2,0,2022.0,2022-05-31
ollama:gemma3:12b,D+ID,NCT04238390,0.5,0,2022.0,2024-12-31
ollama:gemma3:12b,D+ID,NCT04594941,0.3,1,2022.0,2022-05-26
ollama:gemma3:12b,D+ID,NCT03999658,0.3,0,2023.0,2024-07-31
ollama:gemma3:12b,D+ID,NCT04875975,0.4,0,2021.0,2024-04-26
ollama:gemma3:12b,D+ID,NCT04856891,0.5,1,2021.0,2023-01-09
ollama:gemma3:12b,D+ID,NCT05127473,0.1,1,2021.0,2022-05-14
ollama:gemma3:12b,D+ID,NCT05226299,0.4,1,2021.0,2022-08-30
ollama:gemma3:12b,D+ID,NCT05519527,0.4,0,2022.0,2023-02-15
ollama:gemma3:12b,D+ID,NCT04230720,0.7,0,2021.0,2021-12-31
ollama:gemma3:12b,D+ID,NCT05251233,0.5,0,2022.0,2024-06-27
ollama:gemma3:12b,D+ID,NCT02588807,0.3,0,2021.0,2022-05-31
ollama:gemma3:12b,D+ID,NCT03787082,0.3,0,2022.0,2023-12-31
ollama:gemma3:12b,D+ID,NCT05474690,0.6,0,2022.0,2024-08-30
ollama:gemma3:12b,D+ID,NCT04855240,0.4,1,2021.0,2022-03-14
ollama:gemma3:12b,D+ID,NCT04505878,0.3,0,2023.0,2023-12-31
ollama:gemma3:12b,D+ID,NCT05251376,0.3,0,2022.0,2022-12-19
ollama:gemma3:12b,D+ID,NCT04753957,0.3,0,2022.0,2022-02-01
ollama:gemma3:12b,D+ID,NCT05477498,0.2,0,2021.0,2022-12-31
ollama:gemma3:12b,D+ID,NCT04752020,0.2,1,2021.0,2023-12-30
ollama:gemma3:12b,D+ID,NCT04933916,0.3,0,2021.0,2023-05-01
ollama:gemma3:12b,D+ID,NCT05049161,0.3,0,2021.0,2022-05-18
ollama:gemma3:12b,D+ID,NCT04708236,0.2,0,2021.0,2021-07-31
ollama:gemma3:12b,D+ID,NCT04480190,0.3,0,2021.0,2022-04-04
ollama:gemma3:12b,D+ID,NCT05243524,0.3,0,2022.0,2023-08-31
ollama:gemma3:12b,D+ID,NCT04914676,0.3,0,2022.0,2024-08-26
ollama:gemma3:12b,D+ID,NCT04907851,0.3,0,2021.0,2023-11-30
ollama:gemma3:12b,D+ID,NCT05993143,0.5,0,2021.0,2021-07-21
ollama:gemma3:12b,D+ID,NCT05029856,0.1,0,2022.0,2022-08-31
ollama:gemma3:12b,D+ID,NCT04776044,0.4,0,2021.0,2022-08-09
ollama:gemma3:12b,D+ID,NCT05092646,0.2,0,2021.0,2023-11-10
ollama:gemma3:12b,D+ID,NCT04891718,0.2,0,2021.0,2022-06-05
ollama:gemma3:12b,D+ID,NCT04833959,0.3,0,2021.0,2024-03-31
ollama:gemma3:12b,D+ID,NCT05561530,0.3,0,2022.0,2023-06-15
ollama:gemma3:12b,D+ID,NCT05295927,0.3,0,2022.0,2022-09-30
ollama:gemma3:12b,D+ID,NCT05072080,0.5,1,2021.0,2023-04-03
ollama:gemma3:12b,D+ID,NCT05330013,0.4,0,2022.0,2022-06-23
ollama:gemma3:12b,D+ID,NCT05348681,0.4,0,2022.0,2023-02-28
ollama:gemma3:12b,D+ID,NCT04692467,0.55,1,2021.0,2023-12-30
ollama:gemma3:12b,D+ID,NCT04631601,0.35,0,2021.0,2023-10-23
ollama:gemma3:12b,D+ID,NCT05395052,0.3,0,2022.0,2023-08-11
ollama:gemma3:12b,D+ID,NCT04972968,0.5,0,2021.0,2023-07-24
ollama:gemma3:12b,D+ID,NCT05144347,0.3,0,2022.0,2022-11-01
ollama:gemma3:12b,D+ID,NCT04771143,0.3,0,2021.0,2022-01-03
ollama:gemma3:12b,D+ID,NCT04758949,0.45,0,2021.0,2021-12-22
ollama:gemma3:12b,D+ID,NCT05205759,0.65,0,2021.0,2022-04-05
ollama:gemma3:12b,D+ID,NCT04753606,0.5,1,2021.0,2021-08-30
ollama:gemma3:12b,D+ID,NCT04764448,0.35,0,2021.0,2024-05-29
ollama:gemma3:12b,D+ID,NCT04615949,0.5,0,2021.0,2022-11-30
ollama:gemma3:12b,D+ID,NCT04570436,0.6,1,2021.0,2022-11-10
ollama:gemma3:12b,D+ID,NCT04496674,0.4,0,2022.0,2023-05-03
ollama:gemma3:12b,D+ID,NCT05069012,0.6,1,2021.0,2022-07-23
ollama:gemma3:12b,D+ID,NCT03698448,0.4,0,2021.0,2022-11-01
ollama:gemma3:12b,D+ID,NCT04992208,0.7,1,2021.0,2023-08-31
ollama:gemma3:12b,D+ID,NCT04698915,0.5,0,2021.0,2023-11-30
ollama:gemma3:12b,D+ID,NCT06003075,0.45,0,2023.0,2024-07-05
ollama:gemma3:12b,D+ID,NCT04378244,0.4,0,2022.0,2024-07-12
ollama:gemma3:12b,D+ID,NCT04960397,0.6,0,2021.0,2024-04-12
ollama:gemma3:12b,D+ID,NCT04581785,0.3,0,2021.0,2023-01-10
ollama:gemma3:12b,D+ID,NCT04873895,0.4,0,2022.0,2024-04-25
ollama:gemma3:12b,D+ID,NCT05992922,0.45,0,2023.0,2023-12-19
ollama:gemma3:12b,D+ID,NCT04566133,0.6,0,2022.0,2022-12-31
ollama:gemma3:12b,D+ID,NCT05683860,0.3,0,2022.0,2023-06-30
ollama:gemma3:12b,D+ID,NCT04899349,0.2,0,2022.0,2023-05-10
ollama:gemma3:12b,D+ID,NCT05497284,0.2,0,2022.0,2024-09-26
ollama:gemma3:12b,D+ID,NCT04825223,0.4,0,2021.0,2022-07-22
ollama:gemma3:12b,D+ID,NCT04718376,0.3,0,2021.0,2023-05-22
ollama:gemma3:12b,D+ID,NCT05239663,0.5,0,2022.0,2024-07-31
ollama:gemma3:12b,D+ID,NCT04584034,0.2,0,2021.0,2023-04-30
ollama:gemma3:12b,D+ID,NCT05133180,0.5,1,2022.0,2022-12-19
ollama:gemma3:12b,D+ID,NCT05313386,0.2,0,2021.0,2022-02-21
ollama:gemma3:12b,D+ID,NCT01280669,0.2,0,2022.0,2024-12-31
ollama:gemma3:12b,D+ID,NCT05288283,0.5,0,2022.0,2023-09-28
ollama:gemma3:12b,D+ID,NCT04904185,0.2,0,2021.0,2024-07-02
ollama:gemma3:12b,D+ID,NCT05143489,0.1,0,2022.0,2024-04-17
ollama:gemma3:12b,D+ID,NCT05120960,0.1,0,2023.0,2024-04-12
ollama:gemma3:12b,D+ID,NCT04782245,0.2,0,2022.0,2024-04-30
ollama:gemma3:12b,D+ID,NCT05369390,0.3,1,2022.0,2024-01-09
ollama:gemma3:12b,D+ID,NCT05124795,0.2,0,2021.0,2023-05-31
ollama:gemma3:12b,D+ID,NCT02432417,0.2,0,2023.0,2023-11-10
ollama:gemma3:12b,D+ID,NCT04601610,0.3,0,2021.0,2022-05-30
ollama:gemma3:12b,D+ID,NCT04707352,0.5,1,2021.0,2023-03-26
ollama:gemma3:12b,D+ID,NCT04598321,0.2,0,2021.0,2022-12-06
ollama:gemma3:12b,D+ID,NCT06187376,0.2,0,2024.0,2024-07-16
ollama:gemma3:12b,D+ID,NCT03400306,0.3,0,2021.0,2021-11-16
ollama:gemma3:12b,D+ID,NCT05075538,0.3,0,2021.0,2024-01-08
ollama:gemma3:12b,D+ID,NCT04491084,0.2,0,2021.0,2022-08-18
ollama:gemma3:12b,D+ID,NCT05320380,0.3,0,2023.0,2023-09-01
ollama:gemma3:12b,D+ID,NCT04809012,0.5,0,2021.0,2024-06-30
ollama:gemma3:12b,D+ID,NCT04932915,0.4,0,2021.0,2022-01-10
ollama:gemma3:12b,D+ID,NCT04951492,0.3,0,2022.0,2023-10-15
ollama:gemma3:12b,D+ID,NCT05201703,0.6,0,2022.0,2023-12-15
ollama:gemma3:12b,D+ID,NCT05261490,0.4,0,2022.0,2024-02-15
ollama:gemma3:12b,D+ID,NCT05077930,0.4,0,2022.0,2022-04-07
ollama:gemma3:12b,D+ID,NCT05639192,0.6,0,2022.0,2023-08-18
ollama:gemma3:12b,D+ID,NCT04536181,0.5,0,2021.0,2022-10-01
ollama:gemma3:12b,D+ID,NCT04719832,0.7,1,2021.0,2023-11-21
ollama:gemma3:12b,D+ID,NCT04853355,0.5,0,2022.0,2022-10-31
ollama:gemma3:12b,D+ID,NCT05628545,0.4,0,2021.0,2024-10-31
ollama:gemma3:12b,D+ID,NCT04732429,0.4,0,2021.0,2023-10-20
ollama:gemma3:12b,D+ID,NCT05550363,0.6,0,2022.0,2023-09-30
ollama:gemma3:12b,D+ID,NCT04034004,0.2,1,2021.0,2022-12-22
ollama:gemma3:12b,D+ID,NCT05132569,0.6,0,2021.0,2023-02-21
ollama:gemma3:12b,D+ID,NCT05553639,0.4,0,2023.0,2024-04-29
ollama:gemma3:12b,D+ID,NCT04518137,0.5,0,2021.0,2022-05-30
ollama:gemma3:12b,D+ID,NCT05447507,0.6,1,2022.0,2022-10-26
ollama:gemma3:12b,D+ID,NCT04983407,0.3,0,2021.0,2023-08-14
ollama:gemma3:12b,D+ID,NCT04952571,0.4,0,2021.0,2022-12-31
ollama:gemma3:12b,D+ID,NCT04602117,0.3,0,2021.0,2021-11-17
ollama:gemma3:12b,D+ID,NCT05830747,0.6,1,2022.0,2022-12-10
ollama:gemma3:12b,D+ID,NCT04707534,0.5,1,2021.0,2022-03-04
ollama:gemma3:12b,D+ID,NCT04782661,0.3,0,2022.0,2022-09-23
ollama:gemma3:12b,D+ID,NCT04933240,0.4,0,2022.0,2024-12-31
ollama:gemma3:12b,D+ID,NCT04223661,0.5,0,2021.0,2023-12-31
ollama:gemma3:12b,D+ID,NCT05062083,0.6,0,2022.0,2024-01-30
ollama:gemma3:12b,D+ID,NCT04372940,0.4,0,2023.0,2024-01-31
ollama:gemma3:12b,D+ID,NCT05654870,0.6,0,2023.0,2023-11-08
ollama:gemma3:12b,D+ID,NCT04684121,0.4,0,2022.0,2024-08-01
ollama:gemma3:12b,D+ID,NCT04030052,0.5,0,2022.0,2023-01-19
ollama:gemma3:12b,D+ID,NCT04650854,0.5,1,2021.0,2024-01-25
ollama:gemma3:12b,D+ID,NCT05292755,0.5,1,2022.0,2022-07-01
ollama:gemma3:12b,D+ID,NCT03674320,0.5,0,2021.0,2024-12-01
ollama:gemma3:12b,D+ID,NCT05743777,0.4,0,2023.0,2023-05-12
ollama:gemma3:12b,D+ID,NCT05411575,0.6,0,2022.0,2022-10-31
ollama:gemma3:12b,D+ID,NCT05109650,0.3,0,2021.0,2023-03-23
ollama:gemma3:12b,D+ID,NCT04346394,0.2,0,2021.0,2023-08-01
ollama:gemma3:12b,D+ID,NCT05254808,0.4,0,2021.0,2022-02-14
ollama:gemma3:12b,D+ID,NCT05286853,0.6,0,2024.0,2024-09-03
ollama:gemma3:12b,D+ID,NCT05137717,0.7,1,2022.0,2023-06-27
ollama:gemma3:12b,D+ID,NCT04001998,0.3,0,2021.0,2021-07-31
ollama:gemma3:12b,D+ID,NCT04711863,0.5,0,2021.0,2021-07-31
ollama:gemma3:12b,D+ID,NCT05157360,0.5,0,2021.0,2023-05-16
ollama:gemma3:12b,D+ID,NCT05375604,0.4,0,2022.0,2023-05-30
ollama:gemma3:12b,D+ID,NCT04476329,0.5,0,2021.0,2021-12-10
ollama:gemma3:12b,D+ID,NCT05442775,0.6,0,2022.0,2023-06-07
ollama:gemma3:12b,D+ID,NCT04521946,0.3,0,2021.0,2022-12-20
ollama:gemma3:12b,D+ID,NCT04530877,0.4,0,2022.0,2024-09-30
ollama:gemma3:12b,D+ID,NCT06102174,0.3,0,2024.0,2024-09-03
ollama:gemma3:12b,D+ID,NCT04119830,0.4,0,2022.0,2024-02-01
ollama:gemma3:12b,D+ID,NCT05016934,0.2,0,2021.0,2022-04-20
ollama:gemma3:12b,D+ID,NCT04005989,0.4,0,2021.0,2022-12-20
ollama:gemma3:12b,D+ID,NCT05387577,0.2,0,2021.0,2022-11-23
ollama:gemma3:12b,D+ID,NCT04892043,0.3,0,2021.0,2023-11-02
ollama:gemma3:12b,D+ID,NCT05304130,0.5,0,2023.0,2023-05-04
ollama:gemma3:12b,D+ID,NCT04879823,0.5,0,2021.0,2023-07-11
ollama:gemma3:12b,D+ID,NCT05183360,0.4,0,2022.0,2024-08-08
ollama:gemma3:12b,D+ID,NCT05101915,0.6,0,2021.0,2024-04-23
ollama:gemma3:12b,D+ID,NCT03992443,0.6,0,2022.0,2022-03-18
ollama:gemma3:12b,D+ID,NCT05478252,0.5,1,2022.0,2023-09-18
ollama:gemma3:12b,D+ID,NCT04894474,0.4,0,2021.0,2022-07-24
ollama:gemma3:12b,D+ID,NCT05134727,0.4,1,2021.0,2023-03-31
ollama:gemma3:12b,D+ID,NCT04648189,0.5,0,2022.0,2022-09-19
ollama:gemma3:12b,D+ID,NCT04386252,0.3,0,2023.0,2024-01-31
ollama:gemma3:12b,D+ID,NCT04936971,0.2,0,2021.0,2021-09-30
ollama:gemma3:12b,D+ID,NCT05249569,0.5,0,2022.0,2022-12-30
ollama:gemma3:12b,D+ID,NCT04869943,0.5,0,2021.0,2024-01-09
ollama:gemma3:12b,D+ID,NCT04677426,0.5,0,2022.0,2022-08-01
ollama:gemma3:12b,D+ID,NCT03550352,0.4,0,2021.0,2022-05-31
ollama:gemma3:12b,D+ID,NCT05571540,0.3,0,2022.0,2024-10-31
ollama:gemma3:12b,D+ID,NCT04895046,0.5,0,2021.0,2023-09-30
ollama:gemma3:12b,D+ID,NCT05010954,0.5,1,2021.0,2022-09-28
ollama:gemma3:12b,D+ID,NCT04674748,0.5,0,2021.0,2022-05-13
ollama:gemma3:12b,D+ID,NCT05502081,0.65,1,2022.0,2022-12-28
ollama:gemma3:12b,D+ID,NCT05097014,0.55,1,2021.0,2023-02-24
ollama:gemma3:12b,D+ID,NCT05330689,0.45,0,2022.0,2022-09-07
ollama:gemma3:12b,D+ID,NCT03582085,0.5,0,2022.0,2023-01-01
ollama:gemma3:12b,D+ID,NCT04835714,0.35,0,2021.0,2022-01-18
ollama:gemma3:12b,D+ID,NCT05399368,0.5,0,2022.0,2024-05-24
ollama:gemma3:12b,D+ID,NCT05542095,0.3,0,2023.0,2023-05-01
ollama:gemma3:12b,D+ID,NCT05270460,0.4,1,2022.0,2022-10-06
ollama:gemma3:12b,D+ID,NCT03986086,0.4,0,2021.0,2023-12-31
ollama:gemma3:12b,D+ID,NCT04846231,0.35,1,2021.0,2022-07-19
ollama:gemma3:12b,D+ID,NCT04188639,0.7,1,2021.0,2023-01-04
ollama:gemma3:12b,D+ID,NCT04604678,0.45,0,2021.0,2021-10-31
ollama:gemma3:12b,D+ID,NCT05513391,0.75,0,2022.0,2023-10-03
ollama:gemma3:12b,D+ID,NCT05664100,0.3,0,2022.0,2023-04-12
ollama:gemma3:12b,D+ID,NCT04697056,0.4,0,2021.0,2021-11-19
ollama:gemma3:12b,D+ID,NCT05205837,0.6,0,2021.0,2023-08-15
ollama:gemma3:12b,D+ID,NCT04614051,0.4,0,2021.0,2022-05-10
ollama:gemma3:12b,D+ID,NCT05540665,0.45,0,2023.0,2024-01-04
ollama:gemma3:12b,D+ID,NCT05281562,0.55,0,2022.0,2023-03-20
ollama:gemma3:12b,D+ID,NCT03814109,0.6,0,2022.0,2024-01-31
ollama:gemma3:12b,D+ID,NCT05705167,0.4,0,2023.0,2024-04-19
ollama:gemma3:12b,D+ID,NCT05359081,0.7,0,2022.0,2024-03-28
ollama:gemma3:12b,D+ID,NCT05110781,0.75,0,2021.0,2023-04-18
ollama:gemma3:12b,D+ID,NCT04911790,0.5,1,2021.0,2023-08-31
ollama:gemma3:12b,D+ID,NCT05424380,0.3,0,2022.0,2024-03-04
ollama:gemma3:12b,D+ID,NCT05492695,0.4,0,2022.0,2023-09-28
ollama:gemma3:12b,D+ID,NCT05652907,0.5,0,2023.0,2023-05-24
ollama:gemma3:12b,D+ID,NCT05966584,0.6,0,2023.0,2024-08-02
ollama:gemma3:12b,D+ID,NCT04648319,0.6,0,2021.0,2022-01-17
ollama:gemma3:12b,D+ID,NCT05738161,0.3,0,2023.0,2024-02-27
ollama:gemma3:12b,D+ID,NCT05015972,0.2,0,2021.0,2023-12-31
ollama:gemma3:12b,D+ID,NCT04999488,0.3,0,2023.0,2024-12-31
ollama:gemma3:12b,D+ID,NCT04891133,0.7,0,2021.0,2023-01-23
ollama:gemma3:12b,D+ID,NCT05731492,0.4,0,2024.0,2024-04-01
ollama:gemma3:12b,D+ID,NCT04950114,0.6,0,2021.0,2022-11-02
ollama:gemma3:12b,D+ID,NCT04984278,0.7,0,2021.0,2022-11-11
ollama:gemma3:12b,D+ID,NCT04054752,0.3,0,2023.0,2023-11-01
ollama:gemma3:12b,D+ID,NCT05457491,0.4,0,2021.0,2022-07-07
ollama:gemma3:12b,D+ID,NCT03944902,0.2,0,2021.0,2022-01-05
ollama:gemma3:12b,D+ID,NCT05167526,0.1,0,2022.0,2022-11-10
ollama:gemma3:12b,D+ID,NCT04920578,0.2,0,2021.0,2023-02-27
ollama:gemma3:12b,D+ID,NCT05021484,0.5,1,2021.0,2024-03-07
ollama:gemma3:12b,D+ID,NCT04627831,0.6,0,2022.0,2023-04-30
ollama:gemma3:12b,D+ID,NCT04476628,0.2,0,2021.0,2022-02-28
ollama:gemma3:12b,D+ID,NCT04944654,0.5,0,2023.0,2023-05-11
ollama:gemma3:12b,D+ID,NCT05665647,0.2,1,2022.0,2023-02-14
ollama:gemma3:12b,D+ID,NCT06061081,0.6,0,2023.0,2024-11-04
ollama:gemma3:12b,D+ID,NCT04684381,0.5,1,2021.0,2021-06-30
ollama:gemma3:12b,D+ID,NCT05155020,0.3,0,2022.0,2022-08-05
ollama:gemma3:12b,D+ID,NCT05141357,0.6,0,2022.0,2023-04-19
ollama:gemma3:12b,D+ID,NCT04853329,0.35,0,2021.0,2024-12-31
ollama:gemma3:12b,D+ID,NCT05008510,0.35,0,2021.0,2023-06-30
ollama:gemma3:12b,D+ID,NCT04492436,0.35,0,2021.0,2024-07-31
ollama:gemma3:12b,D+ID,NCT05757492,0.3,0,2023.0,2024-07-31
ollama:gemma3:12b,D+ID,NCT04834973,0.45,0,2021.0,2022-07-12
ollama:gemma3:12b,D+ID,NCT04981717,0.55,0,2021.0,2023-04-24
ollama:gemma3:12b,D+ID,NCT04531865,0.45,0,2021.0,2022-10-01
ollama:gemma3:12b,D+ID,NCT05039931,0.4,0,2021.0,2023-06-30
ollama:gemma3:12b,D+ID,NCT05020665,0.5,0,2021.0,2023-03-30
ollama:gemma3:12b,D+ID,NCT05238896,0.25,0,2022.0,2023-03-31
ollama:gemma3:12b,D+ID,NCT05412706,0.3,0,2023.0,2023-09-04
ollama:gemma3:12b,D+ID,NCT05227456,0.3,0,2022.0,2024-04-30
ollama:gemma3:12b,D+ID,NCT04931511,0.2,0,2021.0,2022-09-01
ollama:gemma3:12b,D+ID,NCT04084678,0.5,0,2021.0,2023-04-12
ollama:gemma3:12b,D+ID,NCT05147415,0.3,0,2021.0,2022-12-09
ollama:gemma3:12b,D+ID,NCT04849377,0.25,0,2022.0,2022-06-14
ollama:gemma3:12b,D+ID,NCT05284019,0.35,0,2022.0,2023-04-14
ollama:gemma3:12b,D+ID,NCT04410042,0.45,0,2021.0,2024-01-16
ollama:gemma3:12b,D+ID,NCT04634344,0.4,0,2021.0,2022-05-05
ollama:gemma3:12b,D+ID,NCT04947579,0.2,0,2021.0,2023-02-21
ollama:gemma3:12b,D+ID,NCT05079360,0.4,0,2023.0,2024-05-26
ollama:gemma3:12b,D+ID,NCT05262101,0.4,0,2022.0,2023-11-30
ollama:gemma3:12b,D+ID,NCT05284604,0.45,0,2023.0,2023-01-31
ollama:gemma3:12b,D+ID,NCT05233410,0.5,0,2023.0,2024-09-22
ollama:gemma3:12b,D+ID,NCT04650399,0.4,1,2022.0,2024-02-15
ollama:gemma3:12b,D+ID,NCT05250856,0.3,0,2022.0,2023-12-12
ollama:gemma3:12b,D+ID,NCT05406765,0.4,1,2022.0,2022-10-07
ollama:gemma3:12b,D+ID,NCT04459338,0.6,1,2021.0,2022-06-14
ollama:gemma3:12b,D+ID,NCT04829214,0.5,1,2021.0,2022-06-30
ollama:gemma3:12b,D+ID,NCT05152849,0.4,0,2021.0,2022-06-29
ollama:gemma3:12b,D+ID,NCT05066698,0.4,0,2022.0,2022-09-07
ollama:gemma3:12b,D+ID,NCT05111249,0.2,0,2021.0,2023-10-27
ollama:gemma3:12b,D+ID,NCT05118763,0.2,0,2022.0,2022-12-31
ollama:gemma3:12b,D+ID,NCT04684550,0.5,0,2021.0,2021-08-15
ollama:gemma3:12b,D+ID,NCT06115460,0.6,1,2022.0,2023-06-15
ollama:gemma3:12b,D+ID,NCT04386239,0.2,0,2021.0,2023-01-01
ollama:gemma3:12b,D+ID,NCT05293509,0.4,0,2022.0,2023-09-18
ollama:gemma3:12b,D+ID,NCT04828174,0.3,0,2021.0,2023-11-26
ollama:gemma3:12b,D+ID,NCT04969991,0.1,0,2021.0,2022-11-22
ollama:gemma3:12b,D+ID,NCT04557475,0.6,0,2022.0,2023-06-11
ollama:gemma3:12b,D+ID,NCT05005910,0.3,1,2021.0,2022-12-01
ollama:gemma3:12b,D+ID,NCT05009732,0.5,0,2021.0,2023-07-14
ollama:gemma3:12b,D+ID,NCT03634488,0.4,1,2021.0,2022-11-09
ollama:gemma3:12b,D+ID,NCT05110599,0.4,0,2022.0,2023-10-01
ollama:gemma3:12b,D+ID,NCT03125187,0.3,0,2021.0,2022-11-10
ollama:gemma3:12b,D+ID,NCT04920331,0.3,0,2021.0,2022-02-04
ollama:gemma3:12b,D+ID,NCT04953052,0.4,0,2021.0,2022-11-30
ollama:gemma3:12b,D+ID,NCT04037241,0.1,0,2021.0,2022-01-01
ollama:gemma3:12b,D+ID,NCT05094050,0.2,1,2022.0,2023-03-17
ollama:gemma3:12b,D+ID,NCT04766996,0.3,0,2021.0,2021-12-27
ollama:gemma3:12b,D+ID,NCT04243941,0.3,0,2022.0,2024-02-07
ollama:gemma3:12b,D+ID,NCT05027867,0.4,0,2021.0,2022-08-26
ollama:gemma3:12b,D+ID,NCT06056310,0.2,0,2024.0,2024-08-20
ollama:gemma3:12b,D+ID,NCT05814523,0.5,0,2024.0,2024-08-31
ollama:gemma3:12b,D+ID,NCT05275400,0.6,1,2022.0,2024-05-15
ollama:gemma3:12b,D+ID,NCT05214196,0.3,0,2021.0,2021-12-07
ollama:gemma3:12b,D+ID,NCT04235322,0.4,0,2021.0,2023-04-18
ollama:gemma3:12b,D+ID,NCT04946864,0.4,0,2021.0,2024-10-01
ollama:gemma3:12b,D+ID,NCT04761822,0.7,1,2021.0,2022-04-27
ollama:gemma3:12b,D+ID,NCT05038982,0.3,1,2021.0,2022-07-11
ollama:gemma3:12b,D+ID,NCT04762225,0.3,0,2021.0,2022-10-11
ollama:gemma3:12b,D+ID,NCT05554627,0.4,0,2023.0,2023-10-27
ollama:gemma3:12b,D+ID,NCT04932941,0.4,1,2021.0,2022-09-05
ollama:gemma3:12b,D+ID,NCT04880213,0.2,1,2021.0,2021-11-23
ollama:gemma3:12b,D+ID,NCT06484881,0.5,0,2024.0,2024-10-10
ollama:gemma3:12b,D+ID,NCT04077749,0.1,0,2021.0,2021-09-15
ollama:gemma3:12b,D+ID,NCT04707703,0.5,0,2021.0,2021-10-25
ollama:gemma3:12b,D+ID,NCT05074433,0.5,0,2021.0,2022-05-18
ollama:gemma3:12b,D+ID,NCT05652660,0.3,1,2022.0,2023-03-06
ollama:gemma3:12b,D+ID,NCT05017103,0.3,0,2021.0,2024-02-20
ollama:gemma3:12b,D+ID,NCT04725240,0.3,1,2021.0,2022-06-28
ollama:gemma3:12b,D+ID,NCT05283954,0.4,0,2022.0,2022-07-30
ollama:gemma3:12b,D+ID,NCT05128773,0.5,0,2022.0,2022-10-13
ollama:gemma3:12b,D+ID,NCT05136833,0.4,0,2021.0,2022-12-31
ollama:gemma3:12b,D+ID,NCT04732169,0.4,0,2021.0,2021-07-09
ollama:gemma3:12b,D+ID,NCT04907968,0.4,0,2021.0,2023-10-03
ollama:gemma3:12b,D+ID,NCT05418673,0.55,0,2022.0,2023-07-27
ollama:gemma3:12b,D+ID,NCT04863014,0.45,0,2021.0,2023-02-15
ollama:gemma3:12b,D+ID,NCT04391868,0.35,0,2021.0,2021-04-28
ollama:gemma3:12b,D+ID,NCT05405686,0.6,0,2023.0,2024-08-01
ollama:gemma3:12b,D+ID,NCT05101122,0.4,1,2021.0,2022-04-18
ollama:gemma3:12b,D+ID,NCT05030350,0.65,0,2021.0,2022-09-23
ollama:gemma3:12b,D+ID,NCT05179603,0.45,0,2021.0,2024-09-06
ollama:gemma3:12b,D+ID,NCT04120987,0.6,0,2021.0,2022-06-25
ollama:gemma3:12b,D+ID,NCT06049329,0.4,1,2023.0,2023-12-15
ollama:gemma3:12b,D+ID,NCT05153408,0.3,0,2022.0,2022-12-09
ollama:gemma3:12b,D+ID,NCT04816071,0.5,0,2021.0,2021-05-01
ollama:gemma3:12b,D+ID,NCT04786600,0.55,0,2022.0,2024-03-19
ollama:gemma3:12b,D+ID,NCT05264922,0.55,0,2022.0,2022-07-22
ollama:gemma3:12b,D+ID,NCT04783766,0.3,1,2021.0,2021-08-05
ollama:gemma3:12b,D+ID,NCT04527549,0.5,0,2021.0,2024-01-08
ollama:gemma3:12b,D+ID,NCT05059301,0.7,1,2021.0,2022-06-30
ollama:gemma3:12b,D+ID,NCT04964388,0.55,0,2021.0,2023-07-01
ollama:gemma3:12b,D+ID,NCT05053126,0.5,1,2021.0,2022-04-01
ollama:gemma3:12b,D+ID,NCT05298202,0.6,1,2022.0,2022-10-01
ollama:gemma3:12b,D+ID,NCT06021119,0.6,1,2023.0,2023-04-21
ollama:gemma3:12b,D+ID,NCT05119712,0.3,0,2021.0,2024-10-15
ollama:gemma3:12b,D+ID,NCT04797468,0.4,0,2022.0,2023-01-13
ollama:gemma3:12b,D+ID,NCT04641273,0.4,0,2021.0,2021-10-18
ollama:gemma3:12b,D+ID,NCT05013385,0.5,0,2021.0,2022-05-31
ollama:gemma3:12b,D+ID,NCT04764630,0.3,1,2021.0,2021-03-20
ollama:gemma3:12b,D+ID,NCT05552859,0.6,0,2022.0,2023-08-04
ollama:gemma3:12b,D+ID,NCT06178367,0.4,1,2023.0,2023-09-30
ollama:gemma3:12b,D+ID,NCT04756427,0.7,0,2022.0,2023-11-28
ollama:gemma3:12b,D+ID,NCT05362058,0.5,1,2022.0,2024-04-10
ollama:gemma3:12b,D+ID,NCT04290871,0.5,0,2023.0,2024-04-01
ollama:gemma3:12b,D+ID,NCT06065059,0.2,0,2023.0,2024-05-22
ollama:gemma3:12b,D+ID,NCT03281681,0.4,0,2021.0,2022-09-30
ollama:gemma3:12b,D+ID,NCT04898309,0.2,0,2021.0,2023-05-31
ollama:gemma3:12b,D+ID,NCT06329687,0.7,0,2024.0,2024-02-28
ollama:gemma3:12b,D+ID,NCT04978818,0.6,1,2022.0,2023-10-26
ollama:gemma3:12b,D+ID,NCT03792295,0.5,0,2021.0,2022-07-01
ollama:gemma3:12b,D+ID,NCT05525455,0.3,0,2022.0,2023-09-07
ollama:gemma3:12b,D+ID,NCT04430283,0.4,0,2021.0,2022-03-04
ollama:gemma3:12b,D+ID,NCT04862416,0.1,1,2021.0,2022-06-29
ollama:gemma3:12b,D+ID,NCT04511026,0.7,0,2021.0,2021-06-10
ollama:gemma3:12b,D+ID,NCT04934670,0.6,0,2022.0,2023-01-19
ollama:gemma3:12b,D+ID,NCT05703555,0.6,0,2024.0,2024-02-16
ollama:gemma3:12b,D+ID,NCT05181995,0.5,0,2021.0,2023-03-30
ollama:gemma3:12b,D+ID,NCT04661917,0.5,0,2021.0,2022-05-19
ollama:gemma3:12b,D+ID,NCT05076422,0.4,0,2021.0,2023-03-03
ollama:gemma3:12b,D+ID,NCT04607252,0.5,0,2021.0,2021-06-03
ollama:gemma3:12b,D+ID,NCT05061537,0.2,0,2021.0,2022-10-14
ollama:gemma3:12b,D+ID,NCT04801641,0.5,0,2021.0,2023-08-14
ollama:gemma3:12b,D+ID,NCT04963413,0.6,0,2022.0,2023-09-28
ollama:gemma3:12b,D+ID,NCT04804254,0.3,0,2021.0,2023-01-11
ollama:gemma3:12b,D+ID,NCT05006417,0.4,0,2022.0,2022-11-23
ollama:gemma3:12b,D+ID,NCT06079320,0.5,0,2023.0,2024-09-30
ollama:gemma3:12b,D+ID,NCT05099549,0.35,0,2021.0,2023-09-21
ollama:gemma3:12b,D+ID,NCT05299580,0.45,0,2021.0,2023-03-30
ollama:gemma3:12b,D+ID,NCT05979415,0.55,0,2023.0,2024-02-28
ollama:gemma3:12b,D+ID,NCT05926440,0.6,0,2023.0,2023-08-17
ollama:gemma3:12b,D+ID,NCT05043987,0.3,0,2022.0,2022-11-16
ollama:gemma3:12b,D+ID,NCT05047640,0.5,0,2021.0,2022-10-25
ollama:gemma3:12b,D+ID,NCT05961007,0.4,0,2021.0,2024-04-30
ollama:gemma3:12b,D+ID,NCT05481489,0.35,0,2023.0,2023-04-24
ollama:gemma3:12b,D+ID,NCT05516849,0.65,0,2022.0,2023-08-03
ollama:gemma3:12b,D+ID,NCT05229900,0.35,0,2022.0,2023-12-13
ollama:gemma3:12b,D+ID,NCT05368558,0.6,0,2022.0,2024-09-20
ollama:gemma3:12b,D+ID,NCT02811133,0.3,0,2023.0,2023-10-04
ollama:gemma3:12b,D+ID,NCT05544734,0.4,1,2022.0,2023-06-01
ollama:gemma3:12b,D+ID,NCT05434091,0.3,0,2022.0,2023-03-29
ollama:gemma3:12b,D+ID,NCT04262193,0.5,0,2021.0,2024-07-30
ollama:gemma3:12b,D+ID,NCT06090318,0.35,0,2023.0,2023-05-30
ollama:gemma3:12b,D+ID,NCT05517837,0.25,0,2022.0,2023-07-14
ollama:gemma3:12b,D+ID,NCT04860466,0.35,0,2022.0,2024-07-31
ollama:gemma3:12b,D+ID,NCT04632940,0.55,0,2021.0,2023-12-14
ollama:gemma3:12b,D+ID,NCT04166734,0.45,0,2021.0,2023-07-25
ollama:gemma3:12b,D+ID,NCT04630158,0.45,1,2021.0,2023-06-08
ollama:gemma3:12b,D+ID,NCT05240560,0.5,0,2023.0,2024-02-08
ollama:gemma3:12b,D+ID,NCT04804033,0.65,0,2021.0,2024-03-21
ollama:gemma3:12b,D+ID,NCT05156645,0.35,0,2022.0,2022-12-01
ollama:gemma3:12b,D+ID,NCT05226390,0.25,0,2022.0,2023-11-21
ollama:gemma3:12b,D+ID,NCT04560309,0.45,1,2021.0,2021-11-23
ollama:gemma3:12b,D+ID,NCT04800627,0.25,0,2021.0,2022-11-03
ollama:gemma3:12b,D+ID,NCT04446637,0.55,0,2021.0,2022-09-03
ollama:gemma3:12b,D+ID,NCT04161118,0.25,0,2021.0,2023-02-24
ollama:gemma3:12b,D+ID,NCT05441930,0.35,0,2023.0,2024-03-14
ollama:gemma3:12b,D+ID,NCT04894123,0.25,0,2022.0,2023-02-13
ollama:gemma3:12b,D+ID,NCT04752566,0.5,1,2021.0,2022-08-03
ollama:gemma3:12b,D+ID,NCT05008913,0.3,0,2021.0,2021-11-16
ollama:gemma3:12b,D+ID,NCT05213143,0.7,0,2021.0,2022-11-18
ollama:gemma3:12b,D+ID,NCT04928430,0.6,0,2021.0,2022-11-28
ollama:gemma3:12b,D+ID,NCT04760782,0.3,0,2022.0,2023-08-14
ollama:gemma3:12b,D+ID,NCT04991688,0.25,0,2021.0,2023-03-03
ollama:gemma3:12b,D+ID,NCT05808881,0.65,0,2023.0,2024-05-31
ollama:gemma3:12b,D+ID,NCT04871737,0.2,1,2021.0,2022-09-30
ollama:gemma3:12b,D+ID,NCT04818736,0.6,0,2021.0,2021-12-31
ollama:gemma3:12b,D+ID,NCT05437419,0.3,1,2022.0,2023-07-27
ollama:gemma3:12b,D+ID,NCT04634253,0.5,1,2021.0,2022-06-29
ollama:gemma3:12b,D+ID,NCT05251038,0.25,0,2022.0,2023-01-31
ollama:gemma3:12b,D+ID,NCT04957290,0.2,0,2021.0,2023-06-07
ollama:gemma3:12b,D+ID,NCT04536077,0.3,0,2021.0,2023-11-21
ollama:gemma3:12b,D+ID,NCT04665921,0.4,0,2021.0,2024-03-01
ollama:gemma3:12b,D+ID,NCT04676867,0.55,1,2021.0,2021-05-17
ollama:gemma3:12b,D+ID,NCT05592223,0.3,0,2022.0,2023-12-01
ollama:gemma3:12b,D+ID,NCT04788511,0.65,1,2021.0,2023-04-18
ollama:gemma3:12b,D+ID,NCT06046482,0.35,0,2023.0,2024-08-26
ollama:gemma3:12b,D+ID,NCT04814537,0.5,1,2021.0,2022-03-23
ollama:gemma3:12b,D+ID,NCT05097651,0.35,0,2021.0,2023-08-31
ollama:gemma3:12b,D+ID,NCT05546411,0.35,0,2023.0,2023-10-13
ollama:gemma3:12b,D+ID,NCT05703464,0.45,0,2023.0,2023-03-03
ollama:gemma3:12b,D+ID,NCT04927169,0.4,0,2021.0,2022-03-30
ollama:gemma3:12b,D+ID,NCT04760626,0.6,1,2021.0,2022-08-29
ollama:gemma3:12b,D+ID,NCT04736602,0.55,1,2021.0,2022-09-03
ollama:gemma3:12b,D+ID,NCT04652479,0.35,1,2021.0,2022-06-30
ollama:gemma3:12b,D+ID,NCT05456854,0.3,0,2022.0,2024-08-01
ollama:gemma3:12b,D+ID,NCT05504486,0.45,0,2022.0,2023-04-05
ollama:gemma3:12b,D+ID,NCT04770155,0.2,0,2021.0,2021-09-20
ollama:gemma3:12b,D+ID,NCT05666453,0.5,0,2022.0,2024-07-01
ollama:gemma3:12b,D+ID,NCT05039190,0.6,1,2021.0,2023-01-14
ollama:gemma3:12b,D+ID,NCT03720990,0.3,1,2021.0,2023-09-30
ollama:gemma3:12b,D+ID,NCT05260008,0.5,0,2022.0,2024-01-15
ollama:gemma3:12b,D+ID,NCT05878704,0.3,0,2023.0,2024-07-29
ollama:gemma3:12b,D+ID,NCT05497934,0.3,0,2022.0,2024-03-31
ollama:gemma3:12b,D+ID,NCT05140824,0.35,0,2021.0,2022-12-14
ollama:gemma3:12b,D+ID,NCT04387617,0.5,1,2021.0,2022-01-31
ollama:gemma3:12b,D+ID,NCT04218825,0.4,0,2022.0,2023-04-04
ollama:gemma3:12b,D+ID,NCT03883893,0.35,0,2021.0,2023-04-30
ollama:gemma3:12b,D+ID,NCT06422377,0.6,0,2024.0,2024-08-14
ollama:gemma3:12b,D+ID,NCT05006885,0.4,1,2021.0,2022-08-17
ollama:gemma3:12b,D+ID,NCT05376319,0.3,0,2023.0,2024-05-07
ollama:gemma3:12b,D+ID,NCT04927975,0.4,1,2021.0,2023-08-29
ollama:gemma3:12b,D+ID,NCT05157464,0.6,0,2023.0,2024-12-31
ollama:gemma3:12b,D+ID,NCT03602898,0.3,0,2021.0,2023-09-17
ollama:gemma3:12b,D+ID,NCT05116046,0.5,0,2021.0,2023-03-30
ollama:gemma3:12b,D+ID,NCT05014919,0.6,0,2021.0,2022-04-28
ollama:gemma3:12b,D+ID,NCT04863339,0.3,0,2022.0,2022-04-30
ollama:gemma3:12b,D+ID,NCT05095246,0.5,0,2022.0,2024-10-30
ollama:gemma3:12b,D+ID,NCT06181227,0.4,0,2023.0,2024-04-05
ollama:gemma3:12b,D+ID,NCT05096884,0.2,0,2022.0,2023-09-12
ollama:gemma3:12b,D+ID,NCT05097079,0.6,0,2021.0,2023-05-31
ollama:gemma3:12b,D+ID,NCT05222269,0.5,0,2022.0,2023-01-25
ollama:gemma3:12b,D+ID,NCT05169437,0.5,0,2022.0,2024-08-27
ollama:gemma3:12b,D+ID,NCT04789330,0.3,0,2021.0,2022-04-01
ollama:gemma3:12b,D+ID,NCT04327986,0.4,0,2021.0,2022-02-03
ollama:gemma3:12b,D+ID,NCT03326128,0.3,0,2021.0,2023-07-01
ollama:gemma3:12b,D+ID,NCT05264506,0.5,0,2022.0,2024-01-26
ollama:gemma3:12b,D+ID,NCT05625347,0.4,0,2023.0,2023-06-30
ollama:gemma3:12b,D+ID,NCT04357951,0.2,0,2023.0,2024-09-30
ollama:gemma3:12b,D+ID,NCT04864522,0.4,0,2023.0,2023-11-30
ollama:gemma3:12b,D+ID,NCT04896541,0.4,1,2021.0,2022-06-14
ollama:gemma3:12b,D+ID,NCT04811040,0.3,1,2021.0,2023-10-17
ollama:gemma3:12b,D+ID,NCT05094206,0.2,0,2022.0,2024-01-29
ollama:gemma3:12b,D+ID,NCT05165732,0.4,0,2022.0,2023-08-20
ollama:gemma3:12b,D+Tm,NCT05035095,0.65,1,2021.0,2023-05-12
ollama:gemma3:12b,D+Tm,NCT05744115,0.55,0,2021.0,2022-04-14
ollama:gemma3:12b,D+Tm,NCT05253755,0.45,0,2021.0,2022-09-09
ollama:gemma3:12b,D+Tm,NCT05003102,0.35,0,2023.0,2023-06-30
ollama:gemma3:12b,D+Tm,NCT05674448,0.4,0,2021.0,2023-01-04
ollama:gemma3:12b,D+Tm,NCT05695378,0.3,0,2023.0,2024-08-19
ollama:gemma3:12b,D+Tm,NCT06085638,0.25,0,2023.0,2023-10-20
ollama:gemma3:12b,D+Tm,NCT04320940,0.5,0,2021.0,2023-02-01
ollama:gemma3:12b,D+Tm,NCT05060276,0.2,0,2022.0,2024-12-31
ollama:gemma3:12b,D+Tm,NCT05622591,0.15,0,2024.0,2024-06-07
ollama:gemma3:12b,D+Tm,NCT04748783,0.3,0,2021.0,2021-04-07
ollama:gemma3:12b,D+Tm,NCT04406857,0.2,0,2021.0,2023-01-18
ollama:gemma3:12b,D+Tm,NCT04478994,0.35,0,2021.0,2022-12-08
ollama:gemma3:12b,D+Tm,NCT05607342,0.1,0,2023.0,2023-11-06
ollama:gemma3:12b,D+Tm,NCT04629339,0.3,0,2021.0,2024-03-26
ollama:gemma3:12b,D+Tm,NCT05139615,0.4,0,2021.0,2022-09-19
ollama:gemma3:12b,D+Tm,NCT04108858,0.25,0,2021.0,2022-04-29
ollama:gemma3:12b,D+Tm,NCT04355039,0.2,0,2021.0,2024-07-01
ollama:gemma3:12b,D+Tm,NCT03709550,0.25,0,2021.0,2024-04-15
ollama:gemma3:12b,D+Tm,NCT04243824,0.15,0,2021.0,2022-05-31
ollama:gemma3:12b,D+Tm,NCT02133885,0.35,0,2023.0,2024-03-31
ollama:gemma3:12b,D+Tm,NCT05044234,0.45,0,2021.0,2022-11-30
ollama:gemma3:12b,D+Tm,NCT04672954,0.3,1,2021.0,2021-07-01
ollama:gemma3:12b,D+Tm,NCT05098405,0.2,0,2021.0,2024-01-19
ollama:gemma3:12b,D+Tm,NCT05542355,0.35,0,2023.0,2024-10-02
ollama:gemma3:12b,D+Tm,NCT04631211,0.3,0,2021.0,2022-01-07
ollama:gemma3:12b,D+Tm,NCT04791319,0.4,0,2021.0,2022-03-31
ollama:gemma3:12b,D+Tm,NCT04200066,0.2,0,2022.0,2024-02-01
ollama:gemma3:12b,D+Tm,NCT04391309,0.5,0,2021.0,2022-02-04
ollama:gemma3:12b,D+Tm,NCT05563168,0.4,0,2023.0,2024-12-31
ollama:gemma3:12b,D+Tm,NCT04961658,0.2,0,2021.0,2024-01-08
ollama:gemma3:12b,D+Tm,NCT04625699,0.4,0,2022.0,2023-12-31
ollama:gemma3:12b,D+Tm,NCT05356403,0.6,0,2022.0,2024-02-26
ollama:gemma3:12b,D+Tm,NCT05378945,0.7,1,2022.0,2023-04-04
ollama:gemma3:12b,D+Tm,NCT04759846,0.3,0,2021.0,2023-05-31
ollama:gemma3:12b,D+Tm,NCT05767749,0.8,1,2023.0,2023-07-31
ollama:gemma3:12b,D+Tm,NCT04746430,0.6,0,2021.0,2021-04-23
ollama:gemma3:12b,D+Tm,NCT04773067,0.5,0,2021.0,2022-03-08
ollama:gemma3:12b,D+Tm,NCT04834908,0.3,0,2021.0,2022-05-25
ollama:gemma3:12b,D+Tm,NCT06281236,0.3,0,2024.0,2024-10-01
ollama:gemma3:12b,D+Tm,NCT05156229,0.3,0,2021.0,2022-08-24
ollama:gemma3:12b,D+Tm,NCT05266586,0.4,1,2022.0,2022-09-08
ollama:gemma3:12b,D+Tm,NCT05303909,0.4,0,2022.0,2024-05-13
ollama:gemma3:12b,D+Tm,NCT05178862,0.7,0,2022.0,2024-08-31
ollama:gemma3:12b,D+Tm,NCT04596293,0.5,1,2021.0,2022-07-12
ollama:gemma3:12b,D+Tm,NCT04588688,0.4,0,2021.0,2021-08-01
ollama:gemma3:12b,D+Tm,NCT04900766,0.3,0,2021.0,2023-02-03
ollama:gemma3:12b,D+Tm,NCT04709575,0.7,1,2021.0,2021-08-24
ollama:gemma3:12b,D+Tm,NCT05121766,0.4,0,2022.0,2023-04-21
ollama:gemma3:12b,D+Tm,NCT04521335,0.3,0,2021.0,2022-02-06
ollama:gemma3:12b,D+Tm,NCT04795466,0.4,0,2021.0,2024-03-07
ollama:gemma3:12b,D+Tm,NCT05085002,0.3,0,2021.0,2023-11-29
ollama:gemma3:12b,D+Tm,NCT04443569,0.5,1,2021.0,2022-08-31
ollama:gemma3:12b,D+Tm,NCT04644029,0.6,0,2021.0,2024-06-11
ollama:gemma3:12b,D+Tm,NCT05366855,0.4,0,2022.0,2024-07-17
ollama:gemma3:12b,D+Tm,NCT05494866,0.2,0,2022.0,2024-03-15
ollama:gemma3:12b,D+Tm,NCT05567783,0.5,0,2022.0,2023-08-31
ollama:gemma3:12b,D+Tm,NCT05077085,0.3,0,2022.0,2024-12-31
ollama:gemma3:12b,D+Tm,NCT05244473,0.2,0,2022.0,2024-05-31
ollama:gemma3:12b,D+Tm,NCT04263519,0.3,0,2021.0,2023-01-01
ollama:gemma3:12b,D+Tm,NCT05420077,0.3,0,2022.0,2023-06-02
ollama:gemma3:12b,D+Tm,NCT04358471,0.4,0,2021.0,2023-09-01
ollama:gemma3:12b,D+Tm,NCT04822298,0.3,0,2021.0,2022-01-26
ollama:gemma3:12b,D+Tm,NCT04834349,0.3,0,2021.0,2022-11-21
ollama:gemma3:12b,D+Tm,NCT04736628,0.5,1,2021.0,2023-09-21
ollama:gemma3:12b,D+Tm,NCT05064449,0.2,1,2021.0,2021-11-30
ollama:gemma3:12b,D+Tm,NCT04674761,0.5,1,2021.0,2022-09-09
ollama:gemma3:12b,D+Tm,NCT04498468,0.6,0,2021.0,2023-03-03
ollama:gemma3:12b,D+Tm,NCT05238207,0.3,0,2022.0,2023-05-04
ollama:gemma3:12b,D+Tm,NCT05029609,0.3,0,2021.0,2022-12-31
ollama:gemma3:12b,D+Tm,NCT05083078,0.4,0,2021.0,2022-07-01
ollama:gemma3:12b,D+Tm,NCT05629364,0.5,0,2023.0,2024-01-09
ollama:gemma3:12b,D+Tm,NCT04637698,0.3,0,2021.0,2023-05-04
ollama:gemma3:12b,D+Tm,NCT04876430,0.4,0,2021.0,2022-03-07
ollama:gemma3:12b,D+Tm,NCT04861948,0.3,0,2021.0,2022-07-30
ollama:gemma3:12b,D+Tm,NCT04740931,0.65,1,2021.0,2023-07-12
ollama:gemma3:12b,D+Tm,NCT05510843,0.35,0,2022.0,2023-04-04
ollama:gemma3:12b,D+Tm,NCT04842292,0.4,0,2021.0,2021-09-04
ollama:gemma3:12b,D+Tm,NCT05162066,0.45,0,2022.0,2022-09-23
ollama:gemma3:12b,D+Tm,NCT05506930,0.7,0,2022.0,2024-05-10
ollama:gemma3:12b,D+Tm,NCT05682222,0.3,1,2022.0,2022-10-14
ollama:gemma3:12b,D+Tm,NCT05135650,0.25,0,2022.0,2023-01-10
ollama:gemma3:12b,D+Tm,NCT05238844,0.5,0,2022.0,2022-05-25
ollama:gemma3:12b,D+Tm,NCT04731298,0.55,0,2021.0,2022-04-21
ollama:gemma3:12b,D+Tm,NCT04639024,0.4,0,2021.0,2022-11-03
ollama:gemma3:12b,D+Tm,NCT05717400,0.6,0,2023.0,2024-08-29
ollama:gemma3:12b,D+Tm,NCT05155085,0.55,0,2022.0,2024-04-17
ollama:gemma3:12b,D+Tm,NCT05569512,0.3,0,2022.0,2023-12-06
ollama:gemma3:12b,D+Tm,NCT04954326,0.5,1,2021.0,2022-05-20
ollama:gemma3:12b,D+Tm,NCT04052139,0.35,1,2021.0,2021-12-15
ollama:gemma3:12b,D+Tm,NCT04325503,0.2,1,2021.0,2022-06-30
ollama:gemma3:12b,D+Tm,NCT04773587,0.6,1,2021.0,2022-08-30
ollama:gemma3:12b,D+Tm,NCT05041101,0.25,0,2021.0,2024-09-06
ollama:gemma3:12b,D+Tm,NCT05162365,0.45,0,2022.0,2022-11-18
ollama:gemma3:12b,D+Tm,NCT03095404,0.2,0,2021.0,2022-02-28
ollama:gemma3:12b,D+Tm,NCT04354103,0.3,0,2022.0,2024-01-19
ollama:gemma3:12b,D+Tm,NCT06137651,0.35,0,2023.0,2024-03-27
ollama:gemma3:12b,D+Tm,NCT05673109,0.3,0,2023.0,2023-10-08
ollama:gemma3:12b,D+Tm,NCT04737109,0.4,0,2021.0,2022-08-15
ollama:gemma3:12b,D+Tm,NCT05694013,0.45,0,2023.0,2024-07-04
ollama:gemma3:12b,D+Tm,NCT05469802,0.4,0,2024.0,2024-07-05
ollama:gemma3:12b,D+Tm,NCT05489991,0.3,0,2022.0,2023-05-03
ollama:gemma3:12b,D+Tm,NCT04497038,0.3,0,2021.0,2023-05-02
ollama:gemma3:12b,D+Tm,NCT05065411,0.5,0,2022.0,2024-01-09
ollama:gemma3:12b,D+Tm,NCT05447364,0.6,1,2021.0,2024-03-01
ollama:gemma3:12b,D+Tm,NCT05160558,0.2,0,2022.0,2023-07-25
ollama:gemma3:12b,D+Tm,NCT05198349,0.2,0,2022.0,2023-08-10
ollama:gemma3:12b,D+Tm,NCT04741204,0.4,0,2022.0,2022-09-30
ollama:gemma3:12b,D+Tm,NCT04855591,0.3,0,2021.0,2021-11-18
ollama:gemma3:12b,D+Tm,NCT04611139,0.3,0,2021.0,2024-06-30
ollama:gemma3:12b,D+Tm,NCT04475991,0.3,0,2021.0,2022-03-25
ollama:gemma3:12b,D+Tm,NCT05182840,0.2,1,2022.0,2023-07-10
ollama:gemma3:12b,D+Tm,NCT05788185,0.2,0,2023.0,2023-09-21
ollama:gemma3:12b,D+Tm,NCT04309721,0.4,0,2022.0,2023-11-13
ollama:gemma3:12b,D+Tm,NCT05760703,0.4,0,2023.0,2023-12-11
ollama:gemma3:12b,D+Tm,NCT04682366,0.6,0,2021.0,2022-11-10
ollama:gemma3:12b,D+Tm,NCT04938180,0.4,0,2021.0,2022-05-17
ollama:gemma3:12b,D+Tm,NCT06301308,0.5,0,2023.0,2024-02-29
ollama:gemma3:12b,D+Tm,NCT05609045,0.3,0,2023.0,2023-12-31
ollama:gemma3:12b,D+Tm,NCT04985825,0.4,0,2021.0,2022-08-17
ollama:gemma3:12b,D+Tm,NCT05053035,0.3,0,2021.0,2022-10-28
ollama:gemma3:12b,D+Tm,NCT05032118,0.4,0,2023.0,2023-04-27
ollama:gemma3:12b,D+Tm,NCT05835011,0.3,0,2023.0,2023-08-21
ollama:gemma3:12b,D+Tm,NCT05137002,0.4,0,2021.0,2022-10-10
ollama:gemma3:12b,D+Tm,NCT04994002,0.3,0,2021.0,2022-06-30
ollama:gemma3:12b,D+Tm,NCT05556265,0.6,0,2022.0,2024-05-16
ollama:gemma3:12b,D+Tm,NCT04629703,0.75,0,2021.0,2022-09-05
ollama:gemma3:12b,D+Tm,NCT05061992,0.5,1,2021.0,2022-11-01
ollama:gemma3:12b,D+Tm,NCT03532958,0.4,0,2021.0,2022-11-30
ollama:gemma3:12b,D+Tm,NCT05317013,0.3,0,2022.0,2022-09-22
ollama:gemma3:12b,D+Tm,NCT05475821,0.2,0,2022.0,2022-09-26
ollama:gemma3:12b,D+Tm,NCT04167618,0.35,0,2021.0,2022-08-11
ollama:gemma3:12b,D+Tm,NCT04760314,0.65,1,2021.0,2023-02-01
ollama:gemma3:12b,D+Tm,NCT06489860,0.45,0,2024.0,2024-10-04
ollama:gemma3:12b,D+Tm,NCT05344625,0.25,0,2023.0,2024-03-15
ollama:gemma3:12b,D+Tm,NCT04978298,0.3,1,2021.0,2023-02-26
ollama:gemma3:12b,D+Tm,NCT05193370,0.7,0,2022.0,2022-11-30
ollama:gemma3:12b,D+Tm,NCT05370040,0.2,0,2022.0,2024-03-11
ollama:gemma3:12b,D+Tm,NCT03952481,0.75,0,2021.0,2021-12-31
ollama:gemma3:12b,D+Tm,NCT06056596,0.25,0,2024.0,2024-09-06
ollama:gemma3:12b,D+Tm,NCT04750577,0.55,1,2021.0,2022-12-27
ollama:gemma3:12b,D+Tm,NCT04921358,0.7,0,2021.0,2023-12-20
ollama:gemma3:12b,D+Tm,NCT05035368,0.5,0,2021.0,2023-06-30
ollama:gemma3:12b,D+Tm,NCT05764239,0.6,0,2023.0,2024-03-15
ollama:gemma3:12b,D+Tm,NCT05198843,0.3,0,2022.0,2023-12-20
ollama:gemma3:12b,D+Tm,NCT05934942,0.4,0,2023.0,2024-02-08
ollama:gemma3:12b,D+Tm,NCT05260541,0.4,0,2022.0,2022-09-23
ollama:gemma3:12b,D+Tm,NCT03928275,0.45,0,2021.0,2022-09-01
ollama:gemma3:12b,D+Tm,NCT05265728,0.6,0,2022.0,2024-05-27
ollama:gemma3:12b,D+Tm,NCT04731051,0.2,0,2022.0,2022-12-31
ollama:gemma3:12b,D+Tm,NCT05283304,0.3,0,2023.0,2023-11-19
ollama:gemma3:12b,D+Tm,NCT05611853,0.2,0,2022.0,2023-12-25
ollama:gemma3:12b,D+Tm,NCT04656691,0.6,0,2021.0,2021-04-18
ollama:gemma3:12b,D+Tm,NCT05292976,0.5,0,2022.0,2022-12-31
ollama:gemma3:12b,D+Tm,NCT04862741,0.3,1,2021.0,2022-10-05
ollama:gemma3:12b,D+Tm,NCT05002114,0.4,0,2023.0,2023-01-31
ollama:gemma3:12b,D+Tm,NCT04807400,0.6,1,2021.0,2023-01-13
ollama:gemma3:12b,D+Tm,NCT05276401,0.4,0,2022.0,2022-06-15
ollama:gemma3:12b,D+Tm,NCT04231279,0.3,0,2022.0,2023-06-15
ollama:gemma3:12b,D+Tm,NCT04543955,0.4,0,2021.0,2022-06-03
ollama:gemma3:12b,D+Tm,NCT04300140,0.2,0,2021.0,2023-08-14
ollama:gemma3:12b,D+Tm,NCT05526716,0.7,1,2022.0,2023-06-21
ollama:gemma3:12b,D+Tm,NCT05977127,0.3,0,2023.0,2024-03-21
ollama:gemma3:12b,D+Tm,NCT05169931,0.1,0,2022.0,2022-05-31
ollama:gemma3:12b,D+Tm,NCT04238390,0.5,0,2022.0,2024-12-31
ollama:gemma3:12b,D+Tm,NCT04594941,0.3,1,2022.0,2022-05-26
ollama:gemma3:12b,D+Tm,NCT03999658,0.3,0,2023.0,2024-07-31
ollama:gemma3:12b,D+Tm,NCT04875975,0.2,0,2021.0,2024-04-26
ollama:gemma3:12b,D+Tm,NCT04856891,0.4,1,2021.0,2023-01-09
ollama:gemma3:12b,D+Tm,NCT05127473,0.1,1,2021.0,2022-05-14
ollama:gemma3:12b,D+Tm,NCT05226299,0.3,1,2021.0,2022-08-30
ollama:gemma3:12b,D+Tm,NCT05519527,0.2,0,2022.0,2023-02-15
ollama:gemma3:12b,D+Tm,NCT04230720,0.6,0,2021.0,2021-12-31
ollama:gemma3:12b,D+Tm,NCT05251233,0.5,0,2022.0,2024-06-27
ollama:gemma3:12b,D+Tm,NCT02588807,0.3,0,2021.0,2022-05-31
ollama:gemma3:12b,D+Tm,NCT03787082,0.3,0,2022.0,2023-12-31
ollama:gemma3:12b,D+Tm,NCT05474690,0.4,0,2022.0,2024-08-30
ollama:gemma3:12b,D+Tm,NCT04855240,0.5,1,2021.0,2022-03-14
ollama:gemma3:12b,D+Tm,NCT04505878,0.2,0,2023.0,2023-12-31
ollama:gemma3:12b,D+Tm,NCT05251376,0.2,0,2022.0,2022-12-19
ollama:gemma3:12b,D+Tm,NCT04753957,0.1,0,2022.0,2022-02-01
ollama:gemma3:12b,D+Tm,NCT05477498,0.3,0,2021.0,2022-12-31
ollama:gemma3:12b,D+Tm,NCT04752020,0.1,1,2021.0,2023-12-30
ollama:gemma3:12b,D+Tm,NCT04933916,0.3,0,2021.0,2023-05-01
ollama:gemma3:12b,D+Tm,NCT05049161,0.6,0,2021.0,2022-05-18
ollama:gemma3:12b,D+Tm,NCT04708236,0.2,0,2021.0,2021-07-31
ollama:gemma3:12b,D+Tm,NCT04480190,0.3,0,2021.0,2022-04-04
ollama:gemma3:12b,D+Tm,NCT05243524,0.4,0,2022.0,2023-08-31
ollama:gemma3:12b,D+Tm,NCT04914676,0.4,0,2022.0,2024-08-26
ollama:gemma3:12b,D+Tm,NCT04907851,0.3,0,2021.0,2023-11-30
ollama:gemma3:12b,D+Tm,NCT05993143,0.6,0,2021.0,2021-07-21
ollama:gemma3:12b,D+Tm,NCT05029856,0.2,0,2022.0,2022-08-31
ollama:gemma3:12b,D+Tm,NCT04776044,0.4,0,2021.0,2022-08-09
ollama:gemma3:12b,D+Tm,NCT05092646,0.4,0,2021.0,2023-11-10
ollama:gemma3:12b,D+Tm,NCT04891718,0.1,0,2021.0,2022-06-05
ollama:gemma3:12b,D+Tm,NCT04833959,0.2,0,2021.0,2024-03-31
ollama:gemma3:12b,D+Tm,NCT05561530,0.5,0,2022.0,2023-06-15
ollama:gemma3:12b,D+Tm,NCT05295927,0.3,0,2022.0,2022-09-30
ollama:gemma3:12b,D+Tm,NCT05072080,0.5,1,2021.0,2023-04-03
ollama:gemma3:12b,D+Tm,NCT05330013,0.4,0,2022.0,2022-06-23
ollama:gemma3:12b,D+Tm,NCT05348681,0.3,0,2022.0,2023-02-28
ollama:gemma3:12b,D+Tm,NCT04692467,0.4,1,2021.0,2023-12-30
ollama:gemma3:12b,D+Tm,NCT04631601,0.2,0,2021.0,2023-10-23
ollama:gemma3:12b,D+Tm,NCT05395052,0.1,0,2022.0,2023-08-11
ollama:gemma3:12b,D+Tm,NCT04972968,0.5,0,2021.0,2023-07-24
ollama:gemma3:12b,D+Tm,NCT05144347,0.2,0,2022.0,2022-11-01
ollama:gemma3:12b,D+Tm,NCT04771143,0.1,0,2021.0,2022-01-03
ollama:gemma3:12b,D+Tm,NCT04758949,0.3,0,2021.0,2021-12-22
ollama:gemma3:12b,D+Tm,NCT05205759,0.4,0,2021.0,2022-04-05
ollama:gemma3:12b,D+Tm,NCT04753606,0.6,1,2021.0,2021-08-30
ollama:gemma3:12b,D+Tm,NCT04764448,0.3,0,2021.0,2024-05-29
ollama:gemma3:12b,D+Tm,NCT04615949,0.4,0,2021.0,2022-11-30
ollama:gemma3:12b,D+Tm,NCT04570436,0.7,1,2021.0,2022-11-10
ollama:gemma3:12b,D+Tm,NCT04496674,0.2,0,2022.0,2023-05-03
ollama:gemma3:12b,D+Tm,NCT05069012,0.8,1,2021.0,2022-07-23
ollama:gemma3:12b,D+Tm,NCT03698448,0.3,0,2021.0,2022-11-01
ollama:gemma3:12b,D+Tm,NCT04992208,0.9,1,2021.0,2023-08-31
ollama:gemma3:12b,D+Tm,NCT04698915,0.4,0,2021.0,2023-11-30
ollama:gemma3:12b,D+Tm,NCT06003075,0.2,0,2023.0,2024-07-05
ollama:gemma3:12b,D+Tm,NCT04378244,0.2,0,2022.0,2024-07-12
ollama:gemma3:12b,D+Tm,NCT04960397,0.6,0,2021.0,2024-04-12
ollama:gemma3:12b,D+Tm,NCT04581785,0.2,0,2021.0,2023-01-10
ollama:gemma3:12b,D+Tm,NCT04873895,0.3,0,2022.0,2024-04-25
ollama:gemma3:12b,D+Tm,NCT05992922,0.5,0,2023.0,2023-12-19
ollama:gemma3:12b,D+Tm,NCT04566133,0.2,0,2022.0,2022-12-31
ollama:gemma3:12b,D+Tm,NCT05683860,0.3,0,2022.0,2023-06-30
ollama:gemma3:12b,D+Tm,NCT04899349,0.4,0,2022.0,2023-05-10
ollama:gemma3:12b,D+Tm,NCT05497284,0.3,0,2022.0,2024-09-26
ollama:gemma3:12b,D+Tm,NCT04825223,0.2,0,2021.0,2022-07-22
ollama:gemma3:12b,D+Tm,NCT04718376,0.4,0,2021.0,2023-05-22
ollama:gemma3:12b,D+Tm,NCT05239663,0.5,0,2022.0,2024-07-31
ollama:gemma3:12b,D+Tm,NCT04584034,0.2,0,2021.0,2023-04-30
ollama:gemma3:12b,D+Tm,NCT05133180,0.6,1,2022.0,2022-12-19
ollama:gemma3:12b,D+Tm,NCT05313386,0.3,0,2021.0,2022-02-21
ollama:gemma3:12b,D+Tm,NCT01280669,0.3,0,2022.0,2024-12-31
ollama:gemma3:12b,D+Tm,NCT05288283,0.6,0,2022.0,2023-09-28
ollama:gemma3:12b,D+Tm,NCT04904185,0.3,0,2021.0,2024-07-02
ollama:gemma3:12b,D+Tm,NCT05143489,0.2,0,2022.0,2024-04-17
ollama:gemma3:12b,D+Tm,NCT05120960,0.3,0,2023.0,2024-04-12
ollama:gemma3:12b,D+Tm,NCT04782245,0.2,0,2022.0,2024-04-30
ollama:gemma3:12b,D+Tm,NCT05369390,0.4,1,2022.0,2024-01-09
ollama:gemma3:12b,D+Tm,NCT05124795,0.3,0,2021.0,2023-05-31
ollama:gemma3:12b,D+Tm,NCT02432417,0.3,0,2023.0,2023-11-10
ollama:gemma3:12b,D+Tm,NCT04601610,0.4,0,2021.0,2022-05-30
ollama:gemma3:12b,D+Tm,NCT04707352,0.5,1,2021.0,2023-03-26
ollama:gemma3:12b,D+Tm,NCT04598321,0.3,0,2021.0,2022-12-06
ollama:gemma3:12b,D+Tm,NCT06187376,0.3,0,2024.0,2024-07-16
ollama:gemma3:12b,D+Tm,NCT03400306,0.4,0,2021.0,2021-11-16
ollama:gemma3:12b,D+Tm,NCT05075538,0.5,0,2021.0,2024-01-08
ollama:gemma3:12b,D+Tm,NCT04491084,0.2,0,2021.0,2022-08-18
ollama:gemma3:12b,D+Tm,NCT05320380,0.3,0,2023.0,2023-09-01
ollama:gemma3:12b,D+Tm,NCT04809012,0.4,0,2021.0,2024-06-30
ollama:gemma3:12b,D+Tm,NCT04932915,0.5,0,2021.0,2022-01-10
ollama:gemma3:12b,D+Tm,NCT04951492,0.3,0,2022.0,2023-10-15
ollama:gemma3:12b,D+Tm,NCT05201703,0.6,0,2022.0,2023-12-15
ollama:gemma3:12b,D+Tm,NCT05261490,0.3,0,2022.0,2024-02-15
ollama:gemma3:12b,D+Tm,NCT05077930,0.4,0,2022.0,2022-04-07
ollama:gemma3:12b,D+Tm,NCT05639192,0.5,0,2022.0,2023-08-18
ollama:gemma3:12b,D+Tm,NCT04536181,0.7,0,2021.0,2022-10-01
ollama:gemma3:12b,D+Tm,NCT04719832,0.6,1,2021.0,2023-11-21
ollama:gemma3:12b,D+Tm,NCT04853355,0.5,0,2022.0,2022-10-31
ollama:gemma3:12b,D+Tm,NCT05628545,0.2,0,2021.0,2024-10-31
ollama:gemma3:12b,D+Tm,NCT04732429,0.4,0,2021.0,2023-10-20
ollama:gemma3:12b,D+Tm,NCT05550363,0.7,0,2022.0,2023-09-30
ollama:gemma3:12b,D+Tm,NCT04034004,0.2,1,2021.0,2022-12-22
ollama:gemma3:12b,D+Tm,NCT05132569,0.6,0,2021.0,2023-02-21
ollama:gemma3:12b,D+Tm,NCT05553639,0.3,0,2023.0,2024-04-29
ollama:gemma3:12b,D+Tm,NCT04518137,0.4,0,2021.0,2022-05-30
ollama:gemma3:12b,D+Tm,NCT05447507,0.6,1,2022.0,2022-10-26
ollama:gemma3:12b,D+Tm,NCT04983407,0.3,0,2021.0,2023-08-14
ollama:gemma3:12b,D+Tm,NCT04952571,0.4,0,2021.0,2022-12-31
ollama:gemma3:12b,D+Tm,NCT04602117,0.2,0,2021.0,2021-11-17
ollama:gemma3:12b,D+Tm,NCT05830747,0.7,1,2022.0,2022-12-10
ollama:gemma3:12b,D+Tm,NCT04707534,0.5,1,2021.0,2022-03-04
ollama:gemma3:12b,D+Tm,NCT04782661,0.2,0,2022.0,2022-09-23
ollama:gemma3:12b,D+Tm,NCT04933240,0.3,0,2022.0,2024-12-31
ollama:gemma3:12b,D+Tm,NCT04223661,0.4,0,2021.0,2023-12-31
ollama:gemma3:12b,D+Tm,NCT05062083,0.5,0,2022.0,2024-01-30
ollama:gemma3:12b,D+Tm,NCT04372940,0.6,0,2023.0,2024-01-31
ollama:gemma3:12b,D+Tm,NCT05654870,0.65,0,2023.0,2023-11-08
ollama:gemma3:12b,D+Tm,NCT04684121,0.55,0,2022.0,2024-08-01
ollama:gemma3:12b,D+Tm,NCT04030052,0.5,0,2022.0,2023-01-19
ollama:gemma3:12b,D+Tm,NCT04650854,0.6,1,2021.0,2024-01-25
ollama:gemma3:12b,D+Tm,NCT05292755,0.45,1,2022.0,2022-07-01
ollama:gemma3:12b,D+Tm,NCT03674320,0.5,0,2021.0,2024-12-01
ollama:gemma3:12b,D+Tm,NCT05743777,0.4,0,2023.0,2023-05-12
ollama:gemma3:12b,D+Tm,NCT05411575,0.55,0,2022.0,2022-10-31
ollama:gemma3:12b,D+Tm,NCT05109650,0.35,0,2021.0,2023-03-23
ollama:gemma3:12b,D+Tm,NCT04346394,0.2,0,2021.0,2023-08-01
ollama:gemma3:12b,D+Tm,NCT05254808,0.65,0,2021.0,2022-02-14
ollama:gemma3:12b,D+Tm,NCT05286853,0.6,0,2024.0,2024-09-03
ollama:gemma3:12b,D+Tm,NCT05137717,0.7,1,2022.0,2023-06-27
ollama:gemma3:12b,D+Tm,NCT04001998,0.4,0,2021.0,2021-07-31
ollama:gemma3:12b,D+Tm,NCT04711863,0.5,0,2021.0,2021-07-31
ollama:gemma3:12b,D+Tm,NCT05157360,0.45,0,2021.0,2023-05-16
ollama:gemma3:12b,D+Tm,NCT05375604,0.3,0,2022.0,2023-05-30
ollama:gemma3:12b,D+Tm,NCT04476329,0.5,0,2021.0,2021-12-10
ollama:gemma3:12b,D+Tm,NCT05442775,0.75,0,2022.0,2023-06-07
ollama:gemma3:12b,D+Tm,NCT04521946,0.3,0,2021.0,2022-12-20
ollama:gemma3:12b,D+Tm,NCT04530877,0.55,0,2022.0,2024-09-30
ollama:gemma3:12b,D+Tm,NCT06102174,0.3,0,2024.0,2024-09-03
ollama:gemma3:12b,D+Tm,NCT04119830,0.2,0,2022.0,2024-02-01
ollama:gemma3:12b,D+Tm,NCT05016934,0.4,0,2021.0,2022-04-20
ollama:gemma3:12b,D+Tm,NCT04005989,0.1,0,2021.0,2022-12-20
ollama:gemma3:12b,D+Tm,NCT05387577,0.2,0,2021.0,2022-11-23
ollama:gemma3:12b,D+Tm,NCT04892043,0.3,0,2021.0,2023-11-02
ollama:gemma3:12b,D+Tm,NCT05304130,0.6,0,2023.0,2023-05-04
ollama:gemma3:12b,D+Tm,NCT04879823,0.5,0,2021.0,2023-07-11
ollama:gemma3:12b,D+Tm,NCT05183360,0.6,0,2022.0,2024-08-08
ollama:gemma3:12b,D+Tm,NCT05101915,0.4,0,2021.0,2024-04-23
ollama:gemma3:12b,D+Tm,NCT03992443,0.7,0,2022.0,2022-03-18
ollama:gemma3:12b,D+Tm,NCT05478252,0.6,1,2022.0,2023-09-18
ollama:gemma3:12b,D+Tm,NCT04894474,0.4,0,2021.0,2022-07-24
ollama:gemma3:12b,D+Tm,NCT05134727,0.7,1,2021.0,2023-03-31
ollama:gemma3:12b,D+Tm,NCT04648189,0.3,0,2022.0,2022-09-19
ollama:gemma3:12b,D+Tm,NCT04386252,0.2,0,2023.0,2024-01-31
ollama:gemma3:12b,D+Tm,NCT04936971,0.4,0,2021.0,2021-09-30
ollama:gemma3:12b,D+Tm,NCT05249569,0.3,0,2022.0,2022-12-30
ollama:gemma3:12b,D+Tm,NCT04869943,0.6,0,2021.0,2024-01-09
ollama:gemma3:12b,D+Tm,NCT04677426,0.4,0,2022.0,2022-08-01
ollama:gemma3:12b,D+Tm,NCT03550352,0.3,0,2021.0,2022-05-31
ollama:gemma3:12b,D+Tm,NCT05571540,0.2,0,2022.0,2024-10-31
ollama:gemma3:12b,D+Tm,NCT04895046,0.3,0,2021.0,2023-09-30
ollama:gemma3:12b,D+Tm,NCT05010954,0.7,1,2021.0,2022-09-28
ollama:gemma3:12b,D+Tm,NCT04674748,0.7,0,2021.0,2022-05-13
ollama:gemma3:12b,D+Tm,NCT05502081,0.4,1,2022.0,2022-12-28
ollama:gemma3:12b,D+Tm,NCT05097014,0.3,1,2021.0,2023-02-24
ollama:gemma3:12b,D+Tm,NCT05330689,0.2,0,2022.0,2022-09-07
ollama:gemma3:12b,D+Tm,NCT03582085,0.3,0,2022.0,2023-01-01
ollama:gemma3:12b,D+Tm,NCT04835714,0.2,0,2021.0,2022-01-18
ollama:gemma3:12b,D+Tm,NCT05399368,0.5,0,2022.0,2024-05-24
ollama:gemma3:12b,D+Tm,NCT05542095,0.2,0,2023.0,2023-05-01
ollama:gemma3:12b,D+Tm,NCT05270460,0.4,1,2022.0,2022-10-06
ollama:gemma3:12b,D+Tm,NCT03986086,0.3,0,2021.0,2023-12-31
ollama:gemma3:12b,D+Tm,NCT04846231,0.1,1,2021.0,2022-07-19
ollama:gemma3:12b,D+Tm,NCT04188639,0.3,1,2021.0,2023-01-04
ollama:gemma3:12b,D+Tm,NCT04604678,0.3,0,2021.0,2021-10-31
ollama:gemma3:12b,D+Tm,NCT05513391,0.6,0,2022.0,2023-10-03
ollama:gemma3:12b,D+Tm,NCT05664100,0.2,0,2022.0,2023-04-12
ollama:gemma3:12b,D+Tm,NCT04697056,0.4,0,2021.0,2021-11-19
ollama:gemma3:12b,D+Tm,NCT05205837,0.3,0,2021.0,2023-08-15
ollama:gemma3:12b,D+Tm,NCT04614051,0.2,0,2021.0,2022-05-10
ollama:gemma3:12b,D+Tm,NCT05540665,0.4,0,2023.0,2024-01-04
ollama:gemma3:12b,D+Tm,NCT05281562,0.3,0,2022.0,2023-03-20
ollama:gemma3:12b,D+Tm,NCT03814109,0.6,0,2022.0,2024-01-31
ollama:gemma3:12b,D+Tm,NCT05705167,0.3,0,2023.0,2024-04-19
ollama:gemma3:12b,D+Tm,NCT05359081,0.7,0,2022.0,2024-03-28
ollama:gemma3:12b,D+Tm,NCT05110781,0.3,0,2021.0,2023-04-18
ollama:gemma3:12b,D+Tm,NCT04911790,0.7,1,2021.0,2023-08-31
ollama:gemma3:12b,D+Tm,NCT05424380,0.2,0,2022.0,2024-03-04
ollama:gemma3:12b,D+Tm,NCT05492695,0.4,0,2022.0,2023-09-28
ollama:gemma3:12b,D+Tm,NCT05652907,0.3,0,2023.0,2023-05-24
ollama:gemma3:12b,D+Tm,NCT05966584,0.6,0,2023.0,2024-08-02
ollama:gemma3:12b,D+Tm,NCT04648319,0.3,0,2021.0,2022-01-17
ollama:gemma3:12b,D+Tm,NCT05738161,0.2,0,2023.0,2024-02-27
ollama:gemma3:12b,D+Tm,NCT05015972,0.1,0,2021.0,2023-12-31
ollama:gemma3:12b,D+Tm,NCT04999488,0.2,0,2023.0,2024-12-31
ollama:gemma3:12b,D+Tm,NCT04891133,0.5,0,2021.0,2023-01-23
ollama:gemma3:12b,D+Tm,NCT05731492,0.2,0,2024.0,2024-04-01
ollama:gemma3:12b,D+Tm,NCT04950114,0.5,0,2021.0,2022-11-02
ollama:gemma3:12b,D+Tm,NCT04984278,0.6,0,2021.0,2022-11-11
ollama:gemma3:12b,D+Tm,NCT04054752,0.3,0,2023.0,2023-11-01
ollama:gemma3:12b,D+Tm,NCT05457491,0.1,0,2021.0,2022-07-07
ollama:gemma3:12b,D+Tm,NCT03944902,0.2,0,2021.0,2022-01-05
ollama:gemma3:12b,D+Tm,NCT05167526,0.3,0,2022.0,2022-11-10
ollama:gemma3:12b,D+Tm,NCT04920578,0.4,0,2021.0,2023-02-27
ollama:gemma3:12b,D+Tm,NCT05021484,0.4,1,2021.0,2024-03-07
ollama:gemma3:12b,D+Tm,NCT04627831,0.5,0,2022.0,2023-04-30
ollama:gemma3:12b,D+Tm,NCT04476628,0.3,0,2021.0,2022-02-28
ollama:gemma3:12b,D+Tm,NCT04944654,0.6,0,2023.0,2023-05-11
ollama:gemma3:12b,D+Tm,NCT05665647,0.2,1,2022.0,2023-02-14
ollama:gemma3:12b,D+Tm,NCT06061081,0.5,0,2023.0,2024-11-04
ollama:gemma3:12b,D+Tm,NCT04684381,0.4,1,2021.0,2021-06-30
ollama:gemma3:12b,D+Tm,NCT05155020,0.5,0,2022.0,2022-08-05
ollama:gemma3:12b,D+Tm,NCT05141357,0.4,0,2022.0,2023-04-19
ollama:gemma3:12b,D+Tm,NCT04853329,0.3,0,2021.0,2024-12-31
ollama:gemma3:12b,D+Tm,NCT05008510,0.4,0,2021.0,2023-06-30
ollama:gemma3:12b,D+Tm,NCT04492436,0.5,0,2021.0,2024-07-31
ollama:gemma3:12b,D+Tm,NCT05757492,0.3,0,2023.0,2024-07-31
ollama:gemma3:12b,D+Tm,NCT04834973,0.4,0,2021.0,2022-07-12
ollama:gemma3:12b,D+Tm,NCT04981717,0.7,0,2021.0,2023-04-24
ollama:gemma3:12b,D+Tm,NCT04531865,0.6,0,2021.0,2022-10-01
ollama:gemma3:12b,D+Tm,NCT05039931,0.3,0,2021.0,2023-06-30
ollama:gemma3:12b,D+Tm,NCT05020665,0.65,0,2021.0,2023-03-30
ollama:gemma3:12b,D+Tm,NCT05238896,0.55,0,2022.0,2023-03-31
ollama:gemma3:12b,D+Tm,NCT05412706,0.5,0,2023.0,2023-09-04
ollama:gemma3:12b,D+Tm,NCT05227456,0.45,0,2022.0,2024-04-30
ollama:gemma3:12b,D+Tm,NCT04931511,0.6,0,2021.0,2022-09-01
ollama:gemma3:12b,D+Tm,NCT04084678,0.6,0,2021.0,2023-04-12
ollama:gemma3:12b,D+Tm,NCT05147415,0.4,0,2021.0,2022-12-09
ollama:gemma3:12b,D+Tm,NCT04849377,0.5,0,2022.0,2022-06-14
ollama:gemma3:12b,D+Tm,NCT05284019,0.65,0,2022.0,2023-04-14
ollama:gemma3:12b,D+Tm,NCT04410042,0.7,0,2021.0,2024-01-16
ollama:gemma3:12b,D+Tm,NCT04634344,0.3,0,2021.0,2022-05-05
ollama:gemma3:12b,D+Tm,NCT04947579,0.5,0,2021.0,2023-02-21
ollama:gemma3:12b,D+Tm,NCT05079360,0.6,0,2023.0,2024-05-26
ollama:gemma3:12b,D+Tm,NCT05262101,0.4,0,2022.0,2023-11-30
ollama:gemma3:12b,D+Tm,NCT05284604,0.3,0,2023.0,2023-01-31
ollama:gemma3:12b,D+Tm,NCT05233410,0.75,0,2023.0,2024-09-22
ollama:gemma3:12b,D+Tm,NCT04650399,0.7,1,2022.0,2024-02-15
ollama:gemma3:12b,D+Tm,NCT05250856,0.3,0,2022.0,2023-12-12
ollama:gemma3:12b,D+Tm,NCT05406765,0.6,1,2022.0,2022-10-07
ollama:gemma3:12b,D+Tm,NCT04459338,0.5,1,2021.0,2022-06-14
ollama:gemma3:12b,D+Tm,NCT04829214,0.4,1,2021.0,2022-06-30
ollama:gemma3:12b,D+Tm,NCT05152849,0.3,0,2021.0,2022-06-29
ollama:gemma3:12b,D+Tm,NCT05066698,0.4,0,2022.0,2022-09-07
ollama:gemma3:12b,D+Tm,NCT05111249,0.2,0,2021.0,2023-10-27
ollama:gemma3:12b,D+Tm,NCT05118763,0.4,0,2022.0,2022-12-31
ollama:gemma3:12b,D+Tm,NCT04684550,0.5,0,2021.0,2021-08-15
ollama:gemma3:12b,D+Tm,NCT06115460,0.5,1,2022.0,2023-06-15
ollama:gemma3:12b,D+Tm,NCT04386239,0.2,0,2021.0,2023-01-01
ollama:gemma3:12b,D+Tm,NCT05293509,0.4,0,2022.0,2023-09-18
ollama:gemma3:12b,D+Tm,NCT04828174,0.3,0,2021.0,2023-11-26
ollama:gemma3:12b,D+Tm,NCT04969991,0.3,0,2021.0,2022-11-22
ollama:gemma3:12b,D+Tm,NCT04557475,0.4,0,2022.0,2023-06-11
ollama:gemma3:12b,D+Tm,NCT05005910,0.5,1,2021.0,2022-12-01
ollama:gemma3:12b,D+Tm,NCT05009732,0.5,0,2021.0,2023-07-14
ollama:gemma3:12b,D+Tm,NCT03634488,0.4,1,2021.0,2022-11-09
ollama:gemma3:12b,D+Tm,NCT05110599,0.3,0,2022.0,2023-10-01
ollama:gemma3:12b,D+Tm,NCT03125187,0.3,0,2021.0,2022-11-10
ollama:gemma3:12b,D+Tm,NCT04920331,0.3,0,2021.0,2022-02-04
ollama:gemma3:12b,D+Tm,NCT04953052,0.4,0,2021.0,2022-11-30
ollama:gemma3:12b,D+Tm,NCT04037241,0.3,0,2021.0,2022-01-01
ollama:gemma3:12b,D+Tm,NCT05094050,0.4,1,2022.0,2023-03-17
ollama:gemma3:12b,D+Tm,NCT04766996,0.6,0,2021.0,2021-12-27
ollama:gemma3:12b,D+Tm,NCT04243941,0.6,0,2022.0,2024-02-07
ollama:gemma3:12b,D+Tm,NCT05027867,0.4,0,2021.0,2022-08-26
ollama:gemma3:12b,D+Tm,NCT06056310,0.3,0,2024.0,2024-08-20
ollama:gemma3:12b,D+Tm,NCT05814523,0.5,0,2024.0,2024-08-31
ollama:gemma3:12b,D+Tm,NCT05275400,0.7,1,2022.0,2024-05-15
ollama:gemma3:12b,D+Tm,NCT05214196,0.4,0,2021.0,2021-12-07
ollama:gemma3:12b,D+Tm,NCT04235322,0.5,0,2021.0,2023-04-18
ollama:gemma3:12b,D+Tm,NCT04946864,0.5,0,2021.0,2024-10-01
ollama:gemma3:12b,D+Tm,NCT04761822,0.4,1,2021.0,2022-04-27
ollama:gemma3:12b,D+Tm,NCT05038982,0.6,1,2021.0,2022-07-11
ollama:gemma3:12b,D+Tm,NCT04762225,0.3,0,2021.0,2022-10-11
ollama:gemma3:12b,D+Tm,NCT05554627,0.4,0,2023.0,2023-10-27
ollama:gemma3:12b,D+Tm,NCT04932941,0.6,1,2021.0,2022-09-05
ollama:gemma3:12b,D+Tm,NCT04880213,0.2,1,2021.0,2021-11-23
ollama:gemma3:12b,D+Tm,NCT06484881,0.5,0,2024.0,2024-10-10
ollama:gemma3:12b,D+Tm,NCT04077749,0.3,0,2021.0,2021-09-15
ollama:gemma3:12b,D+Tm,NCT04707703,0.5,0,2021.0,2021-10-25
ollama:gemma3:12b,D+Tm,NCT05074433,0.6,0,2021.0,2022-05-18
ollama:gemma3:12b,D+Tm,NCT05652660,0.4,1,2022.0,2023-03-06
ollama:gemma3:12b,D+Tm,NCT05017103,0.5,0,2021.0,2024-02-20
ollama:gemma3:12b,D+Tm,NCT04725240,0.6,1,2021.0,2022-06-28
ollama:gemma3:12b,D+Tm,NCT05283954,0.4,0,2022.0,2022-07-30
ollama:gemma3:12b,D+Tm,NCT05128773,0.7,0,2022.0,2022-10-13
ollama:gemma3:12b,D+Tm,NCT05136833,0.4,0,2021.0,2022-12-31
ollama:gemma3:12b,D+Tm,NCT04732169,0.3,0,2021.0,2021-07-09
ollama:gemma3:12b,D+Tm,NCT04907968,0.3,0,2021.0,2023-10-03
ollama:gemma3:12b,D+Tm,NCT05418673,0.6,0,2022.0,2023-07-27
ollama:gemma3:12b,D+Tm,NCT04863014,0.5,0,2021.0,2023-02-15
ollama:gemma3:12b,D+Tm,NCT04391868,0.8,0,2021.0,2021-04-28
ollama:gemma3:12b,D+Tm,NCT05405686,0.4,0,2023.0,2024-08-01
ollama:gemma3:12b,D+Tm,NCT05101122,0.4,1,2021.0,2022-04-18
ollama:gemma3:12b,D+Tm,NCT05030350,0.7,0,2021.0,2022-09-23
ollama:gemma3:12b,D+Tm,NCT05179603,0.4,0,2021.0,2024-09-06
ollama:gemma3:12b,D+Tm,NCT04120987,0.6,0,2021.0,2022-06-25
ollama:gemma3:12b,D+Tm,NCT06049329,0.3,1,2023.0,2023-12-15
ollama:gemma3:12b,D+Tm,NCT05153408,0.3,0,2022.0,2022-12-09
ollama:gemma3:12b,D+Tm,NCT04816071,0.4,0,2021.0,2021-05-01
ollama:gemma3:12b,D+Tm,NCT04786600,0.3,0,2022.0,2024-03-19
ollama:gemma3:12b,D+Tm,NCT05264922,0.2,0,2022.0,2022-07-22
ollama:gemma3:12b,D+Tm,NCT04783766,0.5,1,2021.0,2021-08-05
ollama:gemma3:12b,D+Tm,NCT04527549,0.3,0,2021.0,2024-01-08
ollama:gemma3:12b,D+Tm,NCT05059301,0.7,1,2021.0,2022-06-30
ollama:gemma3:12b,D+Tm,NCT04964388,0.4,0,2021.0,2023-07-01
ollama:gemma3:12b,D+Tm,NCT05053126,0.2,1,2021.0,2022-04-01
ollama:gemma3:12b,D+Tm,NCT05298202,0.5,1,2022.0,2022-10-01
ollama:gemma3:12b,D+Tm,NCT06021119,0.4,1,2023.0,2023-04-21
ollama:gemma3:12b,D+Tm,NCT05119712,0.2,0,2021.0,2024-10-15
ollama:gemma3:12b,D+Tm,NCT04797468,0.3,0,2022.0,2023-01-13
ollama:gemma3:12b,D+Tm,NCT04641273,0.5,0,2021.0,2021-10-18
ollama:gemma3:12b,D+Tm,NCT05013385,0.4,0,2021.0,2022-05-31
ollama:gemma3:12b,D+Tm,NCT04764630,0.3,1,2021.0,2021-03-20
ollama:gemma3:12b,D+Tm,NCT05552859,0.7,0,2022.0,2023-08-04
ollama:gemma3:12b,D+Tm,NCT06178367,0.5,1,2023.0,2023-09-30
ollama:gemma3:12b,D+Tm,NCT04756427,0.8,0,2022.0,2023-11-28
ollama:gemma3:12b,D+Tm,NCT05362058,0.4,1,2022.0,2024-04-10
ollama:gemma3:12b,D+Tm,NCT04290871,0.4,0,2023.0,2024-04-01
ollama:gemma3:12b,D+Tm,NCT06065059,0.2,0,2023.0,2024-05-22
ollama:gemma3:12b,D+Tm,NCT03281681,0.3,0,2021.0,2022-09-30
ollama:gemma3:12b,D+Tm,NCT04898309,0.6,0,2021.0,2023-05-31
ollama:gemma3:12b,D+Tm,NCT06329687,0.9,0,2024.0,2024-02-28
ollama:gemma3:12b,D+Tm,NCT04978818,0.7,1,2022.0,2023-10-26
ollama:gemma3:12b,D+Tm,NCT03792295,0.5,0,2021.0,2022-07-01
ollama:gemma3:12b,D+Tm,NCT05525455,0.2,0,2022.0,2023-09-07
ollama:gemma3:12b,D+Tm,NCT04430283,0.4,0,2021.0,2022-03-04
ollama:gemma3:12b,D+Tm,NCT04862416,0.3,1,2021.0,2022-06-29
ollama:gemma3:12b,D+Tm,NCT04511026,0.5,0,2021.0,2021-06-10
ollama:gemma3:12b,D+Tm,NCT04934670,0.5,0,2022.0,2023-01-19
ollama:gemma3:12b,D+Tm,NCT05703555,0.4,0,2024.0,2024-02-16
ollama:gemma3:12b,D+Tm,NCT05181995,0.6,0,2021.0,2023-03-30
ollama:gemma3:12b,D+Tm,NCT04661917,0.5,0,2021.0,2022-05-19
ollama:gemma3:12b,D+Tm,NCT05076422,0.6,0,2021.0,2023-03-03
ollama:gemma3:12b,D+Tm,NCT04607252,0.5,0,2021.0,2021-06-03
ollama:gemma3:12b,D+Tm,NCT05061537,0.3,0,2021.0,2022-10-14
ollama:gemma3:12b,D+Tm,NCT04801641,0.4,0,2021.0,2023-08-14
ollama:gemma3:12b,D+Tm,NCT04963413,0.3,0,2022.0,2023-09-28
ollama:gemma3:12b,D+Tm,NCT04804254,0.3,0,2021.0,2023-01-11
ollama:gemma3:12b,D+Tm,NCT05006417,0.6,0,2022.0,2022-11-23
ollama:gemma3:12b,D+Tm,NCT06079320,0.5,0,2023.0,2024-09-30
ollama:gemma3:12b,D+Tm,NCT05099549,0.4,0,2021.0,2023-09-21
ollama:gemma3:12b,D+Tm,NCT05299580,0.5,0,2021.0,2023-03-30
ollama:gemma3:12b,D+Tm,NCT05979415,0.4,0,2023.0,2024-02-28
ollama:gemma3:12b,D+Tm,NCT05926440,0.7,0,2023.0,2023-08-17
ollama:gemma3:12b,D+Tm,NCT05043987,0.3,0,2022.0,2022-11-16
ollama:gemma3:12b,D+Tm,NCT05047640,0.6,0,2021.0,2022-10-25
ollama:gemma3:12b,D+Tm,NCT05961007,0.5,0,2021.0,2024-04-30
ollama:gemma3:12b,D+Tm,NCT05481489,0.6,0,2023.0,2023-04-24
ollama:gemma3:12b,D+Tm,NCT05516849,0.4,0,2022.0,2023-08-03
ollama:gemma3:12b,D+Tm,NCT05229900,0.3,0,2022.0,2023-12-13
ollama:gemma3:12b,D+Tm,NCT05368558,0.5,0,2022.0,2024-09-20
ollama:gemma3:12b,D+Tm,NCT02811133,0.4,0,2023.0,2023-10-04
ollama:gemma3:12b,D+Tm,NCT05544734,0.6,1,2022.0,2023-06-01
ollama:gemma3:12b,D+Tm,NCT05434091,0.4,0,2022.0,2023-03-29
ollama:gemma3:12b,D+Tm,NCT04262193,0.3,0,2021.0,2024-07-30
ollama:gemma3:12b,D+Tm,NCT06090318,0.3,0,2023.0,2023-05-30
ollama:gemma3:12b,D+Tm,NCT05517837,0.2,0,2022.0,2023-07-14
ollama:gemma3:12b,D+Tm,NCT04860466,0.3,0,2022.0,2024-07-31
ollama:gemma3:12b,D+Tm,NCT04632940,0.5,0,2021.0,2023-12-14
ollama:gemma3:12b,D+Tm,NCT04166734,0.3,0,2021.0,2023-07-25
ollama:gemma3:12b,D+Tm,NCT04630158,0.4,1,2021.0,2023-06-08
ollama:gemma3:12b,D+Tm,NCT05240560,0.4,0,2023.0,2024-02-08
ollama:gemma3:12b,D+Tm,NCT04804033,0.65,0,2021.0,2024-03-21
ollama:gemma3:12b,D+Tm,NCT05156645,0.35,0,2022.0,2022-12-01
ollama:gemma3:12b,D+Tm,NCT05226390,0.25,0,2022.0,2023-11-21
ollama:gemma3:12b,D+Tm,NCT04560309,0.45,1,2021.0,2021-11-23
ollama:gemma3:12b,D+Tm,NCT04800627,0.3,0,2021.0,2022-11-03
ollama:gemma3:12b,D+Tm,NCT04446637,0.55,0,2021.0,2022-09-03
ollama:gemma3:12b,D+Tm,NCT04161118,0.3,0,2021.0,2023-02-24
ollama:gemma3:12b,D+Tm,NCT05441930,0.6,0,2023.0,2024-03-14
ollama:gemma3:12b,D+Tm,NCT04894123,0.35,0,2022.0,2023-02-13
ollama:gemma3:12b,D+Tm,NCT04752566,0.5,1,2021.0,2022-08-03
ollama:gemma3:12b,D+Tm,NCT05008913,0.75,0,2021.0,2021-11-16
ollama:gemma3:12b,D+Tm,NCT05213143,0.85,0,2021.0,2022-11-18
ollama:gemma3:12b,D+Tm,NCT04928430,0.6,0,2021.0,2022-11-28
ollama:gemma3:12b,D+Tm,NCT04760782,0.4,0,2022.0,2023-08-14
ollama:gemma3:12b,D+Tm,NCT04991688,0.3,0,2021.0,2023-03-03
ollama:gemma3:12b,D+Tm,NCT05808881,0.7,0,2023.0,2024-05-31
ollama:gemma3:12b,D+Tm,NCT04871737,0.4,1,2021.0,2022-09-30
ollama:gemma3:12b,D+Tm,NCT04818736,0.45,0,2021.0,2021-12-31
ollama:gemma3:12b,D+Tm,NCT05437419,0.55,1,2022.0,2023-07-27
ollama:gemma3:12b,D+Tm,NCT04634253,0.5,1,2021.0,2022-06-29
ollama:gemma3:12b,D+Tm,NCT05251038,0.35,0,2022.0,2023-01-31
ollama:gemma3:12b,D+Tm,NCT04957290,0.25,0,2021.0,2023-06-07
ollama:gemma3:12b,D+Tm,NCT04536077,0.3,0,2021.0,2023-11-21
ollama:gemma3:12b,D+Tm,NCT04665921,0.35,0,2021.0,2024-03-01
ollama:gemma3:12b,D+Tm,NCT04676867,0.5,1,2021.0,2021-05-17
ollama:gemma3:12b,D+Tm,NCT05592223,0.2,0,2022.0,2023-12-01
ollama:gemma3:12b,D+Tm,NCT04788511,0.6,1,2021.0,2023-04-18
ollama:gemma3:12b,D+Tm,NCT06046482,0.3,0,2023.0,2024-08-26
ollama:gemma3:12b,D+Tm,NCT04814537,0.7,1,2021.0,2022-03-23
ollama:gemma3:12b,D+Tm,NCT05097651,0.4,0,2021.0,2023-08-31
ollama:gemma3:12b,D+Tm,NCT05546411,0.3,0,2023.0,2023-10-13
ollama:gemma3:12b,D+Tm,NCT05703464,0.6,0,2023.0,2023-03-03
ollama:gemma3:12b,D+Tm,NCT04927169,0.4,0,2021.0,2022-03-30
ollama:gemma3:12b,D+Tm,NCT04760626,0.65,1,2021.0,2022-08-29
ollama:gemma3:12b,D+Tm,NCT04736602,0.55,1,2021.0,2022-09-03
ollama:gemma3:12b,D+Tm,NCT04652479,0.3,1,2021.0,2022-06-30
ollama:gemma3:12b,D+Tm,NCT05456854,0.3,0,2022.0,2024-08-01
ollama:gemma3:12b,D+Tm,NCT05504486,0.4,0,2022.0,2023-04-05
ollama:gemma3:12b,D+Tm,NCT04770155,0.1,0,2021.0,2021-09-20
ollama:gemma3:12b,D+Tm,NCT05666453,0.45,0,2022.0,2024-07-01
ollama:gemma3:12b,D+Tm,NCT05039190,0.5,1,2021.0,2023-01-14
ollama:gemma3:12b,D+Tm,NCT03720990,0.3,1,2021.0,2023-09-30
ollama:gemma3:12b,D+Tm,NCT05260008,0.5,0,2022.0,2024-01-15
ollama:gemma3:12b,D+Tm,NCT05878704,0.4,0,2023.0,2024-07-29
ollama:gemma3:12b,D+Tm,NCT05497934,0.2,0,2022.0,2024-03-31
ollama:gemma3:12b,D+Tm,NCT05140824,0.4,0,2021.0,2022-12-14
ollama:gemma3:12b,D+Tm,NCT04387617,0.5,1,2021.0,2022-01-31
ollama:gemma3:12b,D+Tm,NCT04218825,0.3,0,2022.0,2023-04-04
ollama:gemma3:12b,D+Tm,NCT03883893,0.4,0,2021.0,2023-04-30
ollama:gemma3:12b,D+Tm,NCT06422377,0.5,0,2024.0,2024-08-14
ollama:gemma3:12b,D+Tm,NCT05006885,0.4,1,2021.0,2022-08-17
ollama:gemma3:12b,D+Tm,NCT05376319,0.3,0,2023.0,2024-05-07
ollama:gemma3:12b,D+Tm,NCT04927975,0.4,1,2021.0,2023-08-29
ollama:gemma3:12b,D+Tm,NCT05157464,0.6,0,2023.0,2024-12-31
ollama:gemma3:12b,D+Tm,NCT03602898,0.3,0,2021.0,2023-09-17
ollama:gemma3:12b,D+Tm,NCT05116046,0.5,0,2021.0,2023-03-30
ollama:gemma3:12b,D+Tm,NCT05014919,0.6,0,2021.0,2022-04-28
ollama:gemma3:12b,D+Tm,NCT04863339,0.4,0,2022.0,2022-04-30
ollama:gemma3:12b,D+Tm,NCT05095246,0.3,0,2022.0,2024-10-30
ollama:gemma3:12b,D+Tm,NCT06181227,0.5,0,2023.0,2024-04-05
ollama:gemma3:12b,D+Tm,NCT05096884,0.2,0,2022.0,2023-09-12
ollama:gemma3:12b,D+Tm,NCT05097079,0.5,0,2021.0,2023-05-31
ollama:gemma3:12b,D+Tm,NCT05222269,0.4,0,2022.0,2023-01-25
ollama:gemma3:12b,D+Tm,NCT05169437,0.3,0,2022.0,2024-08-27
ollama:gemma3:12b,D+Tm,NCT04789330,0.7,0,2021.0,2022-04-01
ollama:gemma3:12b,D+Tm,NCT04327986,0.3,0,2021.0,2022-02-03
ollama:gemma3:12b,D+Tm,NCT03326128,0.3,0,2021.0,2023-07-01
ollama:gemma3:12b,D+Tm,NCT05264506,0.8,0,2022.0,2024-01-26
ollama:gemma3:12b,D+Tm,NCT05625347,0.4,0,2023.0,2023-06-30
ollama:gemma3:12b,D+Tm,NCT04357951,0.2,0,2023.0,2024-09-30
ollama:gemma3:12b,D+Tm,NCT04864522,0.3,0,2023.0,2023-11-30
ollama:gemma3:12b,D+Tm,NCT04896541,0.4,1,2021.0,2022-06-14
ollama:gemma3:12b,D+Tm,NCT04811040,0.3,1,2021.0,2023-10-17
ollama:gemma3:12b,D+Tm,NCT05094206,0.2,0,2022.0,2024-01-29
ollama:gemma3:12b,D+Tm,NCT05165732,0.7,0,2022.0,2023-08-20
ollama:gemma3:12b,D+T,NCT05035095,0.75,1,2021.0,2023-05-12
ollama:gemma3:12b,D+T,NCT05744115,0.65,0,2021.0,2022-04-14
ollama:gemma3:12b,D+T,NCT05253755,0.55,0,2021.0,2022-09-09
ollama:gemma3:12b,D+T,NCT05003102,0.45,0,2023.0,2023-06-30
ollama:gemma3:12b,D+T,NCT05674448,0.5,0,2021.0,2023-01-04
ollama:gemma3:12b,D+T,NCT05695378,0.4,0,2023.0,2024-08-19
ollama:gemma3:12b,D+T,NCT06085638,0.35,0,2023.0,2023-10-20
ollama:gemma3:12b,D+T,NCT04320940,0.6,0,2021.0,2023-02-01
ollama:gemma3:12b,D+T,NCT05060276,0.3,0,2022.0,2024-12-31
ollama:gemma3:12b,D+T,NCT05622591,0.25,0,2024.0,2024-06-07
ollama:gemma3:12b,D+T,NCT04748783,0.3,0,2021.0,2021-04-07
ollama:gemma3:12b,D+T,NCT04406857,0.4,0,2021.0,2023-01-18
ollama:gemma3:12b,D+T,NCT04478994,0.5,0,2021.0,2022-12-08
ollama:gemma3:12b,D+T,NCT05607342,0.2,0,2023.0,2023-11-06
ollama:gemma3:12b,D+T,NCT04629339,0.45,0,2021.0,2024-03-26
ollama:gemma3:12b,D+T,NCT05139615,0.4,0,2021.0,2022-09-19
ollama:gemma3:12b,D+T,NCT04108858,0.35,0,2021.0,2022-04-29
ollama:gemma3:12b,D+T,NCT04355039,0.3,0,2021.0,2024-07-01
ollama:gemma3:12b,D+T,NCT03709550,0.35,0,2021.0,2024-04-15
ollama:gemma3:12b,D+T,NCT04243824,0.2,0,2021.0,2022-05-31
ollama:gemma3:12b,D+T,NCT02133885,0.4,0,2023.0,2024-03-31
ollama:gemma3:12b,D+T,NCT05044234,0.5,0,2021.0,2022-11-30
ollama:gemma3:12b,D+T,NCT04672954,0.3,1,2021.0,2021-07-01
ollama:gemma3:12b,D+T,NCT05098405,0.35,0,2021.0,2024-01-19
ollama:gemma3:12b,D+T,NCT05542355,0.4,0,2023.0,2024-10-02
ollama:gemma3:12b,D+T,NCT04631211,0.3,0,2021.0,2022-01-07
ollama:gemma3:12b,D+T,NCT04791319,0.4,0,2021.0,2022-03-31
ollama:gemma3:12b,D+T,NCT04200066,0.2,0,2022.0,2024-02-01
ollama:gemma3:12b,D+T,NCT04391309,0.3,0,2021.0,2022-02-04
ollama:gemma3:12b,D+T,NCT05563168,0.3,0,2023.0,2024-12-31
ollama:gemma3:12b,D+T,NCT04961658,0.2,0,2021.0,2024-01-08
ollama:gemma3:12b,D+T,NCT04625699,0.4,0,2022.0,2023-12-31
ollama:gemma3:12b,D+T,NCT05356403,0.5,0,2022.0,2024-02-26
ollama:gemma3:12b,D+T,NCT05378945,0.6,1,2022.0,2023-04-04
ollama:gemma3:12b,D+T,NCT04759846,0.3,0,2021.0,2023-05-31
ollama:gemma3:12b,D+T,NCT05767749,0.7,1,2023.0,2023-07-31
ollama:gemma3:12b,D+T,NCT04746430,0.4,0,2021.0,2021-04-23
ollama:gemma3:12b,D+T,NCT04773067,0.5,0,2021.0,2022-03-08
ollama:gemma3:12b,D+T,NCT04834908,0.3,0,2021.0,2022-05-25
ollama:gemma3:12b,D+T,NCT06281236,0.3,0,2024.0,2024-10-01
ollama:gemma3:12b,D+T,NCT05156229,0.3,0,2021.0,2022-08-24
ollama:gemma3:12b,D+T,NCT05266586,0.4,1,2022.0,2022-09-08
ollama:gemma3:12b,D+T,NCT05303909,0.2,0,2022.0,2024-05-13
ollama:gemma3:12b,D+T,NCT05178862,0.6,0,2022.0,2024-08-31
ollama:gemma3:12b,D+T,NCT04596293,0.4,1,2021.0,2022-07-12
ollama:gemma3:12b,D+T,NCT04588688,0.3,0,2021.0,2021-08-01
ollama:gemma3:12b,D+T,NCT04900766,0.2,0,2021.0,2023-02-03
ollama:gemma3:12b,D+T,NCT04709575,0.6,1,2021.0,2021-08-24
ollama:gemma3:12b,D+T,NCT05121766,0.3,0,2022.0,2023-04-21
ollama:gemma3:12b,D+T,NCT04521335,0.2,0,2021.0,2022-02-06
ollama:gemma3:12b,D+T,NCT04795466,0.4,0,2021.0,2024-03-07
ollama:gemma3:12b,D+T,NCT05085002,0.5,0,2021.0,2023-11-29
ollama:gemma3:12b,D+T,NCT04443569,0.6,1,2021.0,2022-08-31
ollama:gemma3:12b,D+T,NCT04644029,0.7,0,2021.0,2024-06-11
ollama:gemma3:12b,D+T,NCT05366855,0.4,0,2022.0,2024-07-17
ollama:gemma3:12b,D+T,NCT05494866,0.3,0,2022.0,2024-03-15
ollama:gemma3:12b,D+T,NCT05567783,0.6,0,2022.0,2023-08-31
ollama:gemma3:12b,D+T,NCT05077085,0.5,0,2022.0,2024-12-31
ollama:gemma3:12b,D+T,NCT05244473,0.4,0,2022.0,2024-05-31
ollama:gemma3:12b,D+T,NCT04263519,0.3,0,2021.0,2023-01-01
ollama:gemma3:12b,D+T,NCT05420077,0.6,0,2022.0,2023-06-02
ollama:gemma3:12b,D+T,NCT04358471,0.5,0,2021.0,2023-09-01
ollama:gemma3:12b,D+T,NCT04822298,0.4,0,2021.0,2022-01-26
ollama:gemma3:12b,D+T,NCT04834349,0.5,0,2021.0,2022-11-21
ollama:gemma3:12b,D+T,NCT04736628,0.6,1,2021.0,2023-09-21
ollama:gemma3:12b,D+T,NCT05064449,0.5,1,2021.0,2021-11-30
ollama:gemma3:12b,D+T,NCT04674761,0.7,1,2021.0,2022-09-09
ollama:gemma3:12b,D+T,NCT04498468,0.7,0,2021.0,2023-03-03
ollama:gemma3:12b,D+T,NCT05238207,0.5,0,2022.0,2023-05-04
ollama:gemma3:12b,D+T,NCT05029609,0.4,0,2021.0,2022-12-31
ollama:gemma3:12b,D+T,NCT05083078,0.5,0,2021.0,2022-07-01
ollama:gemma3:12b,D+T,NCT05629364,0.5,0,2023.0,2024-01-09
ollama:gemma3:12b,D+T,NCT04637698,0.4,0,2021.0,2023-05-04
ollama:gemma3:12b,D+T,NCT04876430,0.5,0,2021.0,2022-03-07
ollama:gemma3:12b,D+T,NCT04861948,0.4,0,2021.0,2022-07-30
ollama:gemma3:12b,D+T,NCT04740931,0.65,1,2021.0,2023-07-12
ollama:gemma3:12b,D+T,NCT05510843,0.35,0,2022.0,2023-04-04
ollama:gemma3:12b,D+T,NCT04842292,0.25,0,2021.0,2021-09-04
ollama:gemma3:12b,D+T,NCT05162066,0.45,0,2022.0,2022-09-23
ollama:gemma3:12b,D+T,NCT05506930,0.75,0,2022.0,2024-05-10
ollama:gemma3:12b,D+T,NCT05682222,0.3,1,2022.0,2022-10-14
ollama:gemma3:12b,D+T,NCT05135650,0.2,0,2022.0,2023-01-10
ollama:gemma3:12b,D+T,NCT05238844,0.55,0,2022.0,2022-05-25
ollama:gemma3:12b,D+T,NCT04731298,0.4,0,2021.0,2022-04-21
ollama:gemma3:12b,D+T,NCT04639024,0.3,0,2021.0,2022-11-03
ollama:gemma3:12b,D+T,NCT05717400,0.6,0,2023.0,2024-08-29
ollama:gemma3:12b,D+T,NCT05155085,0.5,0,2022.0,2024-04-17
ollama:gemma3:12b,D+T,NCT05569512,0.35,0,2022.0,2023-12-06
ollama:gemma3:12b,D+T,NCT04954326,0.45,1,2021.0,2022-05-20
ollama:gemma3:12b,D+T,NCT04052139,0.3,1,2021.0,2021-12-15
ollama:gemma3:12b,D+T,NCT04325503,0.25,1,2021.0,2022-06-30
ollama:gemma3:12b,D+T,NCT04773587,0.6,1,2021.0,2022-08-30
ollama:gemma3:12b,D+T,NCT05041101,0.2,0,2021.0,2024-09-06
ollama:gemma3:12b,D+T,NCT05162365,0.4,0,2022.0,2022-11-18
ollama:gemma3:12b,D+T,NCT03095404,0.35,0,2021.0,2022-02-28
ollama:gemma3:12b,D+T,NCT04354103,0.4,0,2022.0,2024-01-19
ollama:gemma3:12b,D+T,NCT06137651,0.3,0,2023.0,2024-03-27
ollama:gemma3:12b,D+T,NCT05673109,0.25,0,2023.0,2023-10-08
ollama:gemma3:12b,D+T,NCT04737109,0.35,0,2021.0,2022-08-15
ollama:gemma3:12b,D+T,NCT05694013,0.4,0,2023.0,2024-07-04
ollama:gemma3:12b,D+T,NCT05469802,0.4,0,2024.0,2024-07-05
ollama:gemma3:12b,D+T,NCT05489991,0.3,0,2022.0,2023-05-03
ollama:gemma3:12b,D+T,NCT04497038,0.2,0,2021.0,2023-05-02
ollama:gemma3:12b,D+T,NCT05065411,0.2,0,2022.0,2024-01-09
ollama:gemma3:12b,D+T,NCT05447364,0.6,1,2021.0,2024-03-01
ollama:gemma3:12b,D+T,NCT05160558,0.3,0,2022.0,2023-07-25
ollama:gemma3:12b,D+T,NCT05198349,0.2,0,2022.0,2023-08-10
ollama:gemma3:12b,D+T,NCT04741204,0.5,0,2022.0,2022-09-30
ollama:gemma3:12b,D+T,NCT04855591,0.3,0,2021.0,2021-11-18
ollama:gemma3:12b,D+T,NCT04611139,0.3,0,2021.0,2024-06-30
ollama:gemma3:12b,D+T,NCT04475991,0.4,0,2021.0,2022-03-25
ollama:gemma3:12b,D+T,NCT05182840,0.1,1,2022.0,2023-07-10
ollama:gemma3:12b,D+T,NCT05788185,0.2,0,2023.0,2023-09-21
ollama:gemma3:12b,D+T,NCT04309721,0.5,0,2022.0,2023-11-13
ollama:gemma3:12b,D+T,NCT05760703,0.4,0,2023.0,2023-12-11
ollama:gemma3:12b,D+T,NCT04682366,0.7,0,2021.0,2022-11-10
ollama:gemma3:12b,D+T,NCT04938180,0.3,0,2021.0,2022-05-17
ollama:gemma3:12b,D+T,NCT06301308,0.6,0,2023.0,2024-02-29
ollama:gemma3:12b,D+T,NCT05609045,0.3,0,2023.0,2023-12-31
ollama:gemma3:12b,D+T,NCT04985825,0.2,0,2021.0,2022-08-17
ollama:gemma3:12b,D+T,NCT05053035,0.3,0,2021.0,2022-10-28
ollama:gemma3:12b,D+T,NCT05032118,0.4,0,2023.0,2023-04-27
ollama:gemma3:12b,D+T,NCT05835011,0.3,0,2023.0,2023-08-21
ollama:gemma3:12b,D+T,NCT05137002,0.4,0,2021.0,2022-10-10
ollama:gemma3:12b,D+T,NCT04994002,0.3,0,2021.0,2022-06-30
ollama:gemma3:12b,D+T,NCT05556265,0.65,0,2022.0,2024-05-16
ollama:gemma3:12b,D+T,NCT04629703,0.55,0,2021.0,2022-09-05
ollama:gemma3:12b,D+T,NCT05061992,0.5,1,2021.0,2022-11-01
ollama:gemma3:12b,D+T,NCT03532958,0.45,0,2021.0,2022-11-30
ollama:gemma3:12b,D+T,NCT05317013,0.35,0,2022.0,2022-09-22
ollama:gemma3:12b,D+T,NCT05475821,0.25,0,2022.0,2022-09-26
ollama:gemma3:12b,D+T,NCT04167618,0.3,0,2021.0,2022-08-11
ollama:gemma3:12b,D+T,NCT04760314,0.7,1,2021.0,2023-02-01
ollama:gemma3:12b,D+T,NCT06489860,0.4,0,2024.0,2024-10-04
ollama:gemma3:12b,D+T,NCT05344625,0.2,0,2023.0,2024-03-15
ollama:gemma3:12b,D+T,NCT04978298,0.3,1,2021.0,2023-02-26
ollama:gemma3:12b,D+T,NCT05193370,0.75,0,2022.0,2022-11-30
ollama:gemma3:12b,D+T,NCT05370040,0.2,0,2022.0,2024-03-11
ollama:gemma3:12b,D+T,NCT03952481,0.8,0,2021.0,2021-12-31
ollama:gemma3:12b,D+T,NCT06056596,0.25,0,2024.0,2024-09-06
ollama:gemma3:12b,D+T,NCT04750577,0.6,1,2021.0,2022-12-27
ollama:gemma3:12b,D+T,NCT04921358,0.65,0,2021.0,2023-12-20
ollama:gemma3:12b,D+T,NCT05035368,0.5,0,2021.0,2023-06-30
ollama:gemma3:12b,D+T,NCT05764239,0.7,0,2023.0,2024-03-15
ollama:gemma3:12b,D+T,NCT05198843,0.3,0,2022.0,2023-12-20
ollama:gemma3:12b,D+T,NCT05934942,0.4,0,2023.0,2024-02-08
ollama:gemma3:12b,D+T,NCT05260541,0.4,0,2022.0,2022-09-23
ollama:gemma3:12b,D+T,NCT03928275,0.35,0,2021.0,2022-09-01
ollama:gemma3:12b,D+T,NCT05265728,0.6,0,2022.0,2024-05-27
ollama:gemma3:12b,D+T,NCT04731051,0.2,0,2022.0,2022-12-31
ollama:gemma3:12b,D+T,NCT05283304,0.3,0,2023.0,2023-11-19
ollama:gemma3:12b,D+T,NCT05611853,0.2,0,2022.0,2023-12-25
ollama:gemma3:12b,D+T,NCT04656691,0.7,0,2021.0,2021-04-18
ollama:gemma3:12b,D+T,NCT05292976,0.8,0,2022.0,2022-12-31
ollama:gemma3:12b,D+T,NCT04862741,0.3,1,2021.0,2022-10-05
ollama:gemma3:12b,D+T,NCT05002114,0.4,0,2023.0,2023-01-31
ollama:gemma3:12b,D+T,NCT04807400,0.6,1,2021.0,2023-01-13
ollama:gemma3:12b,D+T,NCT05276401,0.5,0,2022.0,2022-06-15
ollama:gemma3:12b,D+T,NCT04231279,0.4,0,2022.0,2023-06-15
ollama:gemma3:12b,D+T,NCT04543955,0.5,0,2021.0,2022-06-03
ollama:gemma3:12b,D+T,NCT04300140,0.2,0,2021.0,2023-08-14
ollama:gemma3:12b,D+T,NCT05526716,0.6,1,2022.0,2023-06-21
ollama:gemma3:12b,D+T,NCT05977127,0.5,0,2023.0,2024-03-21
ollama:gemma3:12b,D+T,NCT05169931,0.1,0,2022.0,2022-05-31
ollama:gemma3:12b,D+T,NCT04238390,0.7,0,2022.0,2024-12-31
ollama:gemma3:12b,D+T,NCT04594941,0.3,1,2022.0,2022-05-26
ollama:gemma3:12b,D+T,NCT03999658,0.3,0,2023.0,2024-07-31
ollama:gemma3:12b,D+T,NCT04875975,0.4,0,2021.0,2024-04-26
ollama:gemma3:12b,D+T,NCT04856891,0.5,1,2021.0,2023-01-09
ollama:gemma3:12b,D+T,NCT05127473,0.1,1,2021.0,2022-05-14
ollama:gemma3:12b,D+T,NCT05226299,0.4,1,2021.0,2022-08-30
ollama:gemma3:12b,D+T,NCT05519527,0.2,0,2022.0,2023-02-15
ollama:gemma3:12b,D+T,NCT04230720,0.7,0,2021.0,2021-12-31
ollama:gemma3:12b,D+T,NCT05251233,0.6,0,2022.0,2024-06-27
ollama:gemma3:12b,D+T,NCT02588807,0.3,0,2021.0,2022-05-31
ollama:gemma3:12b,D+T,NCT03787082,0.3,0,2022.0,2023-12-31
ollama:gemma3:12b,D+T,NCT05474690,0.5,0,2022.0,2024-08-30
ollama:gemma3:12b,D+T,NCT04855240,0.4,1,2021.0,2022-03-14
ollama:gemma3:12b,D+T,NCT04505878,0.2,0,2023.0,2023-12-31
ollama:gemma3:12b,D+T,NCT05251376,0.3,0,2022.0,2022-12-19
ollama:gemma3:12b,D+T,NCT04753957,0.4,0,2022.0,2022-02-01
ollama:gemma3:12b,D+T,NCT05477498,0.4,0,2021.0,2022-12-31
ollama:gemma3:12b,D+T,NCT04752020,0.1,1,2021.0,2023-12-30
ollama:gemma3:12b,D+T,NCT04933916,0.3,0,2021.0,2023-05-01
ollama:gemma3:12b,D+T,NCT05049161,0.4,0,2021.0,2022-05-18
ollama:gemma3:12b,D+T,NCT04708236,0.2,0,2021.0,2021-07-31
ollama:gemma3:12b,D+T,NCT04480190,0.3,0,2021.0,2022-04-04
ollama:gemma3:12b,D+T,NCT05243524,0.3,0,2022.0,2023-08-31
ollama:gemma3:12b,D+T,NCT04914676,0.4,0,2022.0,2024-08-26
ollama:gemma3:12b,D+T,NCT04907851,0.3,0,2021.0,2023-11-30
ollama:gemma3:12b,D+T,NCT05993143,0.2,0,2021.0,2021-07-21
ollama:gemma3:12b,D+T,NCT05029856,0.2,0,2022.0,2022-08-31
ollama:gemma3:12b,D+T,NCT04776044,0.4,0,2021.0,2022-08-09
ollama:gemma3:12b,D+T,NCT05092646,0.3,0,2021.0,2023-11-10
ollama:gemma3:12b,D+T,NCT04891718,0.1,0,2021.0,2022-06-05
ollama:gemma3:12b,D+T,NCT04833959,0.2,0,2021.0,2024-03-31
ollama:gemma3:12b,D+T,NCT05561530,0.5,0,2022.0,2023-06-15
ollama:gemma3:12b,D+T,NCT05295927,0.4,0,2022.0,2022-09-30
ollama:gemma3:12b,D+T,NCT05072080,0.6,1,2021.0,2023-04-03
ollama:gemma3:12b,D+T,NCT05330013,0.4,0,2022.0,2022-06-23
ollama:gemma3:12b,D+T,NCT05348681,0.4,0,2022.0,2023-02-28
ollama:gemma3:12b,D+T,NCT04692467,0.3,1,2021.0,2023-12-30
ollama:gemma3:12b,D+T,NCT04631601,0.2,0,2021.0,2023-10-23
ollama:gemma3:12b,D+T,NCT05395052,0.1,0,2022.0,2023-08-11
ollama:gemma3:12b,D+T,NCT04972968,0.5,0,2021.0,2023-07-24
ollama:gemma3:12b,D+T,NCT05144347,0.3,0,2022.0,2022-11-01
ollama:gemma3:12b,D+T,NCT04771143,0.1,0,2021.0,2022-01-03
ollama:gemma3:12b,D+T,NCT04758949,0.4,0,2021.0,2021-12-22
ollama:gemma3:12b,D+T,NCT05205759,0.3,0,2021.0,2022-04-05
ollama:gemma3:12b,D+T,NCT04753606,0.4,1,2021.0,2021-08-30
ollama:gemma3:12b,D+T,NCT04764448,0.5,0,2021.0,2024-05-29
ollama:gemma3:12b,D+T,NCT04615949,0.2,0,2021.0,2022-11-30
ollama:gemma3:12b,D+T,NCT04570436,0.6,1,2021.0,2022-11-10
ollama:gemma3:12b,D+T,NCT04496674,0.2,0,2022.0,2023-05-03
ollama:gemma3:12b,D+T,NCT05069012,0.7,1,2021.0,2022-07-23
ollama:gemma3:12b,D+T,NCT03698448,0.3,0,2021.0,2022-11-01
ollama:gemma3:12b,D+T,NCT04992208,0.7,1,2021.0,2023-08-31
ollama:gemma3:12b,D+T,NCT04698915,0.4,0,2021.0,2023-11-30
ollama:gemma3:12b,D+T,NCT06003075,0.3,0,2023.0,2024-07-05
ollama:gemma3:12b,D+T,NCT04378244,0.1,0,2022.0,2024-07-12
ollama:gemma3:12b,D+T,NCT04960397,0.6,0,2021.0,2024-04-12
ollama:gemma3:12b,D+T,NCT04581785,0.2,0,2021.0,2023-01-10
ollama:gemma3:12b,D+T,NCT04873895,0.2,0,2022.0,2024-04-25
ollama:gemma3:12b,D+T,NCT05992922,0.5,0,2023.0,2023-12-19
ollama:gemma3:12b,D+T,NCT04566133,0.3,0,2022.0,2022-12-31
ollama:gemma3:12b,D+T,NCT05683860,0.3,0,2022.0,2023-06-30
ollama:gemma3:12b,D+T,NCT04899349,0.2,0,2022.0,2023-05-10
ollama:gemma3:12b,D+T,NCT05497284,0.2,0,2022.0,2024-09-26
ollama:gemma3:12b,D+T,NCT04825223,0.4,0,2021.0,2022-07-22
ollama:gemma3:12b,D+T,NCT04718376,0.3,0,2021.0,2023-05-22
ollama:gemma3:12b,D+T,NCT05239663,0.2,0,2022.0,2024-07-31
ollama:gemma3:12b,D+T,NCT04584034,0.3,0,2021.0,2023-04-30
ollama:gemma3:12b,D+T,NCT05133180,0.5,1,2022.0,2022-12-19
ollama:gemma3:12b,D+T,NCT05313386,0.2,0,2021.0,2022-02-21
ollama:gemma3:12b,D+T,NCT01280669,0.3,0,2022.0,2024-12-31
ollama:gemma3:12b,D+T,NCT05288283,0.4,0,2022.0,2023-09-28
ollama:gemma3:12b,D+T,NCT04904185,0.1,0,2021.0,2024-07-02
ollama:gemma3:12b,D+T,NCT05143489,0.3,0,2022.0,2024-04-17
ollama:gemma3:12b,D+T,NCT05120960,0.2,0,2023.0,2024-04-12
ollama:gemma3:12b,D+T,NCT04782245,0.1,0,2022.0,2024-04-30
ollama:gemma3:12b,D+T,NCT05369390,0.3,1,2022.0,2024-01-09
ollama:gemma3:12b,D+T,NCT05124795,0.2,0,2021.0,2023-05-31
ollama:gemma3:12b,D+T,NCT02432417,0.2,0,2023.0,2023-11-10
ollama:gemma3:12b,D+T,NCT04601610,0.3,0,2021.0,2022-05-30
ollama:gemma3:12b,D+T,NCT04707352,0.4,1,2021.0,2023-03-26
ollama:gemma3:12b,D+T,NCT04598321,0.3,0,2021.0,2022-12-06
ollama:gemma3:12b,D+T,NCT06187376,0.1,0,2024.0,2024-07-16
ollama:gemma3:12b,D+T,NCT03400306,0.3,0,2021.0,2021-11-16
ollama:gemma3:12b,D+T,NCT05075538,0.4,0,2021.0,2024-01-08
ollama:gemma3:12b,D+T,NCT04491084,0.1,0,2021.0,2022-08-18
ollama:gemma3:12b,D+T,NCT05320380,0.3,0,2023.0,2023-09-01
ollama:gemma3:12b,D+T,NCT04809012,0.4,0,2021.0,2024-06-30
ollama:gemma3:12b,D+T,NCT04932915,0.2,0,2021.0,2022-01-10
ollama:gemma3:12b,D+T,NCT04951492,0.3,0,2022.0,2023-10-15
ollama:gemma3:12b,D+T,NCT05201703,0.6,0,2022.0,2023-12-15
ollama:gemma3:12b,D+T,NCT05261490,0.3,0,2022.0,2024-02-15
ollama:gemma3:12b,D+T,NCT05077930,0.1,0,2022.0,2022-04-07
ollama:gemma3:12b,D+T,NCT05639192,0.3,0,2022.0,2023-08-18
ollama:gemma3:12b,D+T,NCT04536181,0.5,0,2021.0,2022-10-01
ollama:gemma3:12b,D+T,NCT04719832,0.4,1,2021.0,2023-11-21
ollama:gemma3:12b,D+T,NCT04853355,0.6,0,2022.0,2022-10-31
ollama:gemma3:12b,D+T,NCT05628545,0.2,0,2021.0,2024-10-31
ollama:gemma3:12b,D+T,NCT04732429,0.4,0,2021.0,2023-10-20
ollama:gemma3:12b,D+T,NCT05550363,0.7,0,2022.0,2023-09-30
ollama:gemma3:12b,D+T,NCT04034004,0.2,1,2021.0,2022-12-22
ollama:gemma3:12b,D+T,NCT05132569,0.4,0,2021.0,2023-02-21
ollama:gemma3:12b,D+T,NCT05553639,0.3,0,2023.0,2024-04-29
ollama:gemma3:12b,D+T,NCT04518137,0.3,0,2021.0,2022-05-30
ollama:gemma3:12b,D+T,NCT05447507,0.6,1,2022.0,2022-10-26
ollama:gemma3:12b,D+T,NCT04983407,0.3,0,2021.0,2023-08-14
ollama:gemma3:12b,D+T,NCT04952571,0.3,0,2021.0,2022-12-31
ollama:gemma3:12b,D+T,NCT04602117,0.2,0,2021.0,2021-11-17
ollama:gemma3:12b,D+T,NCT05830747,0.6,1,2022.0,2022-12-10
ollama:gemma3:12b,D+T,NCT04707534,0.4,1,2021.0,2022-03-04
ollama:gemma3:12b,D+T,NCT04782661,0.2,0,2022.0,2022-09-23
ollama:gemma3:12b,D+T,NCT04933240,0.4,0,2022.0,2024-12-31
ollama:gemma3:12b,D+T,NCT04223661,0.3,0,2021.0,2023-12-31
ollama:gemma3:12b,D+T,NCT05062083,0.6,0,2022.0,2024-01-30
ollama:gemma3:12b,D+T,NCT04372940,0.7,0,2023.0,2024-01-31
ollama:gemma3:12b,D+T,NCT05654870,0.6,0,2023.0,2023-11-08
ollama:gemma3:12b,D+T,NCT04684121,0.5,0,2022.0,2024-08-01
ollama:gemma3:12b,D+T,NCT04030052,0.5,0,2022.0,2023-01-19
ollama:gemma3:12b,D+T,NCT04650854,0.5,1,2021.0,2024-01-25
ollama:gemma3:12b,D+T,NCT05292755,0.7,1,2022.0,2022-07-01
ollama:gemma3:12b,D+T,NCT03674320,0.4,0,2021.0,2024-12-01
ollama:gemma3:12b,D+T,NCT05743777,0.3,0,2023.0,2023-05-12
ollama:gemma3:12b,D+T,NCT05411575,0.4,0,2022.0,2022-10-31
ollama:gemma3:12b,D+T,NCT05109650,0.2,0,2021.0,2023-03-23
ollama:gemma3:12b,D+T,NCT04346394,0.2,0,2021.0,2023-08-01
ollama:gemma3:12b,D+T,NCT05254808,0.6,0,2021.0,2022-02-14
ollama:gemma3:12b,D+T,NCT05286853,0.4,0,2024.0,2024-09-03
ollama:gemma3:12b,D+T,NCT05137717,0.7,1,2022.0,2023-06-27
ollama:gemma3:12b,D+T,NCT04001998,0.3,0,2021.0,2021-07-31
ollama:gemma3:12b,D+T,NCT04711863,0.5,0,2021.0,2021-07-31
ollama:gemma3:12b,D+T,NCT05157360,0.3,0,2021.0,2023-05-16
ollama:gemma3:12b,D+T,NCT05375604,0.2,0,2022.0,2023-05-30
ollama:gemma3:12b,D+T,NCT04476329,0.5,0,2021.0,2021-12-10
ollama:gemma3:12b,D+T,NCT05442775,0.6,0,2022.0,2023-06-07
ollama:gemma3:12b,D+T,NCT04521946,0.3,0,2021.0,2022-12-20
ollama:gemma3:12b,D+T,NCT04530877,0.6,0,2022.0,2024-09-30
ollama:gemma3:12b,D+T,NCT06102174,0.3,0,2024.0,2024-09-03
ollama:gemma3:12b,D+T,NCT04119830,0.2,0,2022.0,2024-02-01
ollama:gemma3:12b,D+T,NCT05016934,0.1,0,2021.0,2022-04-20
ollama:gemma3:12b,D+T,NCT04005989,0.15,0,2021.0,2022-12-20
ollama:gemma3:12b,D+T,NCT05387577,0.05,0,2021.0,2022-11-23
ollama:gemma3:12b,D+T,NCT04892043,0.4,0,2021.0,2023-11-02
ollama:gemma3:12b,D+T,NCT05304130,0.5,0,2023.0,2023-05-04
ollama:gemma3:12b,D+T,NCT04879823,0.6,0,2021.0,2023-07-11
ollama:gemma3:12b,D+T,NCT05183360,0.65,0,2022.0,2024-08-08
ollama:gemma3:12b,D+T,NCT05101915,0.35,0,2021.0,2024-04-23
ollama:gemma3:12b,D+T,NCT03992443,0.7,0,2022.0,2022-03-18
ollama:gemma3:12b,D+T,NCT05478252,0.75,1,2022.0,2023-09-18
ollama:gemma3:12b,D+T,NCT04894474,0.55,0,2021.0,2022-07-24
ollama:gemma3:12b,D+T,NCT05134727,0.6,1,2021.0,2023-03-31
ollama:gemma3:12b,D+T,NCT04648189,0.25,0,2022.0,2022-09-19
ollama:gemma3:12b,D+T,NCT04386252,0.3,0,2023.0,2024-01-31
ollama:gemma3:12b,D+T,NCT04936971,0.45,0,2021.0,2021-09-30
ollama:gemma3:12b,D+T,NCT05249569,0.2,0,2022.0,2022-12-30
ollama:gemma3:12b,D+T,NCT04869943,0.5,0,2021.0,2024-01-09
ollama:gemma3:12b,D+T,NCT04677426,0.4,0,2022.0,2022-08-01
ollama:gemma3:12b,D+T,NCT03550352,0.3,0,2021.0,2022-05-31
ollama:gemma3:12b,D+T,NCT05571540,0.2,0,2022.0,2024-10-31
ollama:gemma3:12b,D+T,NCT04895046,0.3,0,2021.0,2023-09-30
ollama:gemma3:12b,D+T,NCT05010954,0.7,1,2021.0,2022-09-28
ollama:gemma3:12b,D+T,NCT04674748,0.5,0,2021.0,2022-05-13
ollama:gemma3:12b,D+T,NCT05502081,0.4,1,2022.0,2022-12-28
ollama:gemma3:12b,D+T,NCT05097014,0.5,1,2021.0,2023-02-24
ollama:gemma3:12b,D+T,NCT05330689,0.3,0,2022.0,2022-09-07
ollama:gemma3:12b,D+T,NCT03582085,0.2,0,2022.0,2023-01-01
ollama:gemma3:12b,D+T,NCT04835714,0.6,0,2021.0,2022-01-18
ollama:gemma3:12b,D+T,NCT05399368,0.5,0,2022.0,2024-05-24
ollama:gemma3:12b,D+T,NCT05542095,0.2,0,2023.0,2023-05-01
ollama:gemma3:12b,D+T,NCT05270460,0.5,1,2022.0,2022-10-06
ollama:gemma3:12b,D+T,NCT03986086,0.4,0,2021.0,2023-12-31
ollama:gemma3:12b,D+T,NCT04846231,0.3,1,2021.0,2022-07-19
ollama:gemma3:12b,D+T,NCT04188639,0.6,1,2021.0,2023-01-04
ollama:gemma3:12b,D+T,NCT04604678,0.3,0,2021.0,2021-10-31
ollama:gemma3:12b,D+T,NCT05513391,0.7,0,2022.0,2023-10-03
ollama:gemma3:12b,D+T,NCT05664100,0.6,0,2022.0,2023-04-12
ollama:gemma3:12b,D+T,NCT04697056,0.5,0,2021.0,2021-11-19
ollama:gemma3:12b,D+T,NCT05205837,0.4,0,2021.0,2023-08-15
ollama:gemma3:12b,D+T,NCT04614051,0.7,0,2021.0,2022-05-10
ollama:gemma3:12b,D+T,NCT05540665,0.5,0,2023.0,2024-01-04
ollama:gemma3:12b,D+T,NCT05281562,0.4,0,2022.0,2023-03-20
ollama:gemma3:12b,D+T,NCT03814109,0.3,0,2022.0,2024-01-31
ollama:gemma3:12b,D+T,NCT05705167,0.4,0,2023.0,2024-04-19
ollama:gemma3:12b,D+T,NCT05359081,0.7,0,2022.0,2024-03-28
ollama:gemma3:12b,D+T,NCT05110781,0.5,0,2021.0,2023-04-18
ollama:gemma3:12b,D+T,NCT04911790,0.8,1,2021.0,2023-08-31
ollama:gemma3:12b,D+T,NCT05424380,0.6,0,2022.0,2024-03-04
ollama:gemma3:12b,D+T,NCT05492695,0.4,0,2022.0,2023-09-28
ollama:gemma3:12b,D+T,NCT05652907,0.3,0,2023.0,2023-05-24
ollama:gemma3:12b,D+T,NCT05966584,0.6,0,2023.0,2024-08-02
ollama:gemma3:12b,D+T,NCT04648319,0.3,0,2021.0,2022-01-17
ollama:gemma3:12b,D+T,NCT05738161,0.2,0,2023.0,2024-02-27
ollama:gemma3:12b,D+T,NCT05015972,0.1,0,2021.0,2023-12-31
ollama:gemma3:12b,D+T,NCT04999488,0.2,0,2023.0,2024-12-31
ollama:gemma3:12b,D+T,NCT04891133,0.5,0,2021.0,2023-01-23
ollama:gemma3:12b,D+T,NCT05731492,0.4,0,2024.0,2024-04-01
ollama:gemma3:12b,D+T,NCT04950114,0.5,0,2021.0,2022-11-02
ollama:gemma3:12b,D+T,NCT04984278,0.6,0,2021.0,2022-11-11
ollama:gemma3:12b,D+T,NCT04054752,0.2,0,2023.0,2023-11-01
ollama:gemma3:12b,D+T,NCT05457491,0.1,0,2021.0,2022-07-07
ollama:gemma3:12b,D+T,NCT03944902,0.3,0,2021.0,2022-01-05
ollama:gemma3:12b,D+T,NCT05167526,0.1,0,2022.0,2022-11-10
ollama:gemma3:12b,D+T,NCT04920578,0.3,0,2021.0,2023-02-27
ollama:gemma3:12b,D+T,NCT05021484,0.5,1,2021.0,2024-03-07
ollama:gemma3:12b,D+T,NCT04627831,0.7,0,2022.0,2023-04-30
ollama:gemma3:12b,D+T,NCT04476628,0.3,0,2021.0,2022-02-28
ollama:gemma3:12b,D+T,NCT04944654,0.7,0,2023.0,2023-05-11
ollama:gemma3:12b,D+T,NCT05665647,0.4,1,2022.0,2023-02-14
ollama:gemma3:12b,D+T,NCT06061081,0.6,0,2023.0,2024-11-04
ollama:gemma3:12b,D+T,NCT04684381,0.8,1,2021.0,2021-06-30
ollama:gemma3:12b,D+T,NCT05155020,0.4,0,2022.0,2022-08-05
ollama:gemma3:12b,D+T,NCT05141357,0.4,0,2022.0,2023-04-19
ollama:gemma3:12b,D+T,NCT04853329,0.3,0,2021.0,2024-12-31
ollama:gemma3:12b,D+T,NCT05008510,0.4,0,2021.0,2023-06-30
ollama:gemma3:12b,D+T,NCT04492436,0.5,0,2021.0,2024-07-31
ollama:gemma3:12b,D+T,NCT05757492,0.3,0,2023.0,2024-07-31
ollama:gemma3:12b,D+T,NCT04834973,0.2,0,2021.0,2022-07-12
ollama:gemma3:12b,D+T,NCT04981717,0.6,0,2021.0,2023-04-24
ollama:gemma3:12b,D+T,NCT04531865,0.7,0,2021.0,2022-10-01
ollama:gemma3:12b,D+T,NCT05039931,0.2,0,2021.0,2023-06-30
ollama:gemma3:12b,D+T,NCT05020665,0.5,0,2021.0,2023-03-30
ollama:gemma3:12b,D+T,NCT05238896,0.6,0,2022.0,2023-03-31
ollama:gemma3:12b,D+T,NCT05412706,0.5,0,2023.0,2023-09-04
ollama:gemma3:12b,D+T,NCT05227456,0.4,0,2022.0,2024-04-30
ollama:gemma3:12b,D+T,NCT04931511,0.6,0,2021.0,2022-09-01
ollama:gemma3:12b,D+T,NCT04084678,0.6,0,2021.0,2023-04-12
ollama:gemma3:12b,D+T,NCT05147415,0.4,0,2021.0,2022-12-09
ollama:gemma3:12b,D+T,NCT04849377,0.5,0,2022.0,2022-06-14
ollama:gemma3:12b,D+T,NCT05284019,0.7,0,2022.0,2023-04-14
ollama:gemma3:12b,D+T,NCT04410042,0.7,0,2021.0,2024-01-16
ollama:gemma3:12b,D+T,NCT04634344,0.3,0,2021.0,2022-05-05
ollama:gemma3:12b,D+T,NCT04947579,0.4,0,2021.0,2023-02-21
ollama:gemma3:12b,D+T,NCT05079360,0.4,0,2023.0,2024-05-26
ollama:gemma3:12b,D+T,NCT05262101,0.3,0,2022.0,2023-11-30
ollama:gemma3:12b,D+T,NCT05284604,0.2,0,2023.0,2023-01-31
ollama:gemma3:12b,D+T,NCT05233410,0.7,0,2023.0,2024-09-22
ollama:gemma3:12b,D+T,NCT04650399,0.6,1,2022.0,2024-02-15
ollama:gemma3:12b,D+T,NCT05250856,0.3,0,2022.0,2023-12-12
ollama:gemma3:12b,D+T,NCT05406765,0.6,1,2022.0,2022-10-07
ollama:gemma3:12b,D+T,NCT04459338,0.5,1,2021.0,2022-06-14
ollama:gemma3:12b,D+T,NCT04829214,0.4,1,2021.0,2022-06-30
ollama:gemma3:12b,D+T,NCT05152849,0.3,0,2021.0,2022-06-29
ollama:gemma3:12b,D+T,NCT05066698,0.4,0,2022.0,2022-09-07
ollama:gemma3:12b,D+T,NCT05111249,0.2,0,2021.0,2023-10-27
ollama:gemma3:12b,D+T,NCT05118763,0.3,0,2022.0,2022-12-31
ollama:gemma3:12b,D+T,NCT04684550,0.5,0,2021.0,2021-08-15
ollama:gemma3:12b,D+T,NCT06115460,0.6,1,2022.0,2023-06-15
ollama:gemma3:12b,D+T,NCT04386239,0.2,0,2021.0,2023-01-01
ollama:gemma3:12b,D+T,NCT05293509,0.4,0,2022.0,2023-09-18
ollama:gemma3:12b,D+T,NCT04828174,0.2,0,2021.0,2023-11-26
ollama:gemma3:12b,D+T,NCT04969991,0.3,0,2021.0,2022-11-22
ollama:gemma3:12b,D+T,NCT04557475,0.6,0,2022.0,2023-06-11
ollama:gemma3:12b,D+T,NCT05005910,0.5,1,2021.0,2022-12-01
ollama:gemma3:12b,D+T,NCT05009732,0.4,0,2021.0,2023-07-14
ollama:gemma3:12b,D+T,NCT03634488,0.4,1,2021.0,2022-11-09
ollama:gemma3:12b,D+T,NCT05110599,0.3,0,2022.0,2023-10-01
ollama:gemma3:12b,D+T,NCT03125187,0.4,0,2021.0,2022-11-10
ollama:gemma3:12b,D+T,NCT04920331,0.3,0,2021.0,2022-02-04
ollama:gemma3:12b,D+T,NCT04953052,0.3,0,2021.0,2022-11-30
ollama:gemma3:12b,D+T,NCT04037241,0.2,0,2021.0,2022-01-01
ollama:gemma3:12b,D+T,NCT05094050,0.4,1,2022.0,2023-03-17
ollama:gemma3:12b,D+T,NCT04766996,0.6,0,2021.0,2021-12-27
ollama:gemma3:12b,D+T,NCT04243941,0.6,0,2022.0,2024-02-07
ollama:gemma3:12b,D+T,NCT05027867,0.4,0,2021.0,2022-08-26
ollama:gemma3:12b,D+T,NCT06056310,0.5,0,2024.0,2024-08-20
ollama:gemma3:12b,D+T,NCT05814523,0.7,0,2024.0,2024-08-31
ollama:gemma3:12b,D+T,NCT05275400,0.8,1,2022.0,2024-05-15
ollama:gemma3:12b,D+T,NCT05214196,0.3,0,2021.0,2021-12-07
ollama:gemma3:12b,D+T,NCT04235322,0.6,0,2021.0,2023-04-18
ollama:gemma3:12b,D+T,NCT04946864,0.5,0,2021.0,2024-10-01
ollama:gemma3:12b,D+T,NCT04761822,0.4,1,2021.0,2022-04-27
ollama:gemma3:12b,D+T,NCT05038982,0.6,1,2021.0,2022-07-11
ollama:gemma3:12b,D+T,NCT04762225,0.4,0,2021.0,2022-10-11
ollama:gemma3:12b,D+T,NCT05554627,0.5,0,2023.0,2023-10-27
ollama:gemma3:12b,D+T,NCT04932941,0.4,1,2021.0,2022-09-05
ollama:gemma3:12b,D+T,NCT04880213,0.3,1,2021.0,2021-11-23
ollama:gemma3:12b,D+T,NCT06484881,0.2,0,2024.0,2024-10-10
ollama:gemma3:12b,D+T,NCT04077749,0.3,0,2021.0,2021-09-15
ollama:gemma3:12b,D+T,NCT04707703,0.6,0,2021.0,2021-10-25
ollama:gemma3:12b,D+T,NCT05074433,0.7,0,2021.0,2022-05-18
ollama:gemma3:12b,D+T,NCT05652660,0.6,1,2022.0,2023-03-06
ollama:gemma3:12b,D+T,NCT05017103,0.5,0,2021.0,2024-02-20
ollama:gemma3:12b,D+T,NCT04725240,0.7,1,2021.0,2022-06-28
ollama:gemma3:12b,D+T,NCT05283954,0.2,0,2022.0,2022-07-30
ollama:gemma3:12b,D+T,NCT05128773,0.7,0,2022.0,2022-10-13
ollama:gemma3:12b,D+T,NCT05136833,0.3,0,2021.0,2022-12-31
ollama:gemma3:12b,D+T,NCT04732169,0.3,0,2021.0,2021-07-09
ollama:gemma3:12b,D+T,NCT04907968,0.3,0,2021.0,2023-10-03
ollama:gemma3:12b,D+T,NCT05418673,0.6,0,2022.0,2023-07-27
ollama:gemma3:12b,D+T,NCT04863014,0.5,0,2021.0,2023-02-15
ollama:gemma3:12b,D+T,NCT04391868,0.8,0,2021.0,2021-04-28
ollama:gemma3:12b,D+T,NCT05405686,0.4,0,2023.0,2024-08-01
ollama:gemma3:12b,D+T,NCT05101122,0.4,1,2021.0,2022-04-18
ollama:gemma3:12b,D+T,NCT05030350,0.5,0,2021.0,2022-09-23
ollama:gemma3:12b,D+T,NCT05179603,0.4,0,2021.0,2024-09-06
ollama:gemma3:12b,D+T,NCT04120987,0.6,0,2021.0,2022-06-25
ollama:gemma3:12b,D+T,NCT06049329,0.3,1,2023.0,2023-12-15
ollama:gemma3:12b,D+T,NCT05153408,0.3,0,2022.0,2022-12-09
ollama:gemma3:12b,D+T,NCT04816071,0.3,0,2021.0,2021-05-01
ollama:gemma3:12b,D+T,NCT04786600,0.3,0,2022.0,2024-03-19
ollama:gemma3:12b,D+T,NCT05264922,0.2,0,2022.0,2022-07-22
ollama:gemma3:12b,D+T,NCT04783766,0.4,1,2021.0,2021-08-05
ollama:gemma3:12b,D+T,NCT04527549,0.4,0,2021.0,2024-01-08
ollama:gemma3:12b,D+T,NCT05059301,0.6,1,2021.0,2022-06-30
ollama:gemma3:12b,D+T,NCT04964388,0.4,0,2021.0,2023-07-01
ollama:gemma3:12b,D+T,NCT05053126,0.5,1,2021.0,2022-04-01
ollama:gemma3:12b,D+T,NCT05298202,0.4,1,2022.0,2022-10-01
ollama:gemma3:12b,D+T,NCT06021119,0.4,1,2023.0,2023-04-21
ollama:gemma3:12b,D+T,NCT05119712,0.2,0,2021.0,2024-10-15
ollama:gemma3:12b,D+T,NCT04797468,0.3,0,2022.0,2023-01-13
ollama:gemma3:12b,D+T,NCT04641273,0.4,0,2021.0,2021-10-18
ollama:gemma3:12b,D+T,NCT05013385,0.5,0,2021.0,2022-05-31
ollama:gemma3:12b,D+T,NCT04764630,0.6,1,2021.0,2021-03-20
ollama:gemma3:12b,D+T,NCT05552859,0.7,0,2022.0,2023-08-04
ollama:gemma3:12b,D+T,NCT06178367,0.5,1,2023.0,2023-09-30
ollama:gemma3:12b,D+T,NCT04756427,0.8,0,2022.0,2023-11-28
ollama:gemma3:12b,D+T,NCT05362058,0.4,1,2022.0,2024-04-10
ollama:gemma3:12b,D+T,NCT04290871,0.3,0,2023.0,2024-04-01
ollama:gemma3:12b,D+T,NCT06065059,0.2,0,2023.0,2024-05-22
ollama:gemma3:12b,D+T,NCT03281681,0.2,0,2021.0,2022-09-30
ollama:gemma3:12b,D+T,NCT04898309,0.3,0,2021.0,2023-05-31
ollama:gemma3:12b,D+T,NCT06329687,0.9,0,2024.0,2024-02-28
ollama:gemma3:12b,D+T,NCT04978818,0.7,1,2022.0,2023-10-26
ollama:gemma3:12b,D+T,NCT03792295,0.4,0,2021.0,2022-07-01
ollama:gemma3:12b,D+T,NCT05525455,0.1,0,2022.0,2023-09-07
ollama:gemma3:12b,D+T,NCT04430283,0.3,0,2021.0,2022-03-04
ollama:gemma3:12b,D+T,NCT04862416,0.4,1,2021.0,2022-06-29
ollama:gemma3:12b,D+T,NCT04511026,0.5,0,2021.0,2021-06-10
ollama:gemma3:12b,D+T,NCT04934670,0.4,0,2022.0,2023-01-19
ollama:gemma3:12b,D+T,NCT05703555,0.3,0,2024.0,2024-02-16
ollama:gemma3:12b,D+T,NCT05181995,0.3,0,2021.0,2023-03-30
ollama:gemma3:12b,D+T,NCT04661917,0.2,0,2021.0,2022-05-19
ollama:gemma3:12b,D+T,NCT05076422,0.5,0,2021.0,2023-03-03
ollama:gemma3:12b,D+T,NCT04607252,0.4,0,2021.0,2021-06-03
ollama:gemma3:12b,D+T,NCT05061537,0.3,0,2021.0,2022-10-14
ollama:gemma3:12b,D+T,NCT04801641,0.2,0,2021.0,2023-08-14
ollama:gemma3:12b,D+T,NCT04963413,0.3,0,2022.0,2023-09-28
ollama:gemma3:12b,D+T,NCT04804254,0.3,0,2021.0,2023-01-11
ollama:gemma3:12b,D+T,NCT05006417,0.6,0,2022.0,2022-11-23
ollama:gemma3:12b,D+T,NCT06079320,0.4,0,2023.0,2024-09-30
ollama:gemma3:12b,D+T,NCT05099549,0.2,0,2021.0,2023-09-21
ollama:gemma3:12b,D+T,NCT05299580,0.5,0,2021.0,2023-03-30
ollama:gemma3:12b,D+T,NCT05979415,0.4,0,2023.0,2024-02-28
ollama:gemma3:12b,D+T,NCT05926440,0.7,0,2023.0,2023-08-17
ollama:gemma3:12b,D+T,NCT05043987,0.2,0,2022.0,2022-11-16
ollama:gemma3:12b,D+T,NCT05047640,0.6,0,2021.0,2022-10-25
ollama:gemma3:12b,D+T,NCT05961007,0.5,0,2021.0,2024-04-30
ollama:gemma3:12b,D+T,NCT05481489,0.6,0,2023.0,2023-04-24
ollama:gemma3:12b,D+T,NCT05516849,0.3,0,2022.0,2023-08-03
ollama:gemma3:12b,D+T,NCT05229900,0.3,0,2022.0,2023-12-13
ollama:gemma3:12b,D+T,NCT05368558,0.5,0,2022.0,2024-09-20
ollama:gemma3:12b,D+T,NCT02811133,0.4,0,2023.0,2023-10-04
ollama:gemma3:12b,D+T,NCT05544734,0.5,1,2022.0,2023-06-01
ollama:gemma3:12b,D+T,NCT05434091,0.3,0,2022.0,2023-03-29
ollama:gemma3:12b,D+T,NCT04262193,0.4,0,2021.0,2024-07-30
ollama:gemma3:12b,D+T,NCT06090318,0.3,0,2023.0,2023-05-30
ollama:gemma3:12b,D+T,NCT05517837,0.2,0,2022.0,2023-07-14
ollama:gemma3:12b,D+T,NCT04860466,0.3,0,2022.0,2024-07-31
ollama:gemma3:12b,D+T,NCT04632940,0.6,0,2021.0,2023-12-14
ollama:gemma3:12b,D+T,NCT04166734,0.4,0,2021.0,2023-07-25
ollama:gemma3:12b,D+T,NCT04630158,0.5,1,2021.0,2023-06-08
ollama:gemma3:12b,D+T,NCT05240560,0.4,0,2023.0,2024-02-08
ollama:gemma3:12b,D+T,NCT04804033,0.65,0,2021.0,2024-03-21
ollama:gemma3:12b,D+T,NCT05156645,0.35,0,2022.0,2022-12-01
ollama:gemma3:12b,D+T,NCT05226390,0.25,0,2022.0,2023-11-21
ollama:gemma3:12b,D+T,NCT04560309,0.45,1,2021.0,2021-11-23
ollama:gemma3:12b,D+T,NCT04800627,0.3,0,2021.0,2022-11-03
ollama:gemma3:12b,D+T,NCT04446637,0.55,0,2021.0,2022-09-03
ollama:gemma3:12b,D+T,NCT04161118,0.3,0,2021.0,2023-02-24
ollama:gemma3:12b,D+T,NCT05441930,0.4,0,2023.0,2024-03-14
ollama:gemma3:12b,D+T,NCT04894123,0.35,0,2022.0,2023-02-13
ollama:gemma3:12b,D+T,NCT04752566,0.6,1,2021.0,2022-08-03
ollama:gemma3:12b,D+T,NCT05008913,0.2,0,2021.0,2021-11-16
ollama:gemma3:12b,D+T,NCT05213143,0.75,0,2021.0,2022-11-18
ollama:gemma3:12b,D+T,NCT04928430,0.55,0,2021.0,2022-11-28
ollama:gemma3:12b,D+T,NCT04760782,0.3,0,2022.0,2023-08-14
ollama:gemma3:12b,D+T,NCT04991688,0.4,0,2021.0,2023-03-03
ollama:gemma3:12b,D+T,NCT05808881,0.7,0,2023.0,2024-05-31
ollama:gemma3:12b,D+T,NCT04871737,0.35,1,2021.0,2022-09-30
ollama:gemma3:12b,D+T,NCT04818736,0.4,0,2021.0,2021-12-31
ollama:gemma3:12b,D+T,NCT05437419,0.45,1,2022.0,2023-07-27
ollama:gemma3:12b,D+T,NCT04634253,0.5,1,2021.0,2022-06-29
ollama:gemma3:12b,D+T,NCT05251038,0.35,0,2022.0,2023-01-31
ollama:gemma3:12b,D+T,NCT04957290,0.25,0,2021.0,2023-06-07
ollama:gemma3:12b,D+T,NCT04536077,0.4,0,2021.0,2023-11-21
ollama:gemma3:12b,D+T,NCT04665921,0.3,0,2021.0,2024-03-01
ollama:gemma3:12b,D+T,NCT04676867,0.45,1,2021.0,2021-05-17
ollama:gemma3:12b,D+T,NCT05592223,0.3,0,2022.0,2023-12-01
ollama:gemma3:12b,D+T,NCT04788511,0.7,1,2021.0,2023-04-18
ollama:gemma3:12b,D+T,NCT06046482,0.4,0,2023.0,2024-08-26
ollama:gemma3:12b,D+T,NCT04814537,0.6,1,2021.0,2022-03-23
ollama:gemma3:12b,D+T,NCT05097651,0.3,0,2021.0,2023-08-31
ollama:gemma3:12b,D+T,NCT05546411,0.4,0,2023.0,2023-10-13
ollama:gemma3:12b,D+T,NCT05703464,0.7,0,2023.0,2023-03-03
ollama:gemma3:12b,D+T,NCT04927169,0.3,0,2021.0,2022-03-30
ollama:gemma3:12b,D+T,NCT04760626,0.7,1,2021.0,2022-08-29
ollama:gemma3:12b,D+T,NCT04736602,0.6,1,2021.0,2022-09-03
ollama:gemma3:12b,D+T,NCT04652479,0.4,1,2021.0,2022-06-30
ollama:gemma3:12b,D+T,NCT05456854,0.3,0,2022.0,2024-08-01
ollama:gemma3:12b,D+T,NCT05504486,0.5,0,2022.0,2023-04-05
ollama:gemma3:12b,D+T,NCT04770155,0.2,0,2021.0,2021-09-20
ollama:gemma3:12b,D+T,NCT05666453,0.5,0,2022.0,2024-07-01
ollama:gemma3:12b,D+T,NCT05039190,0.6,1,2021.0,2023-01-14
ollama:gemma3:12b,D+T,NCT03720990,0.3,1,2021.0,2023-09-30
ollama:gemma3:12b,D+T,NCT05260008,0.5,0,2022.0,2024-01-15
ollama:gemma3:12b,D+T,NCT05878704,0.4,0,2023.0,2024-07-29
ollama:gemma3:12b,D+T,NCT05497934,0.2,0,2022.0,2024-03-31
ollama:gemma3:12b,D+T,NCT05140824,0.4,0,2021.0,2022-12-14
ollama:gemma3:12b,D+T,NCT04387617,0.5,1,2021.0,2022-01-31
ollama:gemma3:12b,D+T,NCT04218825,0.3,0,2022.0,2023-04-04
ollama:gemma3:12b,D+T,NCT03883893,0.6,0,2021.0,2023-04-30
ollama:gemma3:12b,D+T,NCT06422377,0.5,0,2024.0,2024-08-14
ollama:gemma3:12b,D+T,NCT05006885,0.4,1,2021.0,2022-08-17
ollama:gemma3:12b,D+T,NCT05376319,0.3,0,2023.0,2024-05-07
ollama:gemma3:12b,D+T,NCT04927975,0.5,1,2021.0,2023-08-29
ollama:gemma3:12b,D+T,NCT05157464,0.6,0,2023.0,2024-12-31
ollama:gemma3:12b,D+T,NCT03602898,0.4,0,2021.0,2023-09-17
ollama:gemma3:12b,D+T,NCT05116046,0.5,0,2021.0,2023-03-30
ollama:gemma3:12b,D+T,NCT05014919,0.6,0,2021.0,2022-04-28
ollama:gemma3:12b,D+T,NCT04863339,0.6,0,2022.0,2022-04-30
ollama:gemma3:12b,D+T,NCT05095246,0.3,0,2022.0,2024-10-30
ollama:gemma3:12b,D+T,NCT06181227,0.5,0,2023.0,2024-04-05
ollama:gemma3:12b,D+T,NCT05096884,0.2,0,2022.0,2023-09-12
ollama:gemma3:12b,D+T,NCT05097079,0.6,0,2021.0,2023-05-31
ollama:gemma3:12b,D+T,NCT05222269,0.4,0,2022.0,2023-01-25
ollama:gemma3:12b,D+T,NCT05169437,0.4,0,2022.0,2024-08-27
ollama:gemma3:12b,D+T,NCT04789330,0.7,0,2021.0,2022-04-01
ollama:gemma3:12b,D+T,NCT04327986,0.4,0,2021.0,2022-02-03
ollama:gemma3:12b,D+T,NCT03326128,0.5,0,2021.0,2023-07-01
ollama:gemma3:12b,D+T,NCT05264506,0.7,0,2022.0,2024-01-26
ollama:gemma3:12b,D+T,NCT05625347,0.4,0,2023.0,2023-06-30
ollama:gemma3:12b,D+T,NCT04357951,0.3,0,2023.0,2024-09-30
ollama:gemma3:12b,D+T,NCT04864522,0.3,0,2023.0,2023-11-30
ollama:gemma3:12b,D+T,NCT04896541,0.4,1,2021.0,2022-06-14
ollama:gemma3:12b,D+T,NCT04811040,0.4,1,2021.0,2023-10-17
ollama:gemma3:12b,D+T,NCT05094206,0.2,0,2022.0,2024-01-29
ollama:gemma3:12b,D+T,NCT05165732,0.7,0,2022.0,2023-08-20
ollama:gemma3:12b,D+T+ID+S,NCT05035095,0.75,1,2021.0,2023-05-12
ollama:gemma3:12b,D+T+ID+S,NCT05744115,0.65,0,2021.0,2022-04-14
ollama:gemma3:12b,D+T+ID+S,NCT05253755,0.55,0,2021.0,2022-09-09
ollama:gemma3:12b,D+T+ID+S,NCT05003102,0.6,0,2023.0,2023-06-30
ollama:gemma3:12b,D+T+ID+S,NCT05674448,0.5,0,2021.0,2023-01-04
ollama:gemma3:12b,D+T+ID+S,NCT05695378,0.5,0,2023.0,2024-08-19
ollama:gemma3:12b,D+T+ID+S,NCT06085638,0.45,0,2023.0,2023-10-20
ollama:gemma3:12b,D+T+ID+S,NCT04320940,0.6,0,2021.0,2023-02-01
ollama:gemma3:12b,D+T+ID+S,NCT05060276,0.4,0,2022.0,2024-12-31
ollama:gemma3:12b,D+T+ID+S,NCT05622591,0.4,0,2024.0,2024-06-07
ollama:gemma3:12b,D+T+ID+S,NCT04748783,0.35,0,2021.0,2021-04-07
ollama:gemma3:12b,D+T+ID+S,NCT04406857,0.55,0,2021.0,2023-01-18
ollama:gemma3:12b,D+T+ID+S,NCT04478994,0.65,0,2021.0,2022-12-08
ollama:gemma3:12b,D+T+ID+S,NCT05607342,0.5,0,2023.0,2023-11-06
ollama:gemma3:12b,D+T+ID+S,NCT04629339,0.5,0,2021.0,2024-03-26
ollama:gemma3:12b,D+T+ID+S,NCT05139615,0.55,0,2021.0,2022-09-19
ollama:gemma3:12b,D+T+ID+S,NCT04108858,0.5,0,2021.0,2022-04-29
ollama:gemma3:12b,D+T+ID+S,NCT04355039,0.45,0,2021.0,2024-07-01
ollama:gemma3:12b,D+T+ID+S,NCT03709550,0.45,0,2021.0,2024-04-15
ollama:gemma3:12b,D+T+ID+S,NCT04243824,0.4,0,2021.0,2022-05-31
ollama:gemma3:12b,D+T+ID+S,NCT02133885,0.4,0,2023.0,2024-03-31
ollama:gemma3:12b,D+T+ID+S,NCT05044234,0.6,0,2021.0,2022-11-30
ollama:gemma3:12b,D+T+ID+S,NCT04672954,0.4,1,2021.0,2021-07-01
ollama:gemma3:12b,D+T+ID+S,NCT05098405,0.4,0,2021.0,2024-01-19
ollama:gemma3:12b,D+T+ID+S,NCT05542355,0.5,0,2023.0,2024-10-02
ollama:gemma3:12b,D+T+ID+S,NCT04631211,0.3,0,2021.0,2022-01-07
ollama:gemma3:12b,D+T+ID+S,NCT04791319,0.4,0,2021.0,2022-03-31
ollama:gemma3:12b,D+T+ID+S,NCT04200066,0.2,0,2022.0,2024-02-01
ollama:gemma3:12b,D+T+ID+S,NCT04391309,0.3,0,2021.0,2022-02-04
ollama:gemma3:12b,D+T+ID+S,NCT05563168,0.2,0,2023.0,2024-12-31
ollama:gemma3:12b,D+T+ID+S,NCT04961658,0.1,0,2021.0,2024-01-08
ollama:gemma3:12b,D+T+ID+S,NCT04625699,0.3,0,2022.0,2023-12-31
ollama:gemma3:12b,D+T+ID+S,NCT05356403,0.6,0,2022.0,2024-02-26
ollama:gemma3:12b,D+T+ID+S,NCT05378945,0.5,1,2022.0,2023-04-04
ollama:gemma3:12b,D+T+ID+S,NCT04759846,0.3,0,2021.0,2023-05-31
ollama:gemma3:12b,D+T+ID+S,NCT05767749,0.4,1,2023.0,2023-07-31
ollama:gemma3:12b,D+T+ID+S,NCT04746430,0.2,0,2021.0,2021-04-23
ollama:gemma3:12b,D+T+ID+S,NCT04773067,0.5,0,2021.0,2022-03-08
ollama:gemma3:12b,D+T+ID+S,NCT04834908,0.3,0,2021.0,2022-05-25
ollama:gemma3:12b,D+T+ID+S,NCT06281236,0.4,0,2024.0,2024-10-01
ollama:gemma3:12b,D+T+ID+S,NCT05156229,0.3,0,2021.0,2022-08-24
ollama:gemma3:12b,D+T+ID+S,NCT05266586,0.4,1,2022.0,2022-09-08
ollama:gemma3:12b,D+T+ID+S,NCT05303909,0.2,0,2022.0,2024-05-13
ollama:gemma3:12b,D+T+ID+S,NCT05178862,0.6,0,2022.0,2024-08-31
ollama:gemma3:12b,D+T+ID+S,NCT04596293,0.3,1,2021.0,2022-07-12
ollama:gemma3:12b,D+T+ID+S,NCT04588688,0.2,0,2021.0,2021-08-01
ollama:gemma3:12b,D+T+ID+S,NCT04900766,0.2,0,2021.0,2023-02-03
ollama:gemma3:12b,D+T+ID+S,NCT04709575,0.5,1,2021.0,2021-08-24
ollama:gemma3:12b,D+T+ID+S,NCT05121766,0.2,0,2022.0,2023-04-21
ollama:gemma3:12b,D+T+ID+S,NCT04521335,0.2,0,2021.0,2022-02-06
ollama:gemma3:12b,D+T+ID+S,NCT04795466,0.4,0,2021.0,2024-03-07
ollama:gemma3:12b,D+T+ID+S,NCT05085002,0.3,0,2021.0,2023-11-29
ollama:gemma3:12b,D+T+ID+S,NCT04443569,0.6,1,2021.0,2022-08-31
ollama:gemma3:12b,D+T+ID+S,NCT04644029,0.7,0,2021.0,2024-06-11
ollama:gemma3:12b,D+T+ID+S,NCT05366855,0.5,0,2022.0,2024-07-17
ollama:gemma3:12b,D+T+ID+S,NCT05494866,0.2,0,2022.0,2024-03-15
ollama:gemma3:12b,D+T+ID+S,NCT05567783,0.6,0,2022.0,2023-08-31
ollama:gemma3:12b,D+T+ID+S,NCT05077085,0.5,0,2022.0,2024-12-31
ollama:gemma3:12b,D+T+ID+S,NCT05244473,0.3,0,2022.0,2024-05-31
ollama:gemma3:12b,D+T+ID+S,NCT04263519,0.3,0,2021.0,2023-01-01
ollama:gemma3:12b,D+T+ID+S,NCT05420077,0.4,0,2022.0,2023-06-02
ollama:gemma3:12b,D+T+ID+S,NCT04358471,0.4,0,2021.0,2023-09-01
ollama:gemma3:12b,D+T+ID+S,NCT04822298,0.4,0,2021.0,2022-01-26
ollama:gemma3:12b,D+T+ID+S,NCT04834349,0.5,0,2021.0,2022-11-21
ollama:gemma3:12b,D+T+ID+S,NCT04736628,0.6,1,2021.0,2023-09-21
ollama:gemma3:12b,D+T+ID+S,NCT05064449,0.4,1,2021.0,2021-11-30
ollama:gemma3:12b,D+T+ID+S,NCT04674761,0.6,1,2021.0,2022-09-09
ollama:gemma3:12b,D+T+ID+S,NCT04498468,0.7,0,2021.0,2023-03-03
ollama:gemma3:12b,D+T+ID+S,NCT05238207,0.3,0,2022.0,2023-05-04
ollama:gemma3:12b,D+T+ID+S,NCT05029609,0.3,0,2021.0,2022-12-31
ollama:gemma3:12b,D+T+ID+S,NCT05083078,0.5,0,2021.0,2022-07-01
ollama:gemma3:12b,D+T+ID+S,NCT05629364,0.5,0,2023.0,2024-01-09
ollama:gemma3:12b,D+T+ID+S,NCT04637698,0.2,0,2021.0,2023-05-04
ollama:gemma3:12b,D+T+ID+S,NCT04876430,0.4,0,2021.0,2022-03-07
ollama:gemma3:12b,D+T+ID+S,NCT04861948,0.3,0,2021.0,2022-07-30
ollama:gemma3:12b,D+T+ID+S,NCT04740931,0.7,1,2021.0,2023-07-12
ollama:gemma3:12b,D+T+ID+S,NCT05510843,0.3,0,2022.0,2023-04-04
ollama:gemma3:12b,D+T+ID+S,NCT04842292,0.2,0,2021.0,2021-09-04
ollama:gemma3:12b,D+T+ID+S,NCT05162066,0.4,0,2022.0,2022-09-23
ollama:gemma3:12b,D+T+ID+S,NCT05506930,0.1,0,2022.0,2024-05-10
ollama:gemma3:12b,D+T+ID+S,NCT05682222,0.1,1,2022.0,2022-10-14
ollama:gemma3:12b,D+T+ID+S,NCT05135650,0.2,0,2022.0,2023-01-10
ollama:gemma3:12b,D+T+ID+S,NCT05238844,0.3,0,2022.0,2022-05-25
ollama:gemma3:12b,D+T+ID+S,NCT04731298,0.4,0,2021.0,2022-04-21
ollama:gemma3:12b,D+T+ID+S,NCT04639024,0.2,0,2021.0,2022-11-03
ollama:gemma3:12b,D+T+ID+S,NCT05717400,0.1,0,2023.0,2024-08-29
ollama:gemma3:12b,D+T+ID+S,NCT05155085,0.5,0,2022.0,2024-04-17
ollama:gemma3:12b,D+T+ID+S,NCT05569512,0.2,0,2022.0,2023-12-06
ollama:gemma3:12b,D+T+ID+S,NCT04954326,0.4,1,2021.0,2022-05-20
ollama:gemma3:12b,D+T+ID+S,NCT04052139,0.1,1,2021.0,2021-12-15
ollama:gemma3:12b,D+T+ID+S,NCT04325503,0.1,1,2021.0,2022-06-30
ollama:gemma3:12b,D+T+ID+S,NCT04773587,0.6,1,2021.0,2022-08-30
ollama:gemma3:12b,D+T+ID+S,NCT05041101,0.2,0,2021.0,2024-09-06
ollama:gemma3:12b,D+T+ID+S,NCT05162365,0.4,0,2022.0,2022-11-18
ollama:gemma3:12b,D+T+ID+S,NCT03095404,0.2,0,2021.0,2022-02-28
ollama:gemma3:12b,D+T+ID+S,NCT04354103,0.3,0,2022.0,2024-01-19
ollama:gemma3:12b,D+T+ID+S,NCT06137651,0.3,0,2023.0,2024-03-27
ollama:gemma3:12b,D+T+ID+S,NCT05673109,0.2,0,2023.0,2023-10-08
ollama:gemma3:12b,D+T+ID+S,NCT04737109,0.3,0,2021.0,2022-08-15
ollama:gemma3:12b,D+T+ID+S,NCT05694013,0.4,0,2023.0,2024-07-04
ollama:gemma3:12b,D+T+ID+S,NCT05469802,0.4,0,2024.0,2024-07-05
ollama:gemma3:12b,D+T+ID+S,NCT05489991,0.3,0,2022.0,2023-05-03
ollama:gemma3:12b,D+T+ID+S,NCT04497038,0.2,0,2021.0,2023-05-02
ollama:gemma3:12b,D+T+ID+S,NCT05065411,0.5,0,2022.0,2024-01-09
ollama:gemma3:12b,D+T+ID+S,NCT05447364,0.6,1,2021.0,2024-03-01
ollama:gemma3:12b,D+T+ID+S,NCT05160558,0.3,0,2022.0,2023-07-25
ollama:gemma3:12b,D+T+ID+S,NCT05198349,0.2,0,2022.0,2023-08-10
ollama:gemma3:12b,D+T+ID+S,NCT04741204,0.4,0,2022.0,2022-09-30
ollama:gemma3:12b,D+T+ID+S,NCT04855591,0.3,0,2021.0,2021-11-18
ollama:gemma3:12b,D+T+ID+S,NCT04611139,0.3,0,2021.0,2024-06-30
ollama:gemma3:12b,D+T+ID+S,NCT04475991,0.2,0,2021.0,2022-03-25
ollama:gemma3:12b,D+T+ID+S,NCT05182840,0.4,1,2022.0,2023-07-10
ollama:gemma3:12b,D+T+ID+S,NCT05788185,0.2,0,2023.0,2023-09-21
ollama:gemma3:12b,D+T+ID+S,NCT04309721,0.5,0,2022.0,2023-11-13
ollama:gemma3:12b,D+T+ID+S,NCT05760703,0.4,0,2023.0,2023-12-11
ollama:gemma3:12b,D+T+ID+S,NCT04682366,0.6,0,2021.0,2022-11-10
ollama:gemma3:12b,D+T+ID+S,NCT04938180,0.3,0,2021.0,2022-05-17
ollama:gemma3:12b,D+T+ID+S,NCT06301308,0.5,0,2023.0,2024-02-29
ollama:gemma3:12b,D+T+ID+S,NCT05609045,0.3,0,2023.0,2023-12-31
ollama:gemma3:12b,D+T+ID+S,NCT04985825,0.3,0,2021.0,2022-08-17
ollama:gemma3:12b,D+T+ID+S,NCT05053035,0.4,0,2021.0,2022-10-28
ollama:gemma3:12b,D+T+ID+S,NCT05032118,0.5,0,2023.0,2023-04-27
ollama:gemma3:12b,D+T+ID+S,NCT05835011,0.3,0,2023.0,2023-08-21
ollama:gemma3:12b,D+T+ID+S,NCT05137002,0.4,0,2021.0,2022-10-10
ollama:gemma3:12b,D+T+ID+S,NCT04994002,0.2,0,2021.0,2022-06-30
ollama:gemma3:12b,D+T+ID+S,NCT05556265,0.65,0,2022.0,2024-05-16
ollama:gemma3:12b,D+T+ID+S,NCT04629703,0.55,0,2021.0,2022-09-05
ollama:gemma3:12b,D+T+ID+S,NCT05061992,0.45,1,2021.0,2022-11-01
ollama:gemma3:12b,D+T+ID+S,NCT03532958,0.35,0,2021.0,2022-11-30
ollama:gemma3:12b,D+T+ID+S,NCT05317013,0.25,0,2022.0,2022-09-22
ollama:gemma3:12b,D+T+ID+S,NCT05475821,0.2,0,2022.0,2022-09-26
ollama:gemma3:12b,D+T+ID+S,NCT04167618,0.3,0,2021.0,2022-08-11
ollama:gemma3:12b,D+T+ID+S,NCT04760314,0.7,1,2021.0,2023-02-01
ollama:gemma3:12b,D+T+ID+S,NCT06489860,0.4,0,2024.0,2024-10-04
ollama:gemma3:12b,D+T+ID+S,NCT05344625,0.2,0,2023.0,2024-03-15
ollama:gemma3:12b,D+T+ID+S,NCT04978298,0.3,1,2021.0,2023-02-26
ollama:gemma3:12b,D+T+ID+S,NCT05193370,0.4,0,2022.0,2022-11-30
ollama:gemma3:12b,D+T+ID+S,NCT05370040,0.25,0,2022.0,2024-03-11
ollama:gemma3:12b,D+T+ID+S,NCT03952481,0.5,0,2021.0,2021-12-31
ollama:gemma3:12b,D+T+ID+S,NCT06056596,0.35,0,2024.0,2024-09-06
ollama:gemma3:12b,D+T+ID+S,NCT04750577,0.6,1,2021.0,2022-12-27
ollama:gemma3:12b,D+T+ID+S,NCT04921358,0.75,0,2021.0,2023-12-20
ollama:gemma3:12b,D+T+ID+S,NCT05035368,0.4,0,2021.0,2023-06-30
ollama:gemma3:12b,D+T+ID+S,NCT05764239,0.5,0,2023.0,2024-03-15
ollama:gemma3:12b,D+T+ID+S,NCT05198843,0.3,0,2022.0,2023-12-20
ollama:gemma3:12b,D+T+ID+S,NCT05934942,0.8,0,2023.0,2024-02-08
ollama:gemma3:12b,D+T+ID+S,NCT05260541,0.45,0,2022.0,2022-09-23
ollama:gemma3:12b,D+T+ID+S,NCT03928275,0.3,0,2021.0,2022-09-01
ollama:gemma3:12b,D+T+ID+S,NCT05265728,0.7,0,2022.0,2024-05-27
ollama:gemma3:12b,D+T+ID+S,NCT04731051,0.2,0,2022.0,2022-12-31
ollama:gemma3:12b,D+T+ID+S,NCT05283304,0.3,0,2023.0,2023-11-19
ollama:gemma3:12b,D+T+ID+S,NCT05611853,0.2,0,2022.0,2023-12-25
ollama:gemma3:12b,D+T+ID+S,NCT04656691,0.7,0,2021.0,2021-04-18
ollama:gemma3:12b,D+T+ID+S,NCT05292976,0.6,0,2022.0,2022-12-31
ollama:gemma3:12b,D+T+ID+S,NCT04862741,0.3,1,2021.0,2022-10-05
ollama:gemma3:12b,D+T+ID+S,NCT05002114,0.4,0,2023.0,2023-01-31
ollama:gemma3:12b,D+T+ID+S,NCT04807400,0.7,1,2021.0,2023-01-13
ollama:gemma3:12b,D+T+ID+S,NCT05276401,0.5,0,2022.0,2022-06-15
ollama:gemma3:12b,D+T+ID+S,NCT04231279,0.4,0,2022.0,2023-06-15
ollama:gemma3:12b,D+T+ID+S,NCT04543955,0.3,0,2021.0,2022-06-03
ollama:gemma3:12b,D+T+ID+S,NCT04300140,0.2,0,2021.0,2023-08-14
ollama:gemma3:12b,D+T+ID+S,NCT05526716,0.7,1,2022.0,2023-06-21
ollama:gemma3:12b,D+T+ID+S,NCT05977127,0.6,0,2023.0,2024-03-21
ollama:gemma3:12b,D+T+ID+S,NCT05169931,0.5,0,2022.0,2022-05-31
ollama:gemma3:12b,D+T+ID+S,NCT04238390,0.6,0,2022.0,2024-12-31
ollama:gemma3:12b,D+T+ID+S,NCT04594941,0.3,1,2022.0,2022-05-26
ollama:gemma3:12b,D+T+ID+S,NCT03999658,0.2,0,2023.0,2024-07-31
ollama:gemma3:12b,D+T+ID+S,NCT04875975,0.4,0,2021.0,2024-04-26
ollama:gemma3:12b,D+T+ID+S,NCT04856891,0.5,1,2021.0,2023-01-09
ollama:gemma3:12b,D+T+ID+S,NCT05127473,0.1,1,2021.0,2022-05-14
ollama:gemma3:12b,D+T+ID+S,NCT05226299,0.4,1,2021.0,2022-08-30
ollama:gemma3:12b,D+T+ID+S,NCT05519527,0.2,0,2022.0,2023-02-15
ollama:gemma3:12b,D+T+ID+S,NCT04230720,0.6,0,2021.0,2021-12-31
ollama:gemma3:12b,D+T+ID+S,NCT05251233,0.5,0,2022.0,2024-06-27
ollama:gemma3:12b,D+T+ID+S,NCT02588807,0.2,0,2021.0,2022-05-31
ollama:gemma3:12b,D+T+ID+S,NCT03787082,0.3,0,2022.0,2023-12-31
ollama:gemma3:12b,D+T+ID+S,NCT05474690,0.2,0,2022.0,2024-08-30
ollama:gemma3:12b,D+T+ID+S,NCT04855240,0.4,1,2021.0,2022-03-14
ollama:gemma3:12b,D+T+ID+S,NCT04505878,0.2,0,2023.0,2023-12-31
ollama:gemma3:12b,D+T+ID+S,NCT05251376,0.3,0,2022.0,2022-12-19
ollama:gemma3:12b,D+T+ID+S,NCT04753957,0.4,0,2022.0,2022-02-01
ollama:gemma3:12b,D+T+ID+S,NCT05477498,0.3,0,2021.0,2022-12-31
ollama:gemma3:12b,D+T+ID+S,NCT04752020,0.2,1,2021.0,2023-12-30
ollama:gemma3:12b,D+T+ID+S,NCT04933916,0.2,0,2021.0,2023-05-01
ollama:gemma3:12b,D+T+ID+S,NCT05049161,0.3,0,2021.0,2022-05-18
ollama:gemma3:12b,D+T+ID+S,NCT04708236,0.1,0,2021.0,2021-07-31
ollama:gemma3:12b,D+T+ID+S,NCT04480190,0.3,0,2021.0,2022-04-04
ollama:gemma3:12b,D+T+ID+S,NCT05243524,0.2,0,2022.0,2023-08-31
ollama:gemma3:12b,D+T+ID+S,NCT04914676,0.3,0,2022.0,2024-08-26
ollama:gemma3:12b,D+T+ID+S,NCT04907851,0.2,0,2021.0,2023-11-30
ollama:gemma3:12b,D+T+ID+S,NCT05993143,0.1,0,2021.0,2021-07-21
ollama:gemma3:12b,D+T+ID+S,NCT05029856,0.3,0,2022.0,2022-08-31
ollama:gemma3:12b,D+T+ID+S,NCT04776044,0.3,0,2021.0,2022-08-09
ollama:gemma3:12b,D+T+ID+S,NCT05092646,0.2,0,2021.0,2023-11-10
ollama:gemma3:12b,D+T+ID+S,NCT04891718,0.2,0,2021.0,2022-06-05
ollama:gemma3:12b,D+T+ID+S,NCT04833959,0.3,0,2021.0,2024-03-31
ollama:gemma3:12b,D+T+ID+S,NCT05561530,0.4,0,2022.0,2023-06-15
ollama:gemma3:12b,D+T+ID+S,NCT05295927,0.3,0,2022.0,2022-09-30
ollama:gemma3:12b,D+T+ID+S,NCT05072080,0.4,1,2021.0,2023-04-03
ollama:gemma3:12b,D+T+ID+S,NCT05330013,0.4,0,2022.0,2022-06-23
ollama:gemma3:12b,D+T+ID+S,NCT05348681,0.6,0,2022.0,2023-02-28
ollama:gemma3:12b,D+T+ID+S,NCT04692467,0.4,1,2021.0,2023-12-30
ollama:gemma3:12b,D+T+ID+S,NCT04631601,0.3,0,2021.0,2023-10-23
ollama:gemma3:12b,D+T+ID+S,NCT05395052,0.2,0,2022.0,2023-08-11
ollama:gemma3:12b,D+T+ID+S,NCT04972968,0.5,0,2021.0,2023-07-24
ollama:gemma3:12b,D+T+ID+S,NCT05144347,0.3,0,2022.0,2022-11-01
ollama:gemma3:12b,D+T+ID+S,NCT04771143,0.1,0,2021.0,2022-01-03
ollama:gemma3:12b,D+T+ID+S,NCT04758949,0.4,0,2021.0,2021-12-22
ollama:gemma3:12b,D+T+ID+S,NCT05205759,0.7,0,2021.0,2022-04-05
ollama:gemma3:12b,D+T+ID+S,NCT04753606,0.5,1,2021.0,2021-08-30
ollama:gemma3:12b,D+T+ID+S,NCT04764448,0.4,0,2021.0,2024-05-29
ollama:gemma3:12b,D+T+ID+S,NCT04615949,0.3,0,2021.0,2022-11-30
ollama:gemma3:12b,D+T+ID+S,NCT04570436,0.8,1,2021.0,2022-11-10
ollama:gemma3:12b,D+T+ID+S,NCT04496674,0.2,0,2022.0,2023-05-03
ollama:gemma3:12b,D+T+ID+S,NCT05069012,0.9,1,2021.0,2022-07-23
ollama:gemma3:12b,D+T+ID+S,NCT03698448,0.4,0,2021.0,2022-11-01
ollama:gemma3:12b,D+T+ID+S,NCT04992208,0.8,1,2021.0,2023-08-31
ollama:gemma3:12b,D+T+ID+S,NCT04698915,0.5,0,2021.0,2023-11-30
ollama:gemma3:12b,D+T+ID+S,NCT06003075,0.4,0,2023.0,2024-07-05
ollama:gemma3:12b,D+T+ID+S,NCT04378244,0.1,0,2022.0,2024-07-12
ollama:gemma3:12b,D+T+ID+S,NCT04960397,0.7,0,2021.0,2024-04-12
ollama:gemma3:12b,D+T+ID+S,NCT04581785,0.3,0,2021.0,2023-01-10
ollama:gemma3:12b,D+T+ID+S,NCT04873895,0.3,0,2022.0,2024-04-25
ollama:gemma3:12b,D+T+ID+S,NCT05992922,0.6,0,2023.0,2023-12-19
ollama:gemma3:12b,D+T+ID+S,NCT04566133,0.3,0,2022.0,2022-12-31
ollama:gemma3:12b,D+T+ID+S,NCT05683860,0.4,0,2022.0,2023-06-30
ollama:gemma3:12b,D+T+ID+S,NCT04899349,0.3,0,2022.0,2023-05-10
ollama:gemma3:12b,D+T+ID+S,NCT05497284,0.3,0,2022.0,2024-09-26
ollama:gemma3:12b,D+T+ID+S,NCT04825223,0.6,0,2021.0,2022-07-22
ollama:gemma3:12b,D+T+ID+S,NCT04718376,0.3,0,2021.0,2023-05-22
ollama:gemma3:12b,D+T+ID+S,NCT05239663,0.5,0,2022.0,2024-07-31
ollama:gemma3:12b,D+T+ID+S,NCT04584034,0.6,0,2021.0,2023-04-30
ollama:gemma3:12b,D+T+ID+S,NCT05133180,0.7,1,2022.0,2022-12-19
ollama:gemma3:12b,D+T+ID+S,NCT05313386,0.4,0,2021.0,2022-02-21
ollama:gemma3:12b,D+T+ID+S,NCT01280669,0.3,0,2022.0,2024-12-31
ollama:gemma3:12b,D+T+ID+S,NCT05288283,0.6,0,2022.0,2023-09-28
ollama:gemma3:12b,D+T+ID+S,NCT04904185,0.2,0,2021.0,2024-07-02
ollama:gemma3:12b,D+T+ID+S,NCT05143489,0.6,0,2022.0,2024-04-17
ollama:gemma3:12b,D+T+ID+S,NCT05120960,0.3,0,2023.0,2024-04-12
ollama:gemma3:12b,D+T+ID+S,NCT04782245,0.3,0,2022.0,2024-04-30
ollama:gemma3:12b,D+T+ID+S,NCT05369390,0.4,1,2022.0,2024-01-09
ollama:gemma3:12b,D+T+ID+S,NCT05124795,0.3,0,2021.0,2023-05-31
ollama:gemma3:12b,D+T+ID+S,NCT02432417,0.2,0,2023.0,2023-11-10
ollama:gemma3:12b,D+T+ID+S,NCT04601610,0.3,0,2021.0,2022-05-30
ollama:gemma3:12b,D+T+ID+S,NCT04707352,0.4,1,2021.0,2023-03-26
ollama:gemma3:12b,D+T+ID+S,NCT04598321,0.3,0,2021.0,2022-12-06
ollama:gemma3:12b,D+T+ID+S,NCT06187376,0.3,0,2024.0,2024-07-16
ollama:gemma3:12b,D+T+ID+S,NCT03400306,0.4,0,2021.0,2021-11-16
ollama:gemma3:12b,D+T+ID+S,NCT05075538,0.7,0,2021.0,2024-01-08
ollama:gemma3:12b,D+T+ID+S,NCT04491084,0.2,0,2021.0,2022-08-18
ollama:gemma3:12b,D+T+ID+S,NCT05320380,0.3,0,2023.0,2023-09-01
ollama:gemma3:12b,D+T+ID+S,NCT04809012,0.2,0,2021.0,2024-06-30
ollama:gemma3:12b,D+T+ID+S,NCT04932915,0.1,0,2021.0,2022-01-10
ollama:gemma3:12b,D+T+ID+S,NCT04951492,0.3,0,2022.0,2023-10-15
ollama:gemma3:12b,D+T+ID+S,NCT05201703,0.4,0,2022.0,2023-12-15
ollama:gemma3:12b,D+T+ID+S,NCT05261490,0.3,0,2022.0,2024-02-15
ollama:gemma3:12b,D+T+ID+S,NCT05077930,0.1,0,2022.0,2022-04-07
ollama:gemma3:12b,D+T+ID+S,NCT05639192,0.2,0,2022.0,2023-08-18
ollama:gemma3:12b,D+T+ID+S,NCT04536181,0.5,0,2021.0,2022-10-01
ollama:gemma3:12b,D+T+ID+S,NCT04719832,0.4,1,2021.0,2023-11-21
ollama:gemma3:12b,D+T+ID+S,NCT04853355,0.3,0,2022.0,2022-10-31
ollama:gemma3:12b,D+T+ID+S,NCT05628545,0.1,0,2021.0,2024-10-31
ollama:gemma3:12b,D+T+ID+S,NCT04732429,0.3,0,2021.0,2023-10-20
ollama:gemma3:12b,D+T+ID+S,NCT05550363,0.6,0,2022.0,2023-09-30
ollama:gemma3:12b,D+T+ID+S,NCT04034004,0.2,1,2021.0,2022-12-22
ollama:gemma3:12b,D+T+ID+S,NCT05132569,0.4,0,2021.0,2023-02-21
ollama:gemma3:12b,D+T+ID+S,NCT05553639,0.2,0,2023.0,2024-04-29
ollama:gemma3:12b,D+T+ID+S,NCT04518137,0.2,0,2021.0,2022-05-30
ollama:gemma3:12b,D+T+ID+S,NCT05447507,0.5,1,2022.0,2022-10-26
ollama:gemma3:12b,D+T+ID+S,NCT04983407,0.1,0,2021.0,2023-08-14
ollama:gemma3:12b,D+T+ID+S,NCT04952571,0.2,0,2021.0,2022-12-31
ollama:gemma3:12b,D+T+ID+S,NCT04602117,0.3,0,2021.0,2021-11-17
ollama:gemma3:12b,D+T+ID+S,NCT05830747,0.6,1,2022.0,2022-12-10
ollama:gemma3:12b,D+T+ID+S,NCT04707534,0.3,1,2021.0,2022-03-04
ollama:gemma3:12b,D+T+ID+S,NCT04782661,0.4,0,2022.0,2022-09-23
ollama:gemma3:12b,D+T+ID+S,NCT04933240,0.4,0,2022.0,2024-12-31
ollama:gemma3:12b,D+T+ID+S,NCT04223661,0.3,0,2021.0,2023-12-31
ollama:gemma3:12b,D+T+ID+S,NCT05062083,0.6,0,2022.0,2024-01-30
ollama:gemma3:12b,D+T+ID+S,NCT04372940,0.7,0,2023.0,2024-01-31
ollama:gemma3:12b,D+T+ID+S,NCT05654870,0.6,0,2023.0,2023-11-08
ollama:gemma3:12b,D+T+ID+S,NCT04684121,0.5,0,2022.0,2024-08-01
ollama:gemma3:12b,D+T+ID+S,NCT04030052,0.5,0,2022.0,2023-01-19
ollama:gemma3:12b,D+T+ID+S,NCT04650854,0.5,1,2021.0,2024-01-25
ollama:gemma3:12b,D+T+ID+S,NCT05292755,0.8,1,2022.0,2022-07-01
ollama:gemma3:12b,D+T+ID+S,NCT03674320,0.4,0,2021.0,2024-12-01
ollama:gemma3:12b,D+T+ID+S,NCT05743777,0.4,0,2023.0,2023-05-12
ollama:gemma3:12b,D+T+ID+S,NCT05411575,0.3,0,2022.0,2022-10-31
ollama:gemma3:12b,D+T+ID+S,NCT05109650,0.2,0,2021.0,2023-03-23
ollama:gemma3:12b,D+T+ID+S,NCT04346394,0.3,0,2021.0,2023-08-01
ollama:gemma3:12b,D+T+ID+S,NCT05254808,0.6,0,2021.0,2022-02-14
ollama:gemma3:12b,D+T+ID+S,NCT05286853,0.4,0,2024.0,2024-09-03
ollama:gemma3:12b,D+T+ID+S,NCT05137717,0.7,1,2022.0,2023-06-27
ollama:gemma3:12b,D+T+ID+S,NCT04001998,0.3,0,2021.0,2021-07-31
ollama:gemma3:12b,D+T+ID+S,NCT04711863,0.5,0,2021.0,2021-07-31
ollama:gemma3:12b,D+T+ID+S,NCT05157360,0.3,0,2021.0,2023-05-16
ollama:gemma3:12b,D+T+ID+S,NCT05375604,0.2,0,2022.0,2023-05-30
ollama:gemma3:12b,D+T+ID+S,NCT04476329,0.4,0,2021.0,2021-12-10
ollama:gemma3:12b,D+T+ID+S,NCT05442775,0.6,0,2022.0,2023-06-07
ollama:gemma3:12b,D+T+ID+S,NCT04521946,0.2,0,2021.0,2022-12-20
ollama:gemma3:12b,D+T+ID+S,NCT04530877,0.5,0,2022.0,2024-09-30
ollama:gemma3:12b,D+T+ID+S,NCT06102174,0.3,0,2024.0,2024-09-03
ollama:gemma3:12b,D+T+ID+S,NCT04119830,0.2,0,2022.0,2024-02-01
ollama:gemma3:12b,D+T+ID+S,NCT05016934,0.4,0,2021.0,2022-04-20
ollama:gemma3:12b,D+T+ID+S,NCT04005989,0.1,0,2021.0,2022-12-20
ollama:gemma3:12b,D+T+ID+S,NCT05387577,0.2,0,2021.0,2022-11-23
ollama:gemma3:12b,D+T+ID+S,NCT04892043,0.3,0,2021.0,2023-11-02
ollama:gemma3:12b,D+T+ID+S,NCT05304130,0.6,0,2023.0,2023-05-04
ollama:gemma3:12b,D+T+ID+S,NCT04879823,0.5,0,2021.0,2023-07-11
ollama:gemma3:12b,D+T+ID+S,NCT05183360,0.6,0,2022.0,2024-08-08
ollama:gemma3:12b,D+T+ID+S,NCT05101915,0.3,0,2021.0,2024-04-23
ollama:gemma3:12b,D+T+ID+S,NCT03992443,0.7,0,2022.0,2022-03-18
ollama:gemma3:12b,D+T+ID+S,NCT05478252,0.7,1,2022.0,2023-09-18
ollama:gemma3:12b,D+T+ID+S,NCT04894474,0.6,0,2021.0,2022-07-24
ollama:gemma3:12b,D+T+ID+S,NCT05134727,0.7,1,2021.0,2023-03-31
ollama:gemma3:12b,D+T+ID+S,NCT04648189,0.3,0,2022.0,2022-09-19
ollama:gemma3:12b,D+T+ID+S,NCT04386252,0.2,0,2023.0,2024-01-31
ollama:gemma3:12b,D+T+ID+S,NCT04936971,0.2,0,2021.0,2021-09-30
ollama:gemma3:12b,D+T+ID+S,NCT05249569,0.3,0,2022.0,2022-12-30
ollama:gemma3:12b,D+T+ID+S,NCT04869943,0.4,0,2021.0,2024-01-09
ollama:gemma3:12b,D+T+ID+S,NCT04677426,0.4,0,2022.0,2022-08-01
ollama:gemma3:12b,D+T+ID+S,NCT03550352,0.3,0,2021.0,2022-05-31
ollama:gemma3:12b,D+T+ID+S,NCT05571540,0.3,0,2022.0,2024-10-31
ollama:gemma3:12b,D+T+ID+S,NCT04895046,0.4,0,2021.0,2023-09-30
ollama:gemma3:12b,D+T+ID+S,NCT05010954,0.7,1,2021.0,2022-09-28
ollama:gemma3:12b,D+T+ID+S,NCT04674748,0.7,0,2021.0,2022-05-13
ollama:gemma3:12b,D+T+ID+S,NCT05502081,0.4,1,2022.0,2022-12-28
ollama:gemma3:12b,D+T+ID+S,NCT05097014,0.5,1,2021.0,2023-02-24
ollama:gemma3:12b,D+T+ID+S,NCT05330689,0.3,0,2022.0,2022-09-07
ollama:gemma3:12b,D+T+ID+S,NCT03582085,0.2,0,2022.0,2023-01-01
ollama:gemma3:12b,D+T+ID+S,NCT04835714,0.3,0,2021.0,2022-01-18
ollama:gemma3:12b,D+T+ID+S,NCT05399368,0.5,0,2022.0,2024-05-24
ollama:gemma3:12b,D+T+ID+S,NCT05542095,0.3,0,2023.0,2023-05-01
ollama:gemma3:12b,D+T+ID+S,NCT05270460,0.4,1,2022.0,2022-10-06
ollama:gemma3:12b,D+T+ID+S,NCT03986086,0.4,0,2021.0,2023-12-31
ollama:gemma3:12b,D+T+ID+S,NCT04846231,0.3,1,2021.0,2022-07-19
ollama:gemma3:12b,D+T+ID+S,NCT04188639,0.6,1,2021.0,2023-01-04
ollama:gemma3:12b,D+T+ID+S,NCT04604678,0.2,0,2021.0,2021-10-31
ollama:gemma3:12b,D+T+ID+S,NCT05513391,0.7,0,2022.0,2023-10-03
ollama:gemma3:12b,D+T+ID+S,NCT05664100,0.3,0,2022.0,2023-04-12
ollama:gemma3:12b,D+T+ID+S,NCT04697056,0.4,0,2021.0,2021-11-19
ollama:gemma3:12b,D+T+ID+S,NCT05205837,0.3,0,2021.0,2023-08-15
ollama:gemma3:12b,D+T+ID+S,NCT04614051,0.2,0,2021.0,2022-05-10
ollama:gemma3:12b,D+T+ID+S,NCT05540665,0.5,0,2023.0,2024-01-04
ollama:gemma3:12b,D+T+ID+S,NCT05281562,0.4,0,2022.0,2023-03-20
ollama:gemma3:12b,D+T+ID+S,NCT03814109,0.3,0,2022.0,2024-01-31
ollama:gemma3:12b,D+T+ID+S,NCT05705167,0.4,0,2023.0,2024-04-19
ollama:gemma3:12b,D+T+ID+S,NCT05359081,0.7,0,2022.0,2024-03-28
ollama:gemma3:12b,D+T+ID+S,NCT05110781,0.4,0,2021.0,2023-04-18
ollama:gemma3:12b,D+T+ID+S,NCT04911790,0.6,1,2021.0,2023-08-31
ollama:gemma3:12b,D+T+ID+S,NCT05424380,0.3,0,2022.0,2024-03-04
ollama:gemma3:12b,D+T+ID+S,NCT05492695,0.4,0,2022.0,2023-09-28
ollama:gemma3:12b,D+T+ID+S,NCT05652907,0.3,0,2023.0,2023-05-24
ollama:gemma3:12b,D+T+ID+S,NCT05966584,0.6,0,2023.0,2024-08-02
ollama:gemma3:12b,D+T+ID+S,NCT04648319,0.3,0,2021.0,2022-01-17
ollama:gemma3:12b,D+T+ID+S,NCT05738161,0.2,0,2023.0,2024-02-27
ollama:gemma3:12b,D+T+ID+S,NCT05015972,0.1,0,2021.0,2023-12-31
ollama:gemma3:12b,D+T+ID+S,NCT04999488,0.2,0,2023.0,2024-12-31
ollama:gemma3:12b,D+T+ID+S,NCT04891133,0.5,0,2021.0,2023-01-23
ollama:gemma3:12b,D+T+ID+S,NCT05731492,0.6,0,2024.0,2024-04-01
ollama:gemma3:12b,D+T+ID+S,NCT04950114,0.5,0,2021.0,2022-11-02
ollama:gemma3:12b,D+T+ID+S,NCT04984278,0.4,0,2021.0,2022-11-11
ollama:gemma3:12b,D+T+ID+S,NCT04054752,0.2,0,2023.0,2023-11-01
ollama:gemma3:12b,D+T+ID+S,NCT05457491,0.1,0,2021.0,2022-07-07
ollama:gemma3:12b,D+T+ID+S,NCT03944902,0.3,0,2021.0,2022-01-05
ollama:gemma3:12b,D+T+ID+S,NCT05167526,0.1,0,2022.0,2022-11-10
ollama:gemma3:12b,D+T+ID+S,NCT04920578,0.2,0,2021.0,2023-02-27
ollama:gemma3:12b,D+T+ID+S,NCT05021484,0.4,1,2021.0,2024-03-07
ollama:gemma3:12b,D+T+ID+S,NCT04627831,0.7,0,2022.0,2023-04-30
ollama:gemma3:12b,D+T+ID+S,NCT04476628,0.5,0,2021.0,2022-02-28
ollama:gemma3:12b,D+T+ID+S,NCT04944654,0.8,0,2023.0,2023-05-11
ollama:gemma3:12b,D+T+ID+S,NCT05665647,0.1,1,2022.0,2023-02-14
ollama:gemma3:12b,D+T+ID+S,NCT06061081,0.5,0,2023.0,2024-11-04
ollama:gemma3:12b,D+T+ID+S,NCT04684381,0.7,1,2021.0,2021-06-30
ollama:gemma3:12b,D+T+ID+S,NCT05155020,0.4,0,2022.0,2022-08-05
ollama:gemma3:12b,D+T+ID+S,NCT05141357,0.3,0,2022.0,2023-04-19
ollama:gemma3:12b,D+T+ID+S,NCT04853329,0.4,0,2021.0,2024-12-31
ollama:gemma3:12b,D+T+ID+S,NCT05008510,0.3,0,2021.0,2023-06-30
ollama:gemma3:12b,D+T+ID+S,NCT04492436,0.2,0,2021.0,2024-07-31
ollama:gemma3:12b,D+T+ID+S,NCT05757492,0.3,0,2023.0,2024-07-31
ollama:gemma3:12b,D+T+ID+S,NCT04834973,0.2,0,2021.0,2022-07-12
ollama:gemma3:12b,D+T+ID+S,NCT04981717,0.6,0,2021.0,2023-04-24
ollama:gemma3:12b,D+T+ID+S,NCT04531865,0.5,0,2021.0,2022-10-01
ollama:gemma3:12b,D+T+ID+S,NCT05039931,0.2,0,2021.0,2023-06-30
ollama:gemma3:12b,D+T+ID+S,NCT05020665,0.5,0,2021.0,2023-03-30
ollama:gemma3:12b,D+T+ID+S,NCT05238896,0.3,0,2022.0,2023-03-31
ollama:gemma3:12b,D+T+ID+S,NCT05412706,0.4,0,2023.0,2023-09-04
ollama:gemma3:12b,D+T+ID+S,NCT05227456,0.2,0,2022.0,2024-04-30
ollama:gemma3:12b,D+T+ID+S,NCT04931511,0.3,0,2021.0,2022-09-01
ollama:gemma3:12b,D+T+ID+S,NCT04084678,0.6,0,2021.0,2023-04-12
ollama:gemma3:12b,D+T+ID+S,NCT05147415,0.4,0,2021.0,2022-12-09
ollama:gemma3:12b,D+T+ID+S,NCT04849377,0.3,0,2022.0,2022-06-14
ollama:gemma3:12b,D+T+ID+S,NCT05284019,0.4,0,2022.0,2023-04-14
ollama:gemma3:12b,D+T+ID+S,NCT04410042,0.7,0,2021.0,2024-01-16
ollama:gemma3:12b,D+T+ID+S,NCT04634344,0.2,0,2021.0,2022-05-05
ollama:gemma3:12b,D+T+ID+S,NCT04947579,0.3,0,2021.0,2023-02-21
ollama:gemma3:12b,D+T+ID+S,NCT05079360,0.4,0,2023.0,2024-05-26
ollama:gemma3:12b,D+T+ID+S,NCT05262101,0.2,0,2022.0,2023-11-30
ollama:gemma3:12b,D+T+ID+S,NCT05284604,0.3,0,2023.0,2023-01-31
ollama:gemma3:12b,D+T+ID+S,NCT05233410,0.6,0,2023.0,2024-09-22
ollama:gemma3:12b,D+T+ID+S,NCT04650399,0.5,1,2022.0,2024-02-15
ollama:gemma3:12b,D+T+ID+S,NCT05250856,0.3,0,2022.0,2023-12-12
ollama:gemma3:12b,D+T+ID+S,NCT05406765,0.6,1,2022.0,2022-10-07
ollama:gemma3:12b,D+T+ID+S,NCT04459338,0.4,1,2021.0,2022-06-14
ollama:gemma3:12b,D+T+ID+S,NCT04829214,0.5,1,2021.0,2022-06-30
ollama:gemma3:12b,D+T+ID+S,NCT05152849,0.4,0,2021.0,2022-06-29
ollama:gemma3:12b,D+T+ID+S,NCT05066698,0.3,0,2022.0,2022-09-07
ollama:gemma3:12b,D+T+ID+S,NCT05111249,0.2,0,2021.0,2023-10-27
ollama:gemma3:12b,D+T+ID+S,NCT05118763,0.4,0,2022.0,2022-12-31
ollama:gemma3:12b,D+T+ID+S,NCT04684550,0.6,0,2021.0,2021-08-15
ollama:gemma3:12b,D+T+ID+S,NCT06115460,0.5,1,2022.0,2023-06-15
ollama:gemma3:12b,D+T+ID+S,NCT04386239,0.2,0,2021.0,2023-01-01
ollama:gemma3:12b,D+T+ID+S,NCT05293509,0.3,0,2022.0,2023-09-18
ollama:gemma3:12b,D+T+ID+S,NCT04828174,0.1,0,2021.0,2023-11-26
ollama:gemma3:12b,D+T+ID+S,NCT04969991,0.2,0,2021.0,2022-11-22
ollama:gemma3:12b,D+T+ID+S,NCT04557475,0.7,0,2022.0,2023-06-11
ollama:gemma3:12b,D+T+ID+S,NCT05005910,0.6,1,2021.0,2022-12-01
ollama:gemma3:12b,D+T+ID+S,NCT05009732,0.4,0,2021.0,2023-07-14
ollama:gemma3:12b,D+T+ID+S,NCT03634488,0.5,1,2021.0,2022-11-09
ollama:gemma3:12b,D+T+ID+S,NCT05110599,0.4,0,2022.0,2023-10-01
ollama:gemma3:12b,D+T+ID+S,NCT03125187,0.3,0,2021.0,2022-11-10
ollama:gemma3:12b,D+T+ID+S,NCT04920331,0.5,0,2021.0,2022-02-04
ollama:gemma3:12b,D+T+ID+S,NCT04953052,0.2,0,2021.0,2022-11-30
ollama:gemma3:12b,D+T+ID+S,NCT04037241,0.1,0,2021.0,2022-01-01
ollama:gemma3:12b,D+T+ID+S,NCT05094050,0.6,1,2022.0,2023-03-17
ollama:gemma3:12b,D+T+ID+S,NCT04766996,0.7,0,2021.0,2021-12-27
ollama:gemma3:12b,D+T+ID+S,NCT04243941,0.4,0,2022.0,2024-02-07
ollama:gemma3:12b,D+T+ID+S,NCT05027867,0.2,0,2021.0,2022-08-26
ollama:gemma3:12b,D+T+ID+S,NCT06056310,0.3,0,2024.0,2024-08-20
ollama:gemma3:12b,D+T+ID+S,NCT05814523,0.6,0,2024.0,2024-08-31
ollama:gemma3:12b,D+T+ID+S,NCT05275400,0.7,1,2022.0,2024-05-15
ollama:gemma3:12b,D+T+ID+S,NCT05214196,0.3,0,2021.0,2021-12-07
ollama:gemma3:12b,D+T+ID+S,NCT04235322,0.2,0,2021.0,2023-04-18
ollama:gemma3:12b,D+T+ID+S,NCT04946864,0.4,0,2021.0,2024-10-01
ollama:gemma3:12b,D+T+ID+S,NCT04761822,0.5,1,2021.0,2022-04-27
ollama:gemma3:12b,D+T+ID+S,NCT05038982,0.4,1,2021.0,2022-07-11
ollama:gemma3:12b,D+T+ID+S,NCT04762225,0.3,0,2021.0,2022-10-11
ollama:gemma3:12b,D+T+ID+S,NCT05554627,0.5,0,2023.0,2023-10-27
ollama:gemma3:12b,D+T+ID+S,NCT04932941,0.3,1,2021.0,2022-09-05
ollama:gemma3:12b,D+T+ID+S,NCT04880213,0.2,1,2021.0,2021-11-23
ollama:gemma3:12b,D+T+ID+S,NCT06484881,0.3,0,2024.0,2024-10-10
ollama:gemma3:12b,D+T+ID+S,NCT04077749,0.4,0,2021.0,2021-09-15
ollama:gemma3:12b,D+T+ID+S,NCT04707703,0.5,0,2021.0,2021-10-25
ollama:gemma3:12b,D+T+ID+S,NCT05074433,0.7,0,2021.0,2022-05-18
ollama:gemma3:12b,D+T+ID+S,NCT05652660,0.6,1,2022.0,2023-03-06
ollama:gemma3:12b,D+T+ID+S,NCT05017103,0.3,0,2021.0,2024-02-20
ollama:gemma3:12b,D+T+ID+S,NCT04725240,0.5,1,2021.0,2022-06-28
ollama:gemma3:12b,D+T+ID+S,NCT05283954,0.1,0,2022.0,2022-07-30
ollama:gemma3:12b,D+T+ID+S,NCT05128773,0.6,0,2022.0,2022-10-13
ollama:gemma3:12b,D+T+ID+S,NCT05136833,0.2,0,2021.0,2022-12-31
ollama:gemma3:12b,D+T+ID+S,NCT04732169,0.4,0,2021.0,2021-07-09
ollama:gemma3:12b,D+T+ID+S,NCT04907968,0.4,0,2021.0,2023-10-03
ollama:gemma3:12b,D+T+ID+S,NCT05418673,0.6,0,2022.0,2023-07-27
ollama:gemma3:12b,D+T+ID+S,NCT04863014,0.5,0,2021.0,2023-02-15
ollama:gemma3:12b,D+T+ID+S,NCT04391868,0.8,0,2021.0,2021-04-28
ollama:gemma3:12b,D+T+ID+S,NCT05405686,0.3,0,2023.0,2024-08-01
ollama:gemma3:12b,D+T+ID+S,NCT05101122,0.4,1,2021.0,2022-04-18
ollama:gemma3:12b,D+T+ID+S,NCT05030350,0.5,0,2021.0,2022-09-23
ollama:gemma3:12b,D+T+ID+S,NCT05179603,0.4,0,2021.0,2024-09-06
ollama:gemma3:12b,D+T+ID+S,NCT04120987,0.2,0,2021.0,2022-06-25
ollama:gemma3:12b,D+T+ID+S,NCT06049329,0.3,1,2023.0,2023-12-15
ollama:gemma3:12b,D+T+ID+S,NCT05153408,0.5,0,2022.0,2022-12-09
ollama:gemma3:12b,D+T+ID+S,NCT04816071,0.3,0,2021.0,2021-05-01
ollama:gemma3:12b,D+T+ID+S,NCT04786600,0.3,0,2022.0,2024-03-19
ollama:gemma3:12b,D+T+ID+S,NCT05264922,0.2,0,2022.0,2022-07-22
ollama:gemma3:12b,D+T+ID+S,NCT04783766,0.4,1,2021.0,2021-08-05
ollama:gemma3:12b,D+T+ID+S,NCT04527549,0.4,0,2021.0,2024-01-08
ollama:gemma3:12b,D+T+ID+S,NCT05059301,0.6,1,2021.0,2022-06-30
ollama:gemma3:12b,D+T+ID+S,NCT04964388,0.3,0,2021.0,2023-07-01
ollama:gemma3:12b,D+T+ID+S,NCT05053126,0.2,1,2021.0,2022-04-01
ollama:gemma3:12b,D+T+ID+S,NCT05298202,0.2,1,2022.0,2022-10-01
ollama:gemma3:12b,D+T+ID+S,NCT06021119,0.3,1,2023.0,2023-04-21
ollama:gemma3:12b,D+T+ID+S,NCT05119712,0.2,0,2021.0,2024-10-15
ollama:gemma3:12b,D+T+ID+S,NCT04797468,0.3,0,2022.0,2023-01-13
ollama:gemma3:12b,D+T+ID+S,NCT04641273,0.5,0,2021.0,2021-10-18
ollama:gemma3:12b,D+T+ID+S,NCT05013385,0.4,0,2021.0,2022-05-31
ollama:gemma3:12b,D+T+ID+S,NCT04764630,0.6,1,2021.0,2021-03-20
ollama:gemma3:12b,D+T+ID+S,NCT05552859,0.7,0,2022.0,2023-08-04
ollama:gemma3:12b,D+T+ID+S,NCT06178367,0.5,1,2023.0,2023-09-30
ollama:gemma3:12b,D+T+ID+S,NCT04756427,0.8,0,2022.0,2023-11-28
ollama:gemma3:12b,D+T+ID+S,NCT05362058,0.6,1,2022.0,2024-04-10
ollama:gemma3:12b,D+T+ID+S,NCT04290871,0.5,0,2023.0,2024-04-01
ollama:gemma3:12b,D+T+ID+S,NCT06065059,0.4,0,2023.0,2024-05-22
ollama:gemma3:12b,D+T+ID+S,NCT03281681,0.3,0,2021.0,2022-09-30
ollama:gemma3:12b,D+T+ID+S,NCT04898309,0.4,0,2021.0,2023-05-31
ollama:gemma3:12b,D+T+ID+S,NCT06329687,0.8,0,2024.0,2024-02-28
ollama:gemma3:12b,D+T+ID+S,NCT04978818,0.7,1,2022.0,2023-10-26
ollama:gemma3:12b,D+T+ID+S,NCT03792295,0.6,0,2021.0,2022-07-01
ollama:gemma3:12b,D+T+ID+S,NCT05525455,0.4,0,2022.0,2023-09-07
ollama:gemma3:12b,D+T+ID+S,NCT04430283,0.5,0,2021.0,2022-03-04
ollama:gemma3:12b,D+T+ID+S,NCT04862416,0.3,1,2021.0,2022-06-29
ollama:gemma3:12b,D+T+ID+S,NCT04511026,0.7,0,2021.0,2021-06-10
ollama:gemma3:12b,D+T+ID+S,NCT04934670,0.5,0,2022.0,2023-01-19
ollama:gemma3:12b,D+T+ID+S,NCT05703555,0.6,0,2024.0,2024-02-16
ollama:gemma3:12b,D+T+ID+S,NCT05181995,0.6,0,2021.0,2023-03-30
ollama:gemma3:12b,D+T+ID+S,NCT04661917,0.5,0,2021.0,2022-05-19
ollama:gemma3:12b,D+T+ID+S,NCT05076422,0.6,0,2021.0,2023-03-03
ollama:gemma3:12b,D+T+ID+S,NCT04607252,0.5,0,2021.0,2021-06-03
ollama:gemma3:12b,D+T+ID+S,NCT05061537,0.4,0,2021.0,2022-10-14
ollama:gemma3:12b,D+T+ID+S,NCT04801641,0.6,0,2021.0,2023-08-14
ollama:gemma3:12b,D+T+ID+S,NCT04963413,0.4,0,2022.0,2023-09-28
ollama:gemma3:12b,D+T+ID+S,NCT04804254,0.3,0,2021.0,2023-01-11
ollama:gemma3:12b,D+T+ID+S,NCT05006417,0.6,0,2022.0,2022-11-23
ollama:gemma3:12b,D+T+ID+S,NCT06079320,0.4,0,2023.0,2024-09-30
ollama:gemma3:12b,D+T+ID+S,NCT05099549,0.2,0,2021.0,2023-09-21
ollama:gemma3:12b,D+T+ID+S,NCT05299580,0.3,0,2021.0,2023-03-30
ollama:gemma3:12b,D+T+ID+S,NCT05979415,0.4,0,2023.0,2024-02-28
ollama:gemma3:12b,D+T+ID+S,NCT05926440,0.5,0,2023.0,2023-08-17
ollama:gemma3:12b,D+T+ID+S,NCT05043987,0.2,0,2022.0,2022-11-16
ollama:gemma3:12b,D+T+ID+S,NCT05047640,0.7,0,2021.0,2022-10-25
ollama:gemma3:12b,D+T+ID+S,NCT05961007,0.5,0,2021.0,2024-04-30
ollama:gemma3:12b,D+T+ID+S,NCT05481489,0.6,0,2023.0,2023-04-24
ollama:gemma3:12b,D+T+ID+S,NCT05516849,0.4,0,2022.0,2023-08-03
ollama:gemma3:12b,D+T+ID+S,NCT05229900,0.3,0,2022.0,2023-12-13
ollama:gemma3:12b,D+T+ID+S,NCT05368558,0.5,0,2022.0,2024-09-20
ollama:gemma3:12b,D+T+ID+S,NCT02811133,0.3,0,2023.0,2023-10-04
ollama:gemma3:12b,D+T+ID+S,NCT05544734,0.6,1,2022.0,2023-06-01
ollama:gemma3:12b,D+T+ID+S,NCT05434091,0.4,0,2022.0,2023-03-29
ollama:gemma3:12b,D+T+ID+S,NCT04262193,0.3,0,2021.0,2024-07-30
ollama:gemma3:12b,D+T+ID+S,NCT06090318,0.3,0,2023.0,2023-05-30
ollama:gemma3:12b,D+T+ID+S,NCT05517837,0.4,0,2022.0,2023-07-14
ollama:gemma3:12b,D+T+ID+S,NCT04860466,0.3,0,2022.0,2024-07-31
ollama:gemma3:12b,D+T+ID+S,NCT04632940,0.5,0,2021.0,2023-12-14
ollama:gemma3:12b,D+T+ID+S,NCT04166734,0.4,0,2021.0,2023-07-25
ollama:gemma3:12b,D+T+ID+S,NCT04630158,0.5,1,2021.0,2023-06-08
ollama:gemma3:12b,D+T+ID+S,NCT05240560,0.4,0,2023.0,2024-02-08
ollama:gemma3:12b,D+T+ID+S,NCT04804033,0.7,0,2021.0,2024-03-21
ollama:gemma3:12b,D+T+ID+S,NCT05156645,0.3,0,2022.0,2022-12-01
ollama:gemma3:12b,D+T+ID+S,NCT05226390,0.4,0,2022.0,2023-11-21
ollama:gemma3:12b,D+T+ID+S,NCT04560309,0.5,1,2021.0,2021-11-23
ollama:gemma3:12b,D+T+ID+S,NCT04800627,0.2,0,2021.0,2022-11-03
ollama:gemma3:12b,D+T+ID+S,NCT04446637,0.6,0,2021.0,2022-09-03
ollama:gemma3:12b,D+T+ID+S,NCT04161118,0.3,0,2021.0,2023-02-24
ollama:gemma3:12b,D+T+ID+S,NCT05441930,0.7,0,2023.0,2024-03-14
ollama:gemma3:12b,D+T+ID+S,NCT04894123,0.5,0,2022.0,2023-02-13
ollama:gemma3:12b,D+T+ID+S,NCT04752566,0.8,1,2021.0,2022-08-03
ollama:gemma3:12b,D+T+ID+S,NCT05008913,0.4,0,2021.0,2021-11-16
ollama:gemma3:12b,D+T+ID+S,NCT05213143,0.6,0,2021.0,2022-11-18
ollama:gemma3:12b,D+T+ID+S,NCT04928430,0.6,0,2021.0,2022-11-28
ollama:gemma3:12b,D+T+ID+S,NCT04760782,0.3,0,2022.0,2023-08-14
ollama:gemma3:12b,D+T+ID+S,NCT04991688,0.4,0,2021.0,2023-03-03
ollama:gemma3:12b,D+T+ID+S,NCT05808881,0.5,0,2023.0,2024-05-31
ollama:gemma3:12b,D+T+ID+S,NCT04871737,0.3,1,2021.0,2022-09-30
ollama:gemma3:12b,D+T+ID+S,NCT04818736,0.4,0,2021.0,2021-12-31
ollama:gemma3:12b,D+T+ID+S,NCT05437419,0.5,1,2022.0,2023-07-27
ollama:gemma3:12b,D+T+ID+S,NCT04634253,0.6,1,2021.0,2022-06-29
ollama:gemma3:12b,D+T+ID+S,NCT05251038,0.4,0,2022.0,2023-01-31
ollama:gemma3:12b,D+T+ID+S,NCT04957290,0.2,0,2021.0,2023-06-07
ollama:gemma3:12b,D+T+ID+S,NCT04536077,0.4,0,2021.0,2023-11-21
ollama:gemma3:12b,D+T+ID+S,NCT04665921,0.5,0,2021.0,2024-03-01
ollama:gemma3:12b,D+T+ID+S,NCT04676867,0.4,1,2021.0,2021-05-17
ollama:gemma3:12b,D+T+ID+S,NCT05592223,0.3,0,2022.0,2023-12-01
ollama:gemma3:12b,D+T+ID+S,NCT04788511,0.75,1,2021.0,2023-04-18
ollama:gemma3:12b,D+T+ID+S,NCT06046482,0.4,0,2023.0,2024-08-26
ollama:gemma3:12b,D+T+ID+S,NCT04814537,0.5,1,2021.0,2022-03-23
ollama:gemma3:12b,D+T+ID+S,NCT05097651,0.2,0,2021.0,2023-08-31
ollama:gemma3:12b,D+T+ID+S,NCT05546411,0.35,0,2023.0,2023-10-13
ollama:gemma3:12b,D+T+ID+S,NCT05703464,0.6,0,2023.0,2023-03-03
ollama:gemma3:12b,D+T+ID+S,NCT04927169,0.25,0,2021.0,2022-03-30
ollama:gemma3:12b,D+T+ID+S,NCT04760626,0.7,1,2021.0,2022-08-29
ollama:gemma3:12b,D+T+ID+S,NCT04736602,0.65,1,2021.0,2022-09-03
ollama:gemma3:12b,D+T+ID+S,NCT04652479,0.45,1,2021.0,2022-06-30
ollama:gemma3:12b,D+T+ID+S,NCT05456854,0.3,0,2022.0,2024-08-01
ollama:gemma3:12b,D+T+ID+S,NCT05504486,0.55,0,2022.0,2023-04-05
ollama:gemma3:12b,D+T+ID+S,NCT04770155,0.15,0,2021.0,2021-09-20
ollama:gemma3:12b,D+T+ID+S,NCT05666453,0.5,0,2022.0,2024-07-01
ollama:gemma3:12b,D+T+ID+S,NCT05039190,0.6,1,2021.0,2023-01-14
ollama:gemma3:12b,D+T+ID+S,NCT03720990,0.4,1,2021.0,2023-09-30
ollama:gemma3:12b,D+T+ID+S,NCT05260008,0.5,0,2022.0,2024-01-15
ollama:gemma3:12b,D+T+ID+S,NCT05878704,0.6,0,2023.0,2024-07-29
ollama:gemma3:12b,D+T+ID+S,NCT05497934,0.4,0,2022.0,2024-03-31
ollama:gemma3:12b,D+T+ID+S,NCT05140824,0.4,0,2021.0,2022-12-14
ollama:gemma3:12b,D+T+ID+S,NCT04387617,0.4,1,2021.0,2022-01-31
ollama:gemma3:12b,D+T+ID+S,NCT04218825,0.3,0,2022.0,2023-04-04
ollama:gemma3:12b,D+T+ID+S,NCT03883893,0.6,0,2021.0,2023-04-30
ollama:gemma3:12b,D+T+ID+S,NCT06422377,0.6,0,2024.0,2024-08-14
ollama:gemma3:12b,D+T+ID+S,NCT05006885,0.4,1,2021.0,2022-08-17
ollama:gemma3:12b,D+T+ID+S,NCT05376319,0.3,0,2023.0,2024-05-07
ollama:gemma3:12b,D+T+ID+S,NCT04927975,0.5,1,2021.0,2023-08-29
ollama:gemma3:12b,D+T+ID+S,NCT05157464,0.6,0,2023.0,2024-12-31
ollama:gemma3:12b,D+T+ID+S,NCT03602898,0.3,0,2021.0,2023-09-17
ollama:gemma3:12b,D+T+ID+S,NCT05116046,0.5,0,2021.0,2023-03-30
ollama:gemma3:12b,D+T+ID+S,NCT05014919,0.4,0,2021.0,2022-04-28
ollama:gemma3:12b,D+T+ID+S,NCT04863339,0.6,0,2022.0,2022-04-30
ollama:gemma3:12b,D+T+ID+S,NCT05095246,0.5,0,2022.0,2024-10-30
ollama:gemma3:12b,D+T+ID+S,NCT06181227,0.5,0,2023.0,2024-04-05
ollama:gemma3:12b,D+T+ID+S,NCT05096884,0.2,0,2022.0,2023-09-12
ollama:gemma3:12b,D+T+ID+S,NCT05097079,0.4,0,2021.0,2023-05-31
ollama:gemma3:12b,D+T+ID+S,NCT05222269,0.4,0,2022.0,2023-01-25
ollama:gemma3:12b,D+T+ID+S,NCT05169437,0.3,0,2022.0,2024-08-27
ollama:gemma3:12b,D+T+ID+S,NCT04789330,0.6,0,2021.0,2022-04-01
ollama:gemma3:12b,D+T+ID+S,NCT04327986,0.3,0,2021.0,2022-02-03
ollama:gemma3:12b,D+T+ID+S,NCT03326128,0.5,0,2021.0,2023-07-01
ollama:gemma3:12b,D+T+ID+S,NCT05264506,0.7,0,2022.0,2024-01-26
ollama:gemma3:12b,D+T+ID+S,NCT05625347,0.4,0,2023.0,2023-06-30
ollama:gemma3:12b,D+T+ID+S,NCT04357951,0.4,0,2023.0,2024-09-30
ollama:gemma3:12b,D+T+ID+S,NCT04864522,0.3,0,2023.0,2023-11-30
ollama:gemma3:12b,D+T+ID+S,NCT04896541,0.4,1,2021.0,2022-06-14
ollama:gemma3:12b,D+T+ID+S,NCT04811040,0.4,1,2021.0,2023-10-17
ollama:gemma3:12b,D+T+ID+S,NCT05094206,0.2,0,2022.0,2024-01-29
ollama:gemma3:12b,D+T+ID+S,NCT05165732,0.5,0,2022.0,2023-08-20
ollama:phi4:14b,D,NCT05035095,0.7,1,2021.0,2023-05-12
ollama:phi4:14b,D,NCT05744115,0.3,0,2021.0,2022-04-14
ollama:phi4:14b,D,NCT05253755,0.5,0,2021.0,2022-09-09
ollama:phi4:14b,D,NCT05003102,0.2,0,2023.0,2023-06-30
ollama:phi4:14b,D,NCT05674448,0.5,0,2021.0,2023-01-04
ollama:phi4:14b,D,NCT05695378,0.6,0,2023.0,2024-08-19
ollama:phi4:14b,D,NCT06085638,0.4,0,2023.0,2023-10-20
ollama:phi4:14b,D,NCT04320940,0.5,0,2021.0,2023-02-01
ollama:phi4:14b,D,NCT05060276,0.3,0,2022.0,2024-12-31
ollama:phi4:14b,D,NCT05622591,0.3,0,2024.0,2024-06-07
ollama:phi4:14b,D,NCT04748783,0.25,0,2021.0,2021-04-07
ollama:phi4:14b,D,NCT04406857,0.35,0,2021.0,2023-01-18
ollama:phi4:14b,D,NCT04478994,0.5,0,2021.0,2022-12-08
ollama:phi4:14b,D,NCT05607342,0.15,0,2023.0,2023-11-06
ollama:phi4:14b,D,NCT04629339,0.5,0,2021.0,2024-03-26
ollama:phi4:14b,D,NCT05139615,0.55,0,2021.0,2022-09-19
ollama:phi4:14b,D,NCT04108858,0.45,0,2021.0,2022-04-29
ollama:phi4:14b,D,NCT04355039,0.35,0,2021.0,2024-07-01
ollama:phi4:14b,D,NCT03709550,0.4,0,2021.0,2024-04-15
ollama:phi4:14b,D,NCT04243824,0.15,0,2021.0,2022-05-31
ollama:phi4:14b,D,NCT02133885,0.4,0,2023.0,2024-03-31
ollama:phi4:14b,D,NCT05044234,0.65,0,2021.0,2022-11-30
ollama:phi4:14b,D,NCT04672954,0.25,1,2021.0,2021-07-01
ollama:phi4:14b,D,NCT05098405,0.5,0,2021.0,2024-01-19
ollama:phi4:14b,D,NCT05542355,0.55,0,2023.0,2024-10-02
ollama:phi4:14b,D,NCT04631211,0.3,0,2021.0,2022-01-07
ollama:phi4:14b,D,NCT04791319,0.4,0,2021.0,2022-03-31
ollama:phi4:14b,D,NCT04200066,0.2,0,2022.0,2024-02-01
ollama:phi4:14b,D,NCT04391309,0.25,0,2021.0,2022-02-04
ollama:phi4:14b,D,NCT05563168,0.22,0,2023.0,2024-12-31
ollama:phi4:14b,D,NCT04961658,0.28,0,2021.0,2024-01-08
ollama:phi4:14b,D,NCT04625699,0.18,0,2022.0,2023-12-31
ollama:phi4:14b,D,NCT05356403,0.5,0,2022.0,2024-02-26
ollama:phi4:14b,D,NCT05378945,0.55,1,2022.0,2023-04-04
ollama:phi4:14b,D,NCT04759846,0.26,0,2021.0,2023-05-31
ollama:phi4:14b,D,NCT05767749,0.35,1,2023.0,2023-07-31
ollama:phi4:14b,D,NCT04746430,0.32,0,2021.0,2021-04-23
ollama:phi4:14b,D,NCT04773067,0.45,0,2021.0,2022-03-08
ollama:phi4:14b,D,NCT04834908,0.27,0,2021.0,2022-05-25
ollama:phi4:14b,D,NCT06281236,0.21,0,2024.0,2024-10-01
ollama:phi4:14b,D,NCT05156229,0.19,0,2021.0,2022-08-24
ollama:phi4:14b,D,NCT05266586,0.42,1,2022.0,2022-09-08
ollama:phi4:14b,D,NCT05303909,0.23,0,2022.0,2024-05-13
ollama:phi4:14b,D,NCT05178862,0.53,0,2022.0,2024-08-31
ollama:phi4:14b,D,NCT04596293,0.29,1,2021.0,2022-07-12
ollama:phi4:14b,D,NCT04588688,0.17,0,2021.0,2021-08-01
ollama:phi4:14b,D,NCT04900766,0.2,0,2021.0,2023-02-03
ollama:phi4:14b,D,NCT04709575,0.54,1,2021.0,2021-08-24
ollama:phi4:14b,D,NCT05121766,0.24,0,2022.0,2023-04-21
ollama:phi4:14b,D,NCT04521335,0.16,0,2021.0,2022-02-06
ollama:phi4:14b,D,NCT04795466,0.3,0,2021.0,2024-03-07
ollama:phi4:14b,D,NCT05085002,0.5,0,2021.0,2023-11-29
ollama:phi4:14b,D,NCT04443569,0.4,1,2021.0,2022-08-31
ollama:phi4:14b,D,NCT04644029,0.7,0,2021.0,2024-06-11
ollama:phi4:14b,D,NCT05366855,0.2,0,2022.0,2024-07-17
ollama:phi4:14b,D,NCT05494866,0.25,0,2022.0,2024-03-15
ollama:phi4:14b,D,NCT05567783,0.6,0,2022.0,2023-08-31
ollama:phi4:14b,D,NCT05077085,0.15,0,2022.0,2024-12-31
ollama:phi4:14b,D,NCT05244473,0.35,0,2022.0,2024-05-31
ollama:phi4:14b,D,NCT04263519,0.28,0,2021.0,2023-01-01
ollama:phi4:14b,D,NCT05420077,0.22,0,2022.0,2023-06-02
ollama:phi4:14b,D,NCT04358471,0.45,0,2021.0,2023-09-01
ollama:phi4:14b,D,NCT04822298,0.38,0,2021.0,2022-01-26
ollama:phi4:14b,D,NCT04834349,0.27,0,2021.0,2022-11-21
ollama:phi4:14b,D,NCT04736628,0.55,1,2021.0,2023-09-21
ollama:phi4:14b,D,NCT05064449,0.33,1,2021.0,2021-11-30
ollama:phi4:14b,D,NCT04674761,0.65,1,2021.0,2022-09-09
ollama:phi4:14b,D,NCT04498468,0.18,0,2021.0,2023-03-03
ollama:phi4:14b,D,NCT05238207,0.36,0,2022.0,2023-05-04
ollama:phi4:14b,D,NCT05029609,0.21,0,2021.0,2022-12-31
ollama:phi4:14b,D,NCT05083078,0.29,0,2021.0,2022-07-01
ollama:phi4:14b,D,NCT05629364,0.48,0,2023.0,2024-01-09
ollama:phi4:14b,D,NCT04637698,0.32,0,2021.0,2023-05-04
ollama:phi4:14b,D,NCT04876430,0.26,0,2021.0,2022-03-07
ollama:phi4:14b,D,NCT04861948,0.23,0,2021.0,2022-07-30
ollama:phi4:14b,D,NCT04740931,0.65,1,2021.0,2023-07-12
ollama:phi4:14b,D,NCT05510843,0.3,0,2022.0,2023-04-04
ollama:phi4:14b,D,NCT04842292,0.4,0,2021.0,2021-09-04
ollama:phi4:14b,D,NCT05162066,0.5,0,2022.0,2022-09-23
ollama:phi4:14b,D,NCT05506930,0.2,0,2022.0,2024-05-10
ollama:phi4:14b,D,NCT05682222,0.25,1,2022.0,2022-10-14
ollama:phi4:14b,D,NCT05135650,0.35,0,2022.0,2023-01-10
ollama:phi4:14b,D,NCT05238844,0.45,0,2022.0,2022-05-25
ollama:phi4:14b,D,NCT04731298,0.55,0,2021.0,2022-04-21
ollama:phi4:14b,D,NCT04639024,0.3,0,2021.0,2022-11-03
ollama:phi4:14b,D,NCT05717400,0.15,0,2023.0,2024-08-29
ollama:phi4:14b,D,NCT05155085,0.6,0,2022.0,2024-04-17
ollama:phi4:14b,D,NCT05569512,0.35,0,2022.0,2023-12-06
ollama:phi4:14b,D,NCT04954326,0.6,1,2021.0,2022-05-20
ollama:phi4:14b,D,NCT04052139,0.4,1,2021.0,2021-12-15
ollama:phi4:14b,D,NCT04325503,0.35,1,2021.0,2022-06-30
ollama:phi4:14b,D,NCT04773587,0.65,1,2021.0,2022-08-30
ollama:phi4:14b,D,NCT05041101,0.35,0,2021.0,2024-09-06
ollama:phi4:14b,D,NCT05162365,0.7,0,2022.0,2022-11-18
ollama:phi4:14b,D,NCT03095404,0.25,0,2021.0,2022-02-28
ollama:phi4:14b,D,NCT04354103,0.3,0,2022.0,2024-01-19
ollama:phi4:14b,D,NCT06137651,0.3,0,2023.0,2024-03-27
ollama:phi4:14b,D,NCT05673109,0.5,0,2023.0,2023-10-08
ollama:phi4:14b,D,NCT04737109,0.35,0,2021.0,2022-08-15
ollama:phi4:14b,D,NCT05694013,0.55,0,2023.0,2024-07-04
ollama:phi4:14b,D,NCT05469802,0.3,0,2024.0,2024-07-05
ollama:phi4:14b,D,NCT05489991,0.25,0,2022.0,2023-05-03
ollama:phi4:14b,D,NCT04497038,0.2,0,2021.0,2023-05-02
ollama:phi4:14b,D,NCT05065411,0.6,0,2022.0,2024-01-09
ollama:phi4:14b,D,NCT05447364,0.5,1,2021.0,2024-03-01
ollama:phi4:14b,D,NCT05160558,0.15,0,2022.0,2023-07-25
ollama:phi4:14b,D,NCT05198349,0.25,0,2022.0,2023-08-10
ollama:phi4:14b,D,NCT04741204,0.4,0,2022.0,2022-09-30
ollama:phi4:14b,D,NCT04855591,0.2,0,2021.0,2021-11-18
ollama:phi4:14b,D,NCT04611139,0.15,0,2021.0,2024-06-30
ollama:phi4:14b,D,NCT04475991,0.25,0,2021.0,2022-03-25
ollama:phi4:14b,D,NCT05182840,0.7,1,2022.0,2023-07-10
ollama:phi4:14b,D,NCT05788185,0.2,0,2023.0,2023-09-21
ollama:phi4:14b,D,NCT04309721,0.5,0,2022.0,2023-11-13
ollama:phi4:14b,D,NCT05760703,0.35,0,2023.0,2023-12-11
ollama:phi4:14b,D,NCT04682366,0.4,0,2021.0,2022-11-10
ollama:phi4:14b,D,NCT04938180,0.25,0,2021.0,2022-05-17
ollama:phi4:14b,D,NCT06301308,0.55,0,2023.0,2024-02-29
ollama:phi4:14b,D,NCT05609045,0.25,0,2023.0,2023-12-31
ollama:phi4:14b,D,NCT04985825,0.25,0,2021.0,2022-08-17
ollama:phi4:14b,D,NCT05053035,0.3,0,2021.0,2022-10-28
ollama:phi4:14b,D,NCT05032118,0.45,0,2023.0,2023-04-27
ollama:phi4:14b,D,NCT05835011,0.25,0,2023.0,2023-08-21
ollama:phi4:14b,D,NCT05137002,0.65,0,2021.0,2022-10-10
ollama:phi4:14b,D,NCT04994002,0.25,0,2021.0,2022-06-30
ollama:phi4:14b,D,NCT05556265,0.3,0,2022.0,2024-05-16
ollama:phi4:14b,D,NCT04629703,0.6,0,2021.0,2022-09-05
ollama:phi4:14b,D,NCT05061992,0.4,1,2021.0,2022-11-01
ollama:phi4:14b,D,NCT03532958,0.2,0,2021.0,2022-11-30
ollama:phi4:14b,D,NCT05317013,0.1,0,2022.0,2022-09-22
ollama:phi4:14b,D,NCT05475821,0.1,0,2022.0,2022-09-26
ollama:phi4:14b,D,NCT04167618,0.15,0,2021.0,2022-08-11
ollama:phi4:14b,D,NCT04760314,0.55,1,2021.0,2023-02-01
ollama:phi4:14b,D,NCT06489860,0.15,0,2024.0,2024-10-04
ollama:phi4:14b,D,NCT05344625,0.05,0,2023.0,2024-03-15
ollama:phi4:14b,D,NCT04978298,0.25,1,2021.0,2023-02-26
ollama:phi4:14b,D,NCT05193370,0.3,0,2022.0,2022-11-30
ollama:phi4:14b,D,NCT05370040,0.35,0,2022.0,2024-03-11
ollama:phi4:14b,D,NCT03952481,0.3,0,2021.0,2021-12-31
ollama:phi4:14b,D,NCT06056596,0.05,0,2024.0,2024-09-06
ollama:phi4:14b,D,NCT04750577,0.5,1,2021.0,2022-12-27
ollama:phi4:14b,D,NCT04921358,0.6,0,2021.0,2023-12-20
ollama:phi4:14b,D,NCT05035368,0.25,0,2021.0,2023-06-30
ollama:phi4:14b,D,NCT05764239,0.35,0,2023.0,2024-03-15
ollama:phi4:14b,D,NCT05198843,0.2,0,2022.0,2023-12-20
ollama:phi4:14b,D,NCT05934942,0.1,0,2023.0,2024-02-08
ollama:phi4:14b,D,NCT05260541,0.25,0,2022.0,2022-09-23
ollama:phi4:14b,D,NCT03928275,0.35,0,2021.0,2022-09-01
ollama:phi4:14b,D,NCT05265728,0.2,0,2022.0,2024-05-27
ollama:phi4:14b,D,NCT04731051,0.2,0,2022.0,2022-12-31
ollama:phi4:14b,D,NCT05283304,0.3,0,2023.0,2023-11-19
ollama:phi4:14b,D,NCT05611853,0.4,0,2022.0,2023-12-25
ollama:phi4:14b,D,NCT04656691,0.7,0,2021.0,2021-04-18
ollama:phi4:14b,D,NCT05292976,0.2,0,2022.0,2022-12-31
ollama:phi4:14b,D,NCT04862741,0.1,1,2021.0,2022-10-05
ollama:phi4:14b,D,NCT05002114,0.3,0,2023.0,2023-01-31
ollama:phi4:14b,D,NCT04807400,0.6,1,2021.0,2023-01-13
ollama:phi4:14b,D,NCT05276401,0.4,0,2022.0,2022-06-15
ollama:phi4:14b,D,NCT04231279,0.2,0,2022.0,2023-06-15
ollama:phi4:14b,D,NCT04543955,0.3,0,2021.0,2022-06-03
ollama:phi4:14b,D,NCT04300140,0.5,0,2021.0,2023-08-14
ollama:phi4:14b,D,NCT05526716,0.6,1,2022.0,2023-06-21
ollama:phi4:14b,D,NCT05977127,0.3,0,2023.0,2024-03-21
ollama:phi4:14b,D,NCT05169931,0.1,0,2022.0,2022-05-31
ollama:phi4:14b,D,NCT04238390,0.2,0,2022.0,2024-12-31
ollama:phi4:14b,D,NCT04594941,0.4,1,2022.0,2022-05-26
ollama:phi4:14b,D,NCT03999658,0.4,0,2023.0,2024-07-31
ollama:phi4:14b,D,NCT04875975,0.4,0,2021.0,2024-04-26
ollama:phi4:14b,D,NCT04856891,0.5,1,2021.0,2023-01-09
ollama:phi4:14b,D,NCT05127473,0.2,1,2021.0,2022-05-14
ollama:phi4:14b,D,NCT05226299,0.3,1,2021.0,2022-08-30
ollama:phi4:14b,D,NCT05519527,0.3,0,2022.0,2023-02-15
ollama:phi4:14b,D,NCT04230720,0.2,0,2021.0,2021-12-31
ollama:phi4:14b,D,NCT05251233,0.3,0,2022.0,2024-06-27
ollama:phi4:14b,D,NCT02588807,0.1,0,2021.0,2022-05-31
ollama:phi4:14b,D,NCT03787082,0.1,0,2022.0,2023-12-31
ollama:phi4:14b,D,NCT05474690,0.3,0,2022.0,2024-08-30
ollama:phi4:14b,D,NCT04855240,0.25,1,2021.0,2022-03-14
ollama:phi4:14b,D,NCT04505878,0.15,0,2023.0,2023-12-31
ollama:phi4:14b,D,NCT05251376,0.2,0,2022.0,2022-12-19
ollama:phi4:14b,D,NCT04753957,0.1,0,2022.0,2022-02-01
ollama:phi4:14b,D,NCT05477498,0.05,0,2021.0,2022-12-31
ollama:phi4:14b,D,NCT04752020,0.1,1,2021.0,2023-12-30
ollama:phi4:14b,D,NCT04933916,0.2,0,2021.0,2023-05-01
ollama:phi4:14b,D,NCT05049161,0.15,0,2021.0,2022-05-18
ollama:phi4:14b,D,NCT04708236,0.1,0,2021.0,2021-07-31
ollama:phi4:14b,D,NCT04480190,0.1,0,2021.0,2022-04-04
ollama:phi4:14b,D,NCT05243524,0.2,0,2022.0,2023-08-31
ollama:phi4:14b,D,NCT04914676,0.15,0,2022.0,2024-08-26
ollama:phi4:14b,D,NCT04907851,0.15,0,2021.0,2023-11-30
ollama:phi4:14b,D,NCT05993143,0.35,0,2021.0,2021-07-21
ollama:phi4:14b,D,NCT05029856,0.05,0,2022.0,2022-08-31
ollama:phi4:14b,D,NCT04776044,0.3,0,2021.0,2022-08-09
ollama:phi4:14b,D,NCT05092646,0.1,0,2021.0,2023-11-10
ollama:phi4:14b,D,NCT04891718,0.1,0,2021.0,2022-06-05
ollama:phi4:14b,D,NCT04833959,0.1,0,2021.0,2024-03-31
ollama:phi4:14b,D,NCT05561530,0.25,0,2022.0,2023-06-15
ollama:phi4:14b,D,NCT05295927,0.2,0,2022.0,2022-09-30
ollama:phi4:14b,D,NCT05072080,0.4,1,2021.0,2023-04-03
ollama:phi4:14b,D,NCT05330013,0.2,0,2022.0,2022-06-23
ollama:phi4:14b,D,NCT05348681,0.3,0,2022.0,2023-02-28
ollama:phi4:14b,D,NCT04692467,0.5,1,2021.0,2023-12-30
ollama:phi4:14b,D,NCT04631601,0.2,0,2021.0,2023-10-23
ollama:phi4:14b,D,NCT05395052,0.25,0,2022.0,2023-08-11
ollama:phi4:14b,D,NCT04972968,0.4,0,2021.0,2023-07-24
ollama:phi4:14b,D,NCT05144347,0.25,0,2022.0,2022-11-01
ollama:phi4:14b,D,NCT04771143,0.25,0,2021.0,2022-01-03
ollama:phi4:14b,D,NCT04758949,0.35,0,2021.0,2021-12-22
ollama:phi4:14b,D,NCT05205759,0.6,0,2021.0,2022-04-05
ollama:phi4:14b,D,NCT04753606,0.45,1,2021.0,2021-08-30
ollama:phi4:14b,D,NCT04764448,0.3,0,2021.0,2024-05-29
ollama:phi4:14b,D,NCT04615949,0.55,0,2021.0,2022-11-30
ollama:phi4:14b,D,NCT04570436,0.7,1,2021.0,2022-11-10
ollama:phi4:14b,D,NCT04496674,0.2,0,2022.0,2023-05-03
ollama:phi4:14b,D,NCT05069012,0.65,1,2021.0,2022-07-23
ollama:phi4:14b,D,NCT03698448,0.4,0,2021.0,2022-11-01
ollama:phi4:14b,D,NCT04992208,0.75,1,2021.0,2023-08-31
ollama:phi4:14b,D,NCT04698915,0.5,0,2021.0,2023-11-30
ollama:phi4:14b,D,NCT06003075,0.35,0,2023.0,2024-07-05
ollama:phi4:14b,D,NCT04378244,0.2,0,2022.0,2024-07-12
ollama:phi4:14b,D,NCT04960397,0.3,0,2021.0,2024-04-12
ollama:phi4:14b,D,NCT04581785,0.25,0,2021.0,2023-01-10
ollama:phi4:14b,D,NCT04873895,0.2,0,2022.0,2024-04-25
ollama:phi4:14b,D,NCT05992922,0.35,0,2023.0,2023-12-19
ollama:phi4:14b,D,NCT04566133,0.3,0,2022.0,2022-12-31
ollama:phi4:14b,D,NCT05683860,0.3,0,2022.0,2023-06-30
ollama:phi4:14b,D,NCT04899349,0.25,0,2022.0,2023-05-10
ollama:phi4:14b,D,NCT05497284,0.25,0,2022.0,2024-09-26
ollama:phi4:14b,D,NCT04825223,0.2,0,2021.0,2022-07-22
ollama:phi4:14b,D,NCT04718376,0.35,0,2021.0,2023-05-22
ollama:phi4:14b,D,NCT05239663,0.5,0,2022.0,2024-07-31
ollama:phi4:14b,D,NCT04584034,0.15,0,2021.0,2023-04-30
ollama:phi4:14b,D,NCT05133180,0.45,1,2022.0,2022-12-19
ollama:phi4:14b,D,NCT05313386,0.22,0,2021.0,2022-02-21
ollama:phi4:14b,D,NCT01280669,0.18,0,2022.0,2024-12-31
ollama:phi4:14b,D,NCT05288283,0.4,0,2022.0,2023-09-28
ollama:phi4:14b,D,NCT04904185,0.12,0,2021.0,2024-07-02
ollama:phi4:14b,D,NCT05143489,0.1,0,2022.0,2024-04-17
ollama:phi4:14b,D,NCT05120960,0.13,0,2023.0,2024-04-12
ollama:phi4:14b,D,NCT04782245,0.17,0,2022.0,2024-04-30
ollama:phi4:14b,D,NCT05369390,0.32,1,2022.0,2024-01-09
ollama:phi4:14b,D,NCT05124795,0.28,0,2021.0,2023-05-31
ollama:phi4:14b,D,NCT02432417,0.16,0,2023.0,2023-11-10
ollama:phi4:14b,D,NCT04601610,0.27,0,2021.0,2022-05-30
ollama:phi4:14b,D,NCT04707352,0.38,1,2021.0,2023-03-26
ollama:phi4:14b,D,NCT04598321,0.14,0,2021.0,2022-12-06
ollama:phi4:14b,D,NCT06187376,0.19,0,2024.0,2024-07-16
ollama:phi4:14b,D,NCT03400306,0.29,0,2021.0,2021-11-16
ollama:phi4:14b,D,NCT05075538,0.08,0,2021.0,2024-01-08
ollama:phi4:14b,D,NCT04491084,0.15,0,2021.0,2022-08-18
ollama:phi4:14b,D,NCT05320380,0.3,0,2023.0,2023-09-01
ollama:phi4:14b,D,NCT04809012,0.5,0,2021.0,2024-06-30
ollama:phi4:14b,D,NCT04932915,0.5,0,2021.0,2022-01-10
ollama:phi4:14b,D,NCT04951492,0.4,0,2022.0,2023-10-15
ollama:phi4:14b,D,NCT05201703,0.2,0,2022.0,2023-12-15
ollama:phi4:14b,D,NCT05261490,0.5,0,2022.0,2024-02-15
ollama:phi4:14b,D,NCT05077930,0.4,0,2022.0,2022-04-07
ollama:phi4:14b,D,NCT05639192,0.3,0,2022.0,2023-08-18
ollama:phi4:14b,D,NCT04536181,0.2,0,2021.0,2022-10-01
ollama:phi4:14b,D,NCT04719832,0.6,1,2021.0,2023-11-21
ollama:phi4:14b,D,NCT04853355,0.2,0,2022.0,2022-10-31
ollama:phi4:14b,D,NCT05628545,0.5,0,2021.0,2024-10-31
ollama:phi4:14b,D,NCT04732429,0.5,0,2021.0,2023-10-20
ollama:phi4:14b,D,NCT05550363,0.3,0,2022.0,2023-09-30
ollama:phi4:14b,D,NCT04034004,0.4,1,2021.0,2022-12-22
ollama:phi4:14b,D,NCT05132569,0.3,0,2021.0,2023-02-21
ollama:phi4:14b,D,NCT05553639,0.5,0,2023.0,2024-04-29
ollama:phi4:14b,D,NCT04518137,0.5,0,2021.0,2022-05-30
ollama:phi4:14b,D,NCT05447507,0.3,1,2022.0,2022-10-26
ollama:phi4:14b,D,NCT04983407,0.5,0,2021.0,2023-08-14
ollama:phi4:14b,D,NCT04952571,0.4,0,2021.0,2022-12-31
ollama:phi4:14b,D,NCT04602117,0.4,0,2021.0,2021-11-17
ollama:phi4:14b,D,NCT05830747,0.2,1,2022.0,2022-12-10
ollama:phi4:14b,D,NCT04707534,0.3,1,2021.0,2022-03-04
ollama:phi4:14b,D,NCT04782661,0.5,0,2022.0,2022-09-23
ollama:phi4:14b,D,NCT04933240,0.3,0,2022.0,2024-12-31
ollama:phi4:14b,D,NCT04223661,0.4,0,2021.0,2023-12-31
ollama:phi4:14b,D,NCT05062083,0.5,0,2022.0,2024-01-30
ollama:phi4:14b,D,NCT04372940,0.3,0,2023.0,2024-01-31
ollama:phi4:14b,D,NCT05654870,0.45,0,2023.0,2023-11-08
ollama:phi4:14b,D,NCT04684121,0.4,0,2022.0,2024-08-01
ollama:phi4:14b,D,NCT04030052,0.45,0,2022.0,2023-01-19
ollama:phi4:14b,D,NCT04650854,0.55,1,2021.0,2024-01-25
ollama:phi4:14b,D,NCT05292755,0.35,1,2022.0,2022-07-01
ollama:phi4:14b,D,NCT03674320,0.45,0,2021.0,2024-12-01
ollama:phi4:14b,D,NCT05743777,0.42,0,2023.0,2023-05-12
ollama:phi4:14b,D,NCT05411575,0.48,0,2022.0,2022-10-31
ollama:phi4:14b,D,NCT05109650,0.25,0,2021.0,2023-03-23
ollama:phi4:14b,D,NCT04346394,0.5,0,2021.0,2023-08-01
ollama:phi4:14b,D,NCT05254808,0.35,0,2021.0,2022-02-14
ollama:phi4:14b,D,NCT05286853,0.48,0,2024.0,2024-09-03
ollama:phi4:14b,D,NCT05137717,0.5,1,2022.0,2023-06-27
ollama:phi4:14b,D,NCT04001998,0.3,0,2021.0,2021-07-31
ollama:phi4:14b,D,NCT04711863,0.6,0,2021.0,2021-07-31
ollama:phi4:14b,D,NCT05157360,0.45,0,2021.0,2023-05-16
ollama:phi4:14b,D,NCT05375604,0.5,0,2022.0,2023-05-30
ollama:phi4:14b,D,NCT04476329,0.4,0,2021.0,2021-12-10
ollama:phi4:14b,D,NCT05442775,0.5,0,2022.0,2023-06-07
ollama:phi4:14b,D,NCT04521946,0.5,0,2021.0,2022-12-20
ollama:phi4:14b,D,NCT04530877,0.3,0,2022.0,2024-09-30
ollama:phi4:14b,D,NCT06102174,0.2,0,2024.0,2024-09-03
ollama:phi4:14b,D,NCT04119830,0.25,0,2022.0,2024-02-01
ollama:phi4:14b,D,NCT05016934,0.15,0,2021.0,2022-04-20
ollama:phi4:14b,D,NCT04005989,0.4,0,2021.0,2022-12-20
ollama:phi4:14b,D,NCT05387577,0.1,0,2021.0,2022-11-23
ollama:phi4:14b,D,NCT04892043,0.2,0,2021.0,2023-11-02
ollama:phi4:14b,D,NCT05304130,0.3,0,2023.0,2023-05-04
ollama:phi4:14b,D,NCT04879823,0.5,0,2021.0,2023-07-11
ollama:phi4:14b,D,NCT05183360,0.35,0,2022.0,2024-08-08
ollama:phi4:14b,D,NCT05101915,0.25,0,2021.0,2024-04-23
ollama:phi4:14b,D,NCT03992443,0.45,0,2022.0,2022-03-18
ollama:phi4:14b,D,NCT05478252,0.55,1,2022.0,2023-09-18
ollama:phi4:14b,D,NCT04894474,0.5,0,2021.0,2022-07-24
ollama:phi4:14b,D,NCT05134727,0.35,1,2021.0,2023-03-31
ollama:phi4:14b,D,NCT04648189,0.25,0,2022.0,2022-09-19
ollama:phi4:14b,D,NCT04386252,0.3,0,2023.0,2024-01-31
ollama:phi4:14b,D,NCT04936971,0.05,0,2021.0,2021-09-30
ollama:phi4:14b,D,NCT05249569,0.25,0,2022.0,2022-12-30
ollama:phi4:14b,D,NCT04869943,0.45,0,2021.0,2024-01-09
ollama:phi4:14b,D,NCT04677426,0.25,0,2022.0,2022-08-01
ollama:phi4:14b,D,NCT03550352,0.3,0,2021.0,2022-05-31
ollama:phi4:14b,D,NCT05571540,0.15,0,2022.0,2024-10-31
ollama:phi4:14b,D,NCT04895046,0.25,0,2021.0,2023-09-30
ollama:phi4:14b,D,NCT05010954,0.55,1,2021.0,2022-09-28
ollama:phi4:14b,D,NCT04674748,0.3,0,2021.0,2022-05-13
ollama:phi4:14b,D,NCT05502081,0.65,1,2022.0,2022-12-28
ollama:phi4:14b,D,NCT05097014,0.6,1,2021.0,2023-02-24
ollama:phi4:14b,D,NCT05330689,0.4,0,2022.0,2022-09-07
ollama:phi4:14b,D,NCT03582085,0.45,0,2022.0,2023-01-01
ollama:phi4:14b,D,NCT04835714,0.5,0,2021.0,2022-01-18
ollama:phi4:14b,D,NCT05399368,0.55,0,2022.0,2024-05-24
ollama:phi4:14b,D,NCT05542095,0.35,0,2023.0,2023-05-01
ollama:phi4:14b,D,NCT05270460,0.5,1,2022.0,2022-10-06
ollama:phi4:14b,D,NCT03986086,0.4,0,2021.0,2023-12-31
ollama:phi4:14b,D,NCT04846231,0.3,1,2021.0,2022-07-19
ollama:phi4:14b,D,NCT04188639,0.5,1,2021.0,2023-01-04
ollama:phi4:14b,D,NCT04604678,0.55,0,2021.0,2021-10-31
ollama:phi4:14b,D,NCT05513391,0.7,0,2022.0,2023-10-03
ollama:phi4:14b,D,NCT05664100,0.5,0,2022.0,2023-04-12
ollama:phi4:14b,D,NCT04697056,0.55,0,2021.0,2021-11-19
ollama:phi4:14b,D,NCT05205837,0.45,0,2021.0,2023-08-15
ollama:phi4:14b,D,NCT04614051,0.55,0,2021.0,2022-05-10
ollama:phi4:14b,D,NCT05540665,0.55,0,2023.0,2024-01-04
ollama:phi4:14b,D,NCT05281562,0.4,0,2022.0,2023-03-20
ollama:phi4:14b,D,NCT03814109,0.6,0,2022.0,2024-01-31
ollama:phi4:14b,D,NCT05705167,0.55,0,2023.0,2024-04-19
ollama:phi4:14b,D,NCT05359081,0.65,0,2022.0,2024-03-28
ollama:phi4:14b,D,NCT05110781,0.45,0,2021.0,2023-04-18
ollama:phi4:14b,D,NCT04911790,0.75,1,2021.0,2023-08-31
ollama:phi4:14b,D,NCT05424380,0.55,0,2022.0,2024-03-04
ollama:phi4:14b,D,NCT05492695,0.3,0,2022.0,2023-09-28
ollama:phi4:14b,D,NCT05652907,0.4,0,2023.0,2023-05-24
ollama:phi4:14b,D,NCT05966584,0.2,0,2023.0,2024-08-02
ollama:phi4:14b,D,NCT04648319,0.2,0,2021.0,2022-01-17
ollama:phi4:14b,D,NCT05738161,0.1,0,2023.0,2024-02-27
ollama:phi4:14b,D,NCT05015972,0.05,0,2021.0,2023-12-31
ollama:phi4:14b,D,NCT04999488,0.15,0,2023.0,2024-12-31
ollama:phi4:14b,D,NCT04891133,0.5,0,2021.0,2023-01-23
ollama:phi4:14b,D,NCT05731492,0.15,0,2024.0,2024-04-01
ollama:phi4:14b,D,NCT04950114,0.35,0,2021.0,2022-11-02
ollama:phi4:14b,D,NCT04984278,0.6,0,2021.0,2022-11-11
ollama:phi4:14b,D,NCT04054752,0.1,0,2023.0,2023-11-01
ollama:phi4:14b,D,NCT05457491,0.25,0,2021.0,2022-07-07
ollama:phi4:14b,D,NCT03944902,0.1,0,2021.0,2022-01-05
ollama:phi4:14b,D,NCT05167526,0.1,0,2022.0,2022-11-10
ollama:phi4:14b,D,NCT04920578,0.2,0,2021.0,2023-02-27
ollama:phi4:14b,D,NCT05021484,0.25,1,2021.0,2024-03-07
ollama:phi4:14b,D,NCT04627831,0.4,0,2022.0,2023-04-30
ollama:phi4:14b,D,NCT04476628,0.1,0,2021.0,2022-02-28
ollama:phi4:14b,D,NCT04944654,0.25,0,2023.0,2023-05-11
ollama:phi4:14b,D,NCT05665647,0.2,1,2022.0,2023-02-14
ollama:phi4:14b,D,NCT06061081,0.4,0,2023.0,2024-11-04
ollama:phi4:14b,D,NCT04684381,0.35,1,2021.0,2021-06-30
ollama:phi4:14b,D,NCT05155020,0.45,0,2022.0,2022-08-05
ollama:phi4:14b,D,NCT05141357,0.35,0,2022.0,2023-04-19
ollama:phi4:14b,D,NCT04853329,0.3,0,2021.0,2024-12-31
ollama:phi4:14b,D,NCT05008510,0.3,0,2021.0,2023-06-30
ollama:phi4:14b,D,NCT04492436,0.3,0,2021.0,2024-07-31
ollama:phi4:14b,D,NCT05757492,0.25,0,2023.0,2024-07-31
ollama:phi4:14b,D,NCT04834973,0.35,0,2021.0,2022-07-12
ollama:phi4:14b,D,NCT04981717,0.6,0,2021.0,2023-04-24
ollama:phi4:14b,D,NCT04531865,0.4,0,2021.0,2022-10-01
ollama:phi4:14b,D,NCT05039931,0.4,0,2021.0,2023-06-30
ollama:phi4:14b,D,NCT05020665,0.4,0,2021.0,2023-03-30
ollama:phi4:14b,D,NCT05238896,0.2,0,2022.0,2023-03-31
ollama:phi4:14b,D,NCT05412706,0.35,0,2023.0,2023-09-04
ollama:phi4:14b,D,NCT05227456,0.35,0,2022.0,2024-04-30
ollama:phi4:14b,D,NCT04931511,0.2,0,2021.0,2022-09-01
ollama:phi4:14b,D,NCT04084678,0.4,0,2021.0,2023-04-12
ollama:phi4:14b,D,NCT05147415,0.25,0,2021.0,2022-12-09
ollama:phi4:14b,D,NCT04849377,0.25,0,2022.0,2022-06-14
ollama:phi4:14b,D,NCT05284019,0.2,0,2022.0,2023-04-14
ollama:phi4:14b,D,NCT04410042,0.4,0,2021.0,2024-01-16
ollama:phi4:14b,D,NCT04634344,0.4,0,2021.0,2022-05-05
ollama:phi4:14b,D,NCT04947579,0.5,0,2021.0,2023-02-21
ollama:phi4:14b,D,NCT05079360,0.35,0,2023.0,2024-05-26
ollama:phi4:14b,D,NCT05262101,0.35,0,2022.0,2023-11-30
ollama:phi4:14b,D,NCT05284604,0.3,0,2023.0,2023-01-31
ollama:phi4:14b,D,NCT05233410,0.4,0,2023.0,2024-09-22
ollama:phi4:14b,D,NCT04650399,0.55,1,2022.0,2024-02-15
ollama:phi4:14b,D,NCT05250856,0.2,0,2022.0,2023-12-12
ollama:phi4:14b,D,NCT05406765,0.1,1,2022.0,2022-10-07
ollama:phi4:14b,D,NCT04459338,0.15,1,2021.0,2022-06-14
ollama:phi4:14b,D,NCT04829214,0.3,1,2021.0,2022-06-30
ollama:phi4:14b,D,NCT05152849,0.25,0,2021.0,2022-06-29
ollama:phi4:14b,D,NCT05066698,0.25,0,2022.0,2022-09-07
ollama:phi4:14b,D,NCT05111249,0.2,0,2021.0,2023-10-27
ollama:phi4:14b,D,NCT05118763,0.22,0,2022.0,2022-12-31
ollama:phi4:14b,D,NCT04684550,0.12,0,2021.0,2021-08-15
ollama:phi4:14b,D,NCT06115460,0.15,1,2022.0,2023-06-15
ollama:phi4:14b,D,NCT04386239,0.08,0,2021.0,2023-01-01
ollama:phi4:14b,D,NCT05293509,0.1,0,2022.0,2023-09-18
ollama:phi4:14b,D,NCT04828174,0.08,0,2021.0,2023-11-26
ollama:phi4:14b,D,NCT04969991,0.18,0,2021.0,2022-11-22
ollama:phi4:14b,D,NCT04557475,0.15,0,2022.0,2023-06-11
ollama:phi4:14b,D,NCT05005910,0.25,1,2021.0,2022-12-01
ollama:phi4:14b,D,NCT05009732,0.35,0,2021.0,2023-07-14
ollama:phi4:14b,D,NCT03634488,0.28,1,2021.0,2022-11-09
ollama:phi4:14b,D,NCT05110599,0.2,0,2022.0,2023-10-01
ollama:phi4:14b,D,NCT03125187,0.22,0,2021.0,2022-11-10
ollama:phi4:14b,D,NCT04920331,0.08,0,2021.0,2022-02-04
ollama:phi4:14b,D,NCT04953052,0.25,0,2021.0,2022-11-30
ollama:phi4:14b,D,NCT04037241,0.3,0,2021.0,2022-01-01
ollama:phi4:14b,D,NCT05094050,0.2,1,2022.0,2023-03-17
ollama:phi4:14b,D,NCT04766996,0.18,0,2021.0,2021-12-27
ollama:phi4:14b,D,NCT04243941,0.3,0,2022.0,2024-02-07
ollama:phi4:14b,D,NCT05027867,0.4,0,2021.0,2022-08-26
ollama:phi4:14b,D,NCT06056310,0.2,0,2024.0,2024-08-20
ollama:phi4:14b,D,NCT05814523,0.5,0,2024.0,2024-08-31
ollama:phi4:14b,D,NCT05275400,0.7,1,2022.0,2024-05-15
ollama:phi4:14b,D,NCT05214196,0.25,0,2021.0,2021-12-07
ollama:phi4:14b,D,NCT04235322,0.35,0,2021.0,2023-04-18
ollama:phi4:14b,D,NCT04946864,0.45,0,2021.0,2024-10-01
ollama:phi4:14b,D,NCT04761822,0.55,1,2021.0,2022-04-27
ollama:phi4:14b,D,NCT05038982,0.28,1,2021.0,2022-07-11
ollama:phi4:14b,D,NCT04762225,0.22,0,2021.0,2022-10-11
ollama:phi4:14b,D,NCT05554627,0.32,0,2023.0,2023-10-27
ollama:phi4:14b,D,NCT04932941,0.48,1,2021.0,2022-09-05
ollama:phi4:14b,D,NCT04880213,0.18,1,2021.0,2021-11-23
ollama:phi4:14b,D,NCT06484881,0.52,0,2024.0,2024-10-10
ollama:phi4:14b,D,NCT04077749,0.15,0,2021.0,2021-09-15
ollama:phi4:14b,D,NCT04707703,0.27,0,2021.0,2021-10-25
ollama:phi4:14b,D,NCT05074433,0.6,0,2021.0,2022-05-18
ollama:phi4:14b,D,NCT05652660,0.21,1,2022.0,2023-03-06
ollama:phi4:14b,D,NCT05017103,0.29,0,2021.0,2024-02-20
ollama:phi4:14b,D,NCT04725240,0.33,1,2021.0,2022-06-28
ollama:phi4:14b,D,NCT05283954,0.38,0,2022.0,2022-07-30
ollama:phi4:14b,D,NCT05128773,0.51,0,2022.0,2022-10-13
ollama:phi4:14b,D,NCT05136833,0.42,0,2021.0,2022-12-31
ollama:phi4:14b,D,NCT04732169,0.31,0,2021.0,2021-07-09
ollama:phi4:14b,D,NCT04907968,0.3,0,2021.0,2023-10-03
ollama:phi4:14b,D,NCT05418673,0.7,0,2022.0,2023-07-27
ollama:phi4:14b,D,NCT04863014,0.5,0,2021.0,2023-02-15
ollama:phi4:14b,D,NCT04391868,0.3,0,2021.0,2021-04-28
ollama:phi4:14b,D,NCT05405686,0.2,0,2023.0,2024-08-01
ollama:phi4:14b,D,NCT05101122,0.4,1,2021.0,2022-04-18
ollama:phi4:14b,D,NCT05030350,0.8,0,2021.0,2022-09-23
ollama:phi4:14b,D,NCT05179603,0.5,0,2021.0,2024-09-06
ollama:phi4:14b,D,NCT04120987,0.2,0,2021.0,2022-06-25
ollama:phi4:14b,D,NCT06049329,0.3,1,2023.0,2023-12-15
ollama:phi4:14b,D,NCT05153408,0.3,0,2022.0,2022-12-09
ollama:phi4:14b,D,NCT04816071,0.4,0,2021.0,2021-05-01
ollama:phi4:14b,D,NCT04786600,0.4,0,2022.0,2024-03-19
ollama:phi4:14b,D,NCT05264922,0.4,0,2022.0,2022-07-22
ollama:phi4:14b,D,NCT04783766,0.3,1,2021.0,2021-08-05
ollama:phi4:14b,D,NCT04527549,0.4,0,2021.0,2024-01-08
ollama:phi4:14b,D,NCT05059301,0.9,1,2021.0,2022-06-30
ollama:phi4:14b,D,NCT04964388,0.4,0,2021.0,2023-07-01
ollama:phi4:14b,D,NCT05053126,0.6,1,2021.0,2022-04-01
ollama:phi4:14b,D,NCT05298202,0.2,1,2022.0,2022-10-01
ollama:phi4:14b,D,NCT06021119,0.6,1,2023.0,2023-04-21
ollama:phi4:14b,D,NCT05119712,0.25,0,2021.0,2024-10-15
ollama:phi4:14b,D,NCT04797468,0.35,0,2022.0,2023-01-13
ollama:phi4:14b,D,NCT04641273,0.6,0,2021.0,2021-10-18
ollama:phi4:14b,D,NCT05013385,0.5,0,2021.0,2022-05-31
ollama:phi4:14b,D,NCT04764630,0.2,1,2021.0,2021-03-20
ollama:phi4:14b,D,NCT05552859,0.6,0,2022.0,2023-08-04
ollama:phi4:14b,D,NCT06178367,0.3,1,2023.0,2023-09-30
ollama:phi4:14b,D,NCT04756427,0.4,0,2022.0,2023-11-28
ollama:phi4:14b,D,NCT05362058,0.7,1,2022.0,2024-04-10
ollama:phi4:14b,D,NCT04290871,0.25,0,2023.0,2024-04-01
ollama:phi4:14b,D,NCT06065059,0.35,0,2023.0,2024-05-22
ollama:phi4:14b,D,NCT03281681,0.5,0,2021.0,2022-09-30
ollama:phi4:14b,D,NCT04898309,0.45,0,2021.0,2023-05-31
ollama:phi4:14b,D,NCT06329687,0.55,0,2024.0,2024-02-28
ollama:phi4:14b,D,NCT04978818,0.65,1,2022.0,2023-10-26
ollama:phi4:14b,D,NCT03792295,0.28,0,2021.0,2022-07-01
ollama:phi4:14b,D,NCT05525455,0.38,0,2022.0,2023-09-07
ollama:phi4:14b,D,NCT04430283,0.42,0,2021.0,2022-03-04
ollama:phi4:14b,D,NCT04862416,0.22,1,2021.0,2022-06-29
ollama:phi4:14b,D,NCT04511026,0.27,0,2021.0,2021-06-10
ollama:phi4:14b,D,NCT04934670,0.48,0,2022.0,2023-01-19
ollama:phi4:14b,D,NCT05703555,0.26,0,2024.0,2024-02-16
ollama:phi4:14b,D,NCT05181995,0.62,0,2021.0,2023-03-30
ollama:phi4:14b,D,NCT04661917,0.43,0,2021.0,2022-05-19
ollama:phi4:14b,D,NCT05076422,0.52,0,2021.0,2023-03-03
ollama:phi4:14b,D,NCT04607252,0.33,0,2021.0,2021-06-03
ollama:phi4:14b,D,NCT05061537,0.37,0,2021.0,2022-10-14
ollama:phi4:14b,D,NCT04801641,0.29,0,2021.0,2023-08-14
ollama:phi4:14b,D,NCT04963413,0.24,0,2022.0,2023-09-28
ollama:phi4:14b,D,NCT04804254,0.2,0,2021.0,2023-01-11
ollama:phi4:14b,D,NCT05006417,0.1,0,2022.0,2022-11-23
ollama:phi4:14b,D,NCT06079320,0.3,0,2023.0,2024-09-30
ollama:phi4:14b,D,NCT05099549,0.25,0,2021.0,2023-09-21
ollama:phi4:14b,D,NCT05299580,0.1,0,2021.0,2023-03-30
ollama:phi4:14b,D,NCT05979415,0.3,0,2023.0,2024-02-28
ollama:phi4:14b,D,NCT05926440,0.4,0,2023.0,2023-08-17
ollama:phi4:14b,D,NCT05043987,0.25,0,2022.0,2022-11-16
ollama:phi4:14b,D,NCT05047640,0.35,0,2021.0,2022-10-25
ollama:phi4:14b,D,NCT05961007,0.45,0,2021.0,2024-04-30
ollama:phi4:14b,D,NCT05481489,0.2,0,2023.0,2023-04-24
ollama:phi4:14b,D,NCT05516849,0.15,0,2022.0,2023-08-03
ollama:phi4:14b,D,NCT05229900,0.2,0,2022.0,2023-12-13
ollama:phi4:14b,D,NCT05368558,0.4,0,2022.0,2024-09-20
ollama:phi4:14b,D,NCT02811133,0.15,0,2023.0,2023-10-04
ollama:phi4:14b,D,NCT05544734,0.1,1,2022.0,2023-06-01
ollama:phi4:14b,D,NCT05434091,0.25,0,2022.0,2023-03-29
ollama:phi4:14b,D,NCT04262193,0.15,0,2021.0,2024-07-30
ollama:phi4:14b,D,NCT06090318,0.2,0,2023.0,2023-05-30
ollama:phi4:14b,D,NCT05517837,0.15,0,2022.0,2023-07-14
ollama:phi4:14b,D,NCT04860466,0.2,0,2022.0,2024-07-31
ollama:phi4:14b,D,NCT04632940,0.4,0,2021.0,2023-12-14
ollama:phi4:14b,D,NCT04166734,0.15,0,2021.0,2023-07-25
ollama:phi4:14b,D,NCT04630158,0.35,1,2021.0,2023-06-08
ollama:phi4:14b,D,NCT05240560,0.15,0,2023.0,2024-02-08
ollama:phi4:14b,D,NCT04804033,0.75,0,2021.0,2024-03-21
ollama:phi4:14b,D,NCT05156645,0.3,0,2022.0,2022-12-01
ollama:phi4:14b,D,NCT05226390,0.2,0,2022.0,2023-11-21
ollama:phi4:14b,D,NCT04560309,0.5,1,2021.0,2021-11-23
ollama:phi4:14b,D,NCT04800627,0.2,0,2021.0,2022-11-03
ollama:phi4:14b,D,NCT04446637,0.4,0,2021.0,2022-09-03
ollama:phi4:14b,D,NCT04161118,0.25,0,2021.0,2023-02-24
ollama:phi4:14b,D,NCT05441930,0.3,0,2023.0,2024-03-14
ollama:phi4:14b,D,NCT04894123,0.25,0,2022.0,2023-02-13
ollama:phi4:14b,D,NCT04752566,0.6,1,2021.0,2022-08-03
ollama:phi4:14b,D,NCT05008913,0.3,0,2021.0,2021-11-16
ollama:phi4:14b,D,NCT05213143,0.7,0,2021.0,2022-11-18
ollama:phi4:14b,D,NCT04928430,0.8,0,2021.0,2022-11-28
ollama:phi4:14b,D,NCT04760782,0.25,0,2022.0,2023-08-14
ollama:phi4:14b,D,NCT04991688,0.25,0,2021.0,2023-03-03
ollama:phi4:14b,D,NCT05808881,0.7,0,2023.0,2024-05-31
ollama:phi4:14b,D,NCT04871737,0.65,1,2021.0,2022-09-30
ollama:phi4:14b,D,NCT04818736,0.4,0,2021.0,2021-12-31
ollama:phi4:14b,D,NCT05437419,0.35,1,2022.0,2023-07-27
ollama:phi4:14b,D,NCT04634253,0.55,1,2021.0,2022-06-29
ollama:phi4:14b,D,NCT05251038,0.2,0,2022.0,2023-01-31
ollama:phi4:14b,D,NCT04957290,0.55,0,2021.0,2023-06-07
ollama:phi4:14b,D,NCT04536077,0.25,0,2021.0,2023-11-21
ollama:phi4:14b,D,NCT04665921,0.55,0,2021.0,2024-03-01
ollama:phi4:14b,D,NCT04676867,0.85,1,2021.0,2021-05-17
ollama:phi4:14b,D,NCT05592223,0.1,0,2022.0,2023-12-01
ollama:phi4:14b,D,NCT04788511,0.7,1,2021.0,2023-04-18
ollama:phi4:14b,D,NCT06046482,0.15,0,2023.0,2024-08-26
ollama:phi4:14b,D,NCT04814537,0.25,1,2021.0,2022-03-23
ollama:phi4:14b,D,NCT05097651,0.15,0,2021.0,2023-08-31
ollama:phi4:14b,D,NCT05546411,0.15,0,2023.0,2023-10-13
ollama:phi4:14b,D,NCT05703464,0.1,0,2023.0,2023-03-03
ollama:phi4:14b,D,NCT04927169,0.3,0,2021.0,2022-03-30
ollama:phi4:14b,D,NCT04760626,0.7,1,2021.0,2022-08-29
ollama:phi4:14b,D,NCT04736602,0.2,1,2021.0,2022-09-03
ollama:phi4:14b,D,NCT04652479,0.15,1,2021.0,2022-06-30
ollama:phi4:14b,D,NCT05456854,0.1,0,2022.0,2024-08-01
ollama:phi4:14b,D,NCT05504486,0.15,0,2022.0,2023-04-05
ollama:phi4:14b,D,NCT04770155,0.05,0,2021.0,2021-09-20
ollama:phi4:14b,D,NCT05666453,0.4,0,2022.0,2024-07-01
ollama:phi4:14b,D,NCT05039190,0.6,1,2021.0,2023-01-14
ollama:phi4:14b,D,NCT03720990,0.2,1,2021.0,2023-09-30
ollama:phi4:14b,D,NCT05260008,0.4,0,2022.0,2024-01-15
ollama:phi4:14b,D,NCT05878704,0.2,0,2023.0,2024-07-29
ollama:phi4:14b,D,NCT05497934,0.1,0,2022.0,2024-03-31
ollama:phi4:14b,D,NCT05140824,0.25,0,2021.0,2022-12-14
ollama:phi4:14b,D,NCT04387617,0.5,1,2021.0,2022-01-31
ollama:phi4:14b,D,NCT04218825,0.1,0,2022.0,2023-04-04
ollama:phi4:14b,D,NCT03883893,0.15,0,2021.0,2023-04-30
ollama:phi4:14b,D,NCT06422377,0.2,0,2024.0,2024-08-14
ollama:phi4:14b,D,NCT05006885,0.3,1,2021.0,2022-08-17
ollama:phi4:14b,D,NCT05376319,0.2,0,2023.0,2024-05-07
ollama:phi4:14b,D,NCT04927975,0.35,1,2021.0,2023-08-29
ollama:phi4:14b,D,NCT05157464,0.15,0,2023.0,2024-12-31
ollama:phi4:14b,D,NCT03602898,0.2,0,2021.0,2023-09-17
ollama:phi4:14b,D,NCT05116046,0.25,0,2021.0,2023-03-30
ollama:phi4:14b,D,NCT05014919,0.3,0,2021.0,2022-04-28
ollama:phi4:14b,D,NCT04863339,0.2,0,2022.0,2022-04-30
ollama:phi4:14b,D,NCT05095246,0.25,0,2022.0,2024-10-30
ollama:phi4:14b,D,NCT06181227,0.25,0,2023.0,2024-04-05
ollama:phi4:14b,D,NCT05096884,0.1,0,2022.0,2023-09-12
ollama:phi4:14b,D,NCT05097079,0.3,0,2021.0,2023-05-31
ollama:phi4:14b,D,NCT05222269,0.25,0,2022.0,2023-01-25
ollama:phi4:14b,D,NCT05169437,0.25,0,2022.0,2024-08-27
ollama:phi4:14b,D,NCT04789330,0.1,0,2021.0,2022-04-01
ollama:phi4:14b,D,NCT04327986,0.2,0,2021.0,2022-02-03
ollama:phi4:14b,D,NCT03326128,0.2,0,2021.0,2023-07-01
ollama:phi4:14b,D,NCT05264506,0.4,0,2022.0,2024-01-26
ollama:phi4:14b,D,NCT05625347,0.25,0,2023.0,2023-06-30
ollama:phi4:14b,D,NCT04357951,0.1,0,2023.0,2024-09-30
ollama:phi4:14b,D,NCT04864522,0.1,0,2023.0,2023-11-30
ollama:phi4:14b,D,NCT04896541,0.25,1,2021.0,2022-06-14
ollama:phi4:14b,D,NCT04811040,0.3,1,2021.0,2023-10-17
ollama:phi4:14b,D,NCT05094206,0.15,0,2022.0,2024-01-29
ollama:phi4:14b,D,NCT05165732,0.4,0,2022.0,2023-08-20
ollama:phi4:14b,D+ID,NCT05035095,0.75,1,2021.0,2023-05-12
ollama:phi4:14b,D+ID,NCT05744115,0.6,0,2021.0,2022-04-14
ollama:phi4:14b,D+ID,NCT05253755,0.5,0,2021.0,2022-09-09
ollama:phi4:14b,D+ID,NCT05003102,0.3,0,2023.0,2023-06-30
ollama:phi4:14b,D+ID,NCT05674448,0.5,0,2021.0,2023-01-04
ollama:phi4:14b,D+ID,NCT05695378,0.65,0,2023.0,2024-08-19
ollama:phi4:14b,D+ID,NCT06085638,0.4,0,2023.0,2023-10-20
ollama:phi4:14b,D+ID,NCT04320940,0.55,0,2021.0,2023-02-01
ollama:phi4:14b,D+ID,NCT05060276,0.35,0,2022.0,2024-12-31
ollama:phi4:14b,D+ID,NCT05622591,0.35,0,2024.0,2024-06-07
ollama:phi4:14b,D+ID,NCT04748783,0.45,0,2021.0,2021-04-07
ollama:phi4:14b,D+ID,NCT04406857,0.4,0,2021.0,2023-01-18
ollama:phi4:14b,D+ID,NCT04478994,0.35,0,2021.0,2022-12-08
ollama:phi4:14b,D+ID,NCT05607342,0.25,0,2023.0,2023-11-06
ollama:phi4:14b,D+ID,NCT04629339,0.45,0,2021.0,2024-03-26
ollama:phi4:14b,D+ID,NCT05139615,0.55,0,2021.0,2022-09-19
ollama:phi4:14b,D+ID,NCT04108858,0.4,0,2021.0,2022-04-29
ollama:phi4:14b,D+ID,NCT04355039,0.3,0,2021.0,2024-07-01
ollama:phi4:14b,D+ID,NCT03709550,0.3,0,2021.0,2024-04-15
ollama:phi4:14b,D+ID,NCT04243824,0.25,0,2021.0,2022-05-31
ollama:phi4:14b,D+ID,NCT02133885,0.4,0,2023.0,2024-03-31
ollama:phi4:14b,D+ID,NCT05044234,0.7,0,2021.0,2022-11-30
ollama:phi4:14b,D+ID,NCT04672954,0.45,1,2021.0,2021-07-01
ollama:phi4:14b,D+ID,NCT05098405,0.35,0,2021.0,2024-01-19
ollama:phi4:14b,D+ID,NCT05542355,0.4,0,2023.0,2024-10-02
ollama:phi4:14b,D+ID,NCT04631211,0.3,0,2021.0,2022-01-07
ollama:phi4:14b,D+ID,NCT04791319,0.4,0,2021.0,2022-03-31
ollama:phi4:14b,D+ID,NCT04200066,0.2,0,2022.0,2024-02-01
ollama:phi4:14b,D+ID,NCT04391309,0.35,0,2021.0,2022-02-04
ollama:phi4:14b,D+ID,NCT05563168,0.25,0,2023.0,2024-12-31
ollama:phi4:14b,D+ID,NCT04961658,0.3,0,2021.0,2024-01-08
ollama:phi4:14b,D+ID,NCT04625699,0.2,0,2022.0,2023-12-31
ollama:phi4:14b,D+ID,NCT05356403,0.6,0,2022.0,2024-02-26
ollama:phi4:14b,D+ID,NCT05378945,0.65,1,2022.0,2023-04-04
ollama:phi4:14b,D+ID,NCT04759846,0.25,0,2021.0,2023-05-31
ollama:phi4:14b,D+ID,NCT05767749,0.15,1,2023.0,2023-07-31
ollama:phi4:14b,D+ID,NCT04746430,0.1,0,2021.0,2021-04-23
ollama:phi4:14b,D+ID,NCT04773067,0.55,0,2021.0,2022-03-08
ollama:phi4:14b,D+ID,NCT04834908,0.35,0,2021.0,2022-05-25
ollama:phi4:14b,D+ID,NCT06281236,0.2,0,2024.0,2024-10-01
ollama:phi4:14b,D+ID,NCT05156229,0.2,0,2021.0,2022-08-24
ollama:phi4:14b,D+ID,NCT05266586,0.45,1,2022.0,2022-09-08
ollama:phi4:14b,D+ID,NCT05303909,0.25,0,2022.0,2024-05-13
ollama:phi4:14b,D+ID,NCT05178862,0.6,0,2022.0,2024-08-31
ollama:phi4:14b,D+ID,NCT04596293,0.3,1,2021.0,2022-07-12
ollama:phi4:14b,D+ID,NCT04588688,0.2,0,2021.0,2021-08-01
ollama:phi4:14b,D+ID,NCT04900766,0.2,0,2021.0,2023-02-03
ollama:phi4:14b,D+ID,NCT04709575,0.6,1,2021.0,2021-08-24
ollama:phi4:14b,D+ID,NCT05121766,0.2,0,2022.0,2023-04-21
ollama:phi4:14b,D+ID,NCT04521335,0.2,0,2021.0,2022-02-06
ollama:phi4:14b,D+ID,NCT04795466,0.3,0,2021.0,2024-03-07
ollama:phi4:14b,D+ID,NCT05085002,0.5,0,2021.0,2023-11-29
ollama:phi4:14b,D+ID,NCT04443569,0.4,1,2021.0,2022-08-31
ollama:phi4:14b,D+ID,NCT04644029,0.7,0,2021.0,2024-06-11
ollama:phi4:14b,D+ID,NCT05366855,0.2,0,2022.0,2024-07-17
ollama:phi4:14b,D+ID,NCT05494866,0.1,0,2022.0,2024-03-15
ollama:phi4:14b,D+ID,NCT05567783,0.6,0,2022.0,2023-08-31
ollama:phi4:14b,D+ID,NCT05077085,0.05,0,2022.0,2024-12-31
ollama:phi4:14b,D+ID,NCT05244473,0.15,0,2022.0,2024-05-31
ollama:phi4:14b,D+ID,NCT04263519,0.25,0,2021.0,2023-01-01
ollama:phi4:14b,D+ID,NCT05420077,0.1,0,2022.0,2023-06-02
ollama:phi4:14b,D+ID,NCT04358471,0.35,0,2021.0,2023-09-01
ollama:phi4:14b,D+ID,NCT04822298,0.15,0,2021.0,2022-01-26
ollama:phi4:14b,D+ID,NCT04834349,0.2,0,2021.0,2022-11-21
ollama:phi4:14b,D+ID,NCT04736628,0.55,1,2021.0,2023-09-21
ollama:phi4:14b,D+ID,NCT05064449,0.15,1,2021.0,2021-11-30
ollama:phi4:14b,D+ID,NCT04674761,0.65,1,2021.0,2022-09-09
ollama:phi4:14b,D+ID,NCT04498468,0.05,0,2021.0,2023-03-03
ollama:phi4:14b,D+ID,NCT05238207,0.15,0,2022.0,2023-05-04
ollama:phi4:14b,D+ID,NCT05029609,0.1,0,2021.0,2022-12-31
ollama:phi4:14b,D+ID,NCT05083078,0.1,0,2021.0,2022-07-01
ollama:phi4:14b,D+ID,NCT05629364,0.4,0,2023.0,2024-01-09
ollama:phi4:14b,D+ID,NCT04637698,0.25,0,2021.0,2023-05-04
ollama:phi4:14b,D+ID,NCT04876430,0.3,0,2021.0,2022-03-07
ollama:phi4:14b,D+ID,NCT04861948,0.1,0,2021.0,2022-07-30
ollama:phi4:14b,D+ID,NCT04740931,0.65,1,2021.0,2023-07-12
ollama:phi4:14b,D+ID,NCT05510843,0.2,0,2022.0,2023-04-04
ollama:phi4:14b,D+ID,NCT04842292,0.3,0,2021.0,2021-09-04
ollama:phi4:14b,D+ID,NCT05162066,0.25,0,2022.0,2022-09-23
ollama:phi4:14b,D+ID,NCT05506930,0.1,0,2022.0,2024-05-10
ollama:phi4:14b,D+ID,NCT05682222,0.15,1,2022.0,2022-10-14
ollama:phi4:14b,D+ID,NCT05135650,0.1,0,2022.0,2023-01-10
ollama:phi4:14b,D+ID,NCT05238844,0.35,0,2022.0,2022-05-25
ollama:phi4:14b,D+ID,NCT04731298,0.3,0,2021.0,2022-04-21
ollama:phi4:14b,D+ID,NCT04639024,0.2,0,2021.0,2022-11-03
ollama:phi4:14b,D+ID,NCT05717400,0.05,0,2023.0,2024-08-29
ollama:phi4:14b,D+ID,NCT05155085,0.5,0,2022.0,2024-04-17
ollama:phi4:14b,D+ID,NCT05569512,0.1,0,2022.0,2023-12-06
ollama:phi4:14b,D+ID,NCT04954326,0.55,1,2021.0,2022-05-20
ollama:phi4:14b,D+ID,NCT04052139,0.25,1,2021.0,2021-12-15
ollama:phi4:14b,D+ID,NCT04325503,0.15,1,2021.0,2022-06-30
ollama:phi4:14b,D+ID,NCT04773587,0.7,1,2021.0,2022-08-30
ollama:phi4:14b,D+ID,NCT05041101,0.1,0,2021.0,2024-09-06
ollama:phi4:14b,D+ID,NCT05162365,0.6,0,2022.0,2022-11-18
ollama:phi4:14b,D+ID,NCT03095404,0.1,0,2021.0,2022-02-28
ollama:phi4:14b,D+ID,NCT04354103,0.2,0,2022.0,2024-01-19
ollama:phi4:14b,D+ID,NCT06137651,0.15,0,2023.0,2024-03-27
ollama:phi4:14b,D+ID,NCT05673109,0.25,0,2023.0,2023-10-08
ollama:phi4:14b,D+ID,NCT04737109,0.15,0,2021.0,2022-08-15
ollama:phi4:14b,D+ID,NCT05694013,0.4,0,2023.0,2024-07-04
ollama:phi4:14b,D+ID,NCT05469802,0.3,0,2024.0,2024-07-05
ollama:phi4:14b,D+ID,NCT05489991,0.25,0,2022.0,2023-05-03
ollama:phi4:14b,D+ID,NCT04497038,0.2,0,2021.0,2023-05-02
ollama:phi4:14b,D+ID,NCT05065411,0.6,0,2022.0,2024-01-09
ollama:phi4:14b,D+ID,NCT05447364,0.5,1,2021.0,2024-03-01
ollama:phi4:14b,D+ID,NCT05160558,0.15,0,2022.0,2023-07-25
ollama:phi4:14b,D+ID,NCT05198349,0.2,0,2022.0,2023-08-10
ollama:phi4:14b,D+ID,NCT04741204,0.4,0,2022.0,2022-09-30
ollama:phi4:14b,D+ID,NCT04855591,0.15,0,2021.0,2021-11-18
ollama:phi4:14b,D+ID,NCT04611139,0.2,0,2021.0,2024-06-30
ollama:phi4:14b,D+ID,NCT04475991,0.25,0,2021.0,2022-03-25
ollama:phi4:14b,D+ID,NCT05182840,0.7,1,2022.0,2023-07-10
ollama:phi4:14b,D+ID,NCT05788185,0.2,0,2023.0,2023-09-21
ollama:phi4:14b,D+ID,NCT04309721,0.5,0,2022.0,2023-11-13
ollama:phi4:14b,D+ID,NCT05760703,0.3,0,2023.0,2023-12-11
ollama:phi4:14b,D+ID,NCT04682366,0.4,0,2021.0,2022-11-10
ollama:phi4:14b,D+ID,NCT04938180,0.25,0,2021.0,2022-05-17
ollama:phi4:14b,D+ID,NCT06301308,0.5,0,2023.0,2024-02-29
ollama:phi4:14b,D+ID,NCT05609045,0.15,0,2023.0,2023-12-31
ollama:phi4:14b,D+ID,NCT04985825,0.25,0,2021.0,2022-08-17
ollama:phi4:14b,D+ID,NCT05053035,0.3,0,2021.0,2022-10-28
ollama:phi4:14b,D+ID,NCT05032118,0.55,0,2023.0,2023-04-27
ollama:phi4:14b,D+ID,NCT05835011,0.25,0,2023.0,2023-08-21
ollama:phi4:14b,D+ID,NCT05137002,0.65,0,2021.0,2022-10-10
ollama:phi4:14b,D+ID,NCT04994002,0.15,0,2021.0,2022-06-30
ollama:phi4:14b,D+ID,NCT05556265,0.3,0,2022.0,2024-05-16
ollama:phi4:14b,D+ID,NCT04629703,0.7,0,2021.0,2022-09-05
ollama:phi4:14b,D+ID,NCT05061992,0.4,1,2021.0,2022-11-01
ollama:phi4:14b,D+ID,NCT03532958,0.2,0,2021.0,2022-11-30
ollama:phi4:14b,D+ID,NCT05317013,0.1,0,2022.0,2022-09-22
ollama:phi4:14b,D+ID,NCT05475821,0.1,0,2022.0,2022-09-26
ollama:phi4:14b,D+ID,NCT04167618,0.15,0,2021.0,2022-08-11
ollama:phi4:14b,D+ID,NCT04760314,0.65,1,2021.0,2023-02-01
ollama:phi4:14b,D+ID,NCT06489860,0.15,0,2024.0,2024-10-04
ollama:phi4:14b,D+ID,NCT05344625,0.05,0,2023.0,2024-03-15
ollama:phi4:14b,D+ID,NCT04978298,0.25,1,2021.0,2023-02-26
ollama:phi4:14b,D+ID,NCT05193370,0.05,0,2022.0,2022-11-30
ollama:phi4:14b,D+ID,NCT05370040,0.2,0,2022.0,2024-03-11
ollama:phi4:14b,D+ID,NCT03952481,0.05,0,2021.0,2021-12-31
ollama:phi4:14b,D+ID,NCT06056596,0.05,0,2024.0,2024-09-06
ollama:phi4:14b,D+ID,NCT04750577,0.5,1,2021.0,2022-12-27
ollama:phi4:14b,D+ID,NCT04921358,0.75,0,2021.0,2023-12-20
ollama:phi4:14b,D+ID,NCT05035368,0.25,0,2021.0,2023-06-30
ollama:phi4:14b,D+ID,NCT05764239,0.3,0,2023.0,2024-03-15
ollama:phi4:14b,D+ID,NCT05198843,0.2,0,2022.0,2023-12-20
ollama:phi4:14b,D+ID,NCT05934942,0.1,0,2023.0,2024-02-08
ollama:phi4:14b,D+ID,NCT05260541,0.25,0,2022.0,2022-09-23
ollama:phi4:14b,D+ID,NCT03928275,0.35,0,2021.0,2022-09-01
ollama:phi4:14b,D+ID,NCT05265728,0.2,0,2022.0,2024-05-27
ollama:phi4:14b,D+ID,NCT04731051,0.1,0,2022.0,2022-12-31
ollama:phi4:14b,D+ID,NCT05283304,0.3,0,2023.0,2023-11-19
ollama:phi4:14b,D+ID,NCT05611853,0.35,0,2022.0,2023-12-25
ollama:phi4:14b,D+ID,NCT04656691,0.2,0,2021.0,2021-04-18
ollama:phi4:14b,D+ID,NCT05292976,0.25,0,2022.0,2022-12-31
ollama:phi4:14b,D+ID,NCT04862741,0.3,1,2021.0,2022-10-05
ollama:phi4:14b,D+ID,NCT05002114,0.3,0,2023.0,2023-01-31
ollama:phi4:14b,D+ID,NCT04807400,0.4,1,2021.0,2023-01-13
ollama:phi4:14b,D+ID,NCT05276401,0.35,0,2022.0,2022-06-15
ollama:phi4:14b,D+ID,NCT04231279,0.25,0,2022.0,2023-06-15
ollama:phi4:14b,D+ID,NCT04543955,0.3,0,2021.0,2022-06-03
ollama:phi4:14b,D+ID,NCT04300140,0.35,0,2021.0,2023-08-14
ollama:phi4:14b,D+ID,NCT05526716,0.4,1,2022.0,2023-06-21
ollama:phi4:14b,D+ID,NCT05977127,0.3,0,2023.0,2024-03-21
ollama:phi4:14b,D+ID,NCT05169931,0.25,0,2022.0,2022-05-31
ollama:phi4:14b,D+ID,NCT04238390,0.25,0,2022.0,2024-12-31
ollama:phi4:14b,D+ID,NCT04594941,0.35,1,2022.0,2022-05-26
ollama:phi4:14b,D+ID,NCT03999658,0.35,0,2023.0,2024-07-31
ollama:phi4:14b,D+ID,NCT04875975,0.35,0,2021.0,2024-04-26
ollama:phi4:14b,D+ID,NCT04856891,0.35,1,2021.0,2023-01-09
ollama:phi4:14b,D+ID,NCT05127473,0.3,1,2021.0,2022-05-14
ollama:phi4:14b,D+ID,NCT05226299,0.3,1,2021.0,2022-08-30
ollama:phi4:14b,D+ID,NCT05519527,0.3,0,2022.0,2023-02-15
ollama:phi4:14b,D+ID,NCT04230720,0.2,0,2021.0,2021-12-31
ollama:phi4:14b,D+ID,NCT05251233,0.3,0,2022.0,2024-06-27
ollama:phi4:14b,D+ID,NCT02588807,0.3,0,2021.0,2022-05-31
ollama:phi4:14b,D+ID,NCT03787082,0.3,0,2022.0,2023-12-31
ollama:phi4:14b,D+ID,NCT05474690,0.6,0,2022.0,2024-08-30
ollama:phi4:14b,D+ID,NCT04855240,0.5,1,2021.0,2022-03-14
ollama:phi4:14b,D+ID,NCT04505878,0.25,0,2023.0,2023-12-31
ollama:phi4:14b,D+ID,NCT05251376,0.3,0,2022.0,2022-12-19
ollama:phi4:14b,D+ID,NCT04753957,0.3,0,2022.0,2022-02-01
ollama:phi4:14b,D+ID,NCT05477498,0.1,0,2021.0,2022-12-31
ollama:phi4:14b,D+ID,NCT04752020,0.2,1,2021.0,2023-12-30
ollama:phi4:14b,D+ID,NCT04933916,0.3,0,2021.0,2023-05-01
ollama:phi4:14b,D+ID,NCT05049161,0.35,0,2021.0,2022-05-18
ollama:phi4:14b,D+ID,NCT04708236,0.25,0,2021.0,2021-07-31
ollama:phi4:14b,D+ID,NCT04480190,0.25,0,2021.0,2022-04-04
ollama:phi4:14b,D+ID,NCT05243524,0.3,0,2022.0,2023-08-31
ollama:phi4:14b,D+ID,NCT04914676,0.3,0,2022.0,2024-08-26
ollama:phi4:14b,D+ID,NCT04907851,0.35,0,2021.0,2023-11-30
ollama:phi4:14b,D+ID,NCT05993143,0.7,0,2021.0,2021-07-21
ollama:phi4:14b,D+ID,NCT05029856,0.2,0,2022.0,2022-08-31
ollama:phi4:14b,D+ID,NCT04776044,0.55,0,2021.0,2022-08-09
ollama:phi4:14b,D+ID,NCT05092646,0.25,0,2021.0,2023-11-10
ollama:phi4:14b,D+ID,NCT04891718,0.2,0,2021.0,2022-06-05
ollama:phi4:14b,D+ID,NCT04833959,0.25,0,2021.0,2024-03-31
ollama:phi4:14b,D+ID,NCT05561530,0.45,0,2022.0,2023-06-15
ollama:phi4:14b,D+ID,NCT05295927,0.3,0,2022.0,2022-09-30
ollama:phi4:14b,D+ID,NCT05072080,0.8,1,2021.0,2023-04-03
ollama:phi4:14b,D+ID,NCT05330013,0.4,0,2022.0,2022-06-23
ollama:phi4:14b,D+ID,NCT05348681,0.3,0,2022.0,2023-02-28
ollama:phi4:14b,D+ID,NCT04692467,0.4,1,2021.0,2023-12-30
ollama:phi4:14b,D+ID,NCT04631601,0.2,0,2021.0,2023-10-23
ollama:phi4:14b,D+ID,NCT05395052,0.25,0,2022.0,2023-08-11
ollama:phi4:14b,D+ID,NCT04972968,0.35,0,2021.0,2023-07-24
ollama:phi4:14b,D+ID,NCT05144347,0.25,0,2022.0,2022-11-01
ollama:phi4:14b,D+ID,NCT04771143,0.25,0,2021.0,2022-01-03
ollama:phi4:14b,D+ID,NCT04758949,0.3,0,2021.0,2021-12-22
ollama:phi4:14b,D+ID,NCT05205759,0.5,0,2021.0,2022-04-05
ollama:phi4:14b,D+ID,NCT04753606,0.4,1,2021.0,2021-08-30
ollama:phi4:14b,D+ID,NCT04764448,0.3,0,2021.0,2024-05-29
ollama:phi4:14b,D+ID,NCT04615949,0.45,0,2021.0,2022-11-30
ollama:phi4:14b,D+ID,NCT04570436,0.15,1,2021.0,2022-11-10
ollama:phi4:14b,D+ID,NCT04496674,0.2,0,2022.0,2023-05-03
ollama:phi4:14b,D+ID,NCT05069012,0.2,1,2021.0,2022-07-23
ollama:phi4:14b,D+ID,NCT03698448,0.35,0,2021.0,2022-11-01
ollama:phi4:14b,D+ID,NCT04992208,0.55,1,2021.0,2023-08-31
ollama:phi4:14b,D+ID,NCT04698915,0.4,0,2021.0,2023-11-30
ollama:phi4:14b,D+ID,NCT06003075,0.3,0,2023.0,2024-07-05
ollama:phi4:14b,D+ID,NCT04378244,0.2,0,2022.0,2024-07-12
ollama:phi4:14b,D+ID,NCT04960397,0.3,0,2021.0,2024-04-12
ollama:phi4:14b,D+ID,NCT04581785,0.25,0,2021.0,2023-01-10
ollama:phi4:14b,D+ID,NCT04873895,0.2,0,2022.0,2024-04-25
ollama:phi4:14b,D+ID,NCT05992922,0.3,0,2023.0,2023-12-19
ollama:phi4:14b,D+ID,NCT04566133,0.2,0,2022.0,2022-12-31
ollama:phi4:14b,D+ID,NCT05683860,0.3,0,2022.0,2023-06-30
ollama:phi4:14b,D+ID,NCT04899349,0.25,0,2022.0,2023-05-10
ollama:phi4:14b,D+ID,NCT05497284,0.25,0,2022.0,2024-09-26
ollama:phi4:14b,D+ID,NCT04825223,0.2,0,2021.0,2022-07-22
ollama:phi4:14b,D+ID,NCT04718376,0.35,0,2021.0,2023-05-22
ollama:phi4:14b,D+ID,NCT05239663,0.6,0,2022.0,2024-07-31
ollama:phi4:14b,D+ID,NCT04584034,0.5,0,2021.0,2023-04-30
ollama:phi4:14b,D+ID,NCT05133180,0.65,1,2022.0,2022-12-19
ollama:phi4:14b,D+ID,NCT05313386,0.2,0,2021.0,2022-02-21
ollama:phi4:14b,D+ID,NCT01280669,0.25,0,2022.0,2024-12-31
ollama:phi4:14b,D+ID,NCT05288283,0.6,0,2022.0,2023-09-28
ollama:phi4:14b,D+ID,NCT04904185,0.3,0,2021.0,2024-07-02
ollama:phi4:14b,D+ID,NCT05143489,0.5,0,2022.0,2024-04-17
ollama:phi4:14b,D+ID,NCT05120960,0.3,0,2023.0,2024-04-12
ollama:phi4:14b,D+ID,NCT04782245,0.25,0,2022.0,2024-04-30
ollama:phi4:14b,D+ID,NCT05369390,0.35,1,2022.0,2024-01-09
ollama:phi4:14b,D+ID,NCT05124795,0.3,0,2021.0,2023-05-31
ollama:phi4:14b,D+ID,NCT02432417,0.25,0,2023.0,2023-11-10
ollama:phi4:14b,D+ID,NCT04601610,0.3,0,2021.0,2022-05-30
ollama:phi4:14b,D+ID,NCT04707352,0.6,1,2021.0,2023-03-26
ollama:phi4:14b,D+ID,NCT04598321,0.3,0,2021.0,2022-12-06
ollama:phi4:14b,D+ID,NCT06187376,0.25,0,2024.0,2024-07-16
ollama:phi4:14b,D+ID,NCT03400306,0.35,0,2021.0,2021-11-16
ollama:phi4:14b,D+ID,NCT05075538,0.5,0,2021.0,2024-01-08
ollama:phi4:14b,D+ID,NCT04491084,0.3,0,2021.0,2022-08-18
ollama:phi4:14b,D+ID,NCT05320380,0.3,0,2023.0,2023-09-01
ollama:phi4:14b,D+ID,NCT04809012,0.4,0,2021.0,2024-06-30
ollama:phi4:14b,D+ID,NCT04932915,0.4,0,2021.0,2022-01-10
ollama:phi4:14b,D+ID,NCT04951492,0.35,0,2022.0,2023-10-15
ollama:phi4:14b,D+ID,NCT05201703,0.25,0,2022.0,2023-12-15
ollama:phi4:14b,D+ID,NCT05261490,0.4,0,2022.0,2024-02-15
ollama:phi4:14b,D+ID,NCT05077930,0.35,0,2022.0,2022-04-07
ollama:phi4:14b,D+ID,NCT05639192,0.5,0,2022.0,2023-08-18
ollama:phi4:14b,D+ID,NCT04536181,0.5,0,2021.0,2022-10-01
ollama:phi4:14b,D+ID,NCT04719832,0.55,1,2021.0,2023-11-21
ollama:phi4:14b,D+ID,NCT04853355,0.25,0,2022.0,2022-10-31
ollama:phi4:14b,D+ID,NCT05628545,0.4,0,2021.0,2024-10-31
ollama:phi4:14b,D+ID,NCT04732429,0.4,0,2021.0,2023-10-20
ollama:phi4:14b,D+ID,NCT05550363,0.5,0,2022.0,2023-09-30
ollama:phi4:14b,D+ID,NCT04034004,0.3,1,2021.0,2022-12-22
ollama:phi4:14b,D+ID,NCT05132569,0.5,0,2021.0,2023-02-21
ollama:phi4:14b,D+ID,NCT05553639,0.4,0,2023.0,2024-04-29
ollama:phi4:14b,D+ID,NCT04518137,0.4,0,2021.0,2022-05-30
ollama:phi4:14b,D+ID,NCT05447507,0.3,1,2022.0,2022-10-26
ollama:phi4:14b,D+ID,NCT04983407,0.4,0,2021.0,2023-08-14
ollama:phi4:14b,D+ID,NCT04952571,0.35,0,2021.0,2022-12-31
ollama:phi4:14b,D+ID,NCT04602117,0.3,0,2021.0,2021-11-17
ollama:phi4:14b,D+ID,NCT05830747,0.25,1,2022.0,2022-12-10
ollama:phi4:14b,D+ID,NCT04707534,0.3,1,2021.0,2022-03-04
ollama:phi4:14b,D+ID,NCT04782661,0.4,0,2022.0,2022-09-23
ollama:phi4:14b,D+ID,NCT04933240,0.3,0,2022.0,2024-12-31
ollama:phi4:14b,D+ID,NCT04223661,0.4,0,2021.0,2023-12-31
ollama:phi4:14b,D+ID,NCT05062083,0.5,0,2022.0,2024-01-30
ollama:phi4:14b,D+ID,NCT04372940,0.3,0,2023.0,2024-01-31
ollama:phi4:14b,D+ID,NCT05654870,0.6,0,2023.0,2023-11-08
ollama:phi4:14b,D+ID,NCT04684121,0.4,0,2022.0,2024-08-01
ollama:phi4:14b,D+ID,NCT04030052,0.5,0,2022.0,2023-01-19
ollama:phi4:14b,D+ID,NCT04650854,0.7,1,2021.0,2024-01-25
ollama:phi4:14b,D+ID,NCT05292755,0.4,1,2022.0,2022-07-01
ollama:phi4:14b,D+ID,NCT03674320,0.5,0,2021.0,2024-12-01
ollama:phi4:14b,D+ID,NCT05743777,0.4,0,2023.0,2023-05-12
ollama:phi4:14b,D+ID,NCT05411575,0.5,0,2022.0,2022-10-31
ollama:phi4:14b,D+ID,NCT05109650,0.3,0,2021.0,2023-03-23
ollama:phi4:14b,D+ID,NCT04346394,0.2,0,2021.0,2023-08-01
ollama:phi4:14b,D+ID,NCT05254808,0.5,0,2021.0,2022-02-14
ollama:phi4:14b,D+ID,NCT05286853,0.6,0,2024.0,2024-09-03
ollama:phi4:14b,D+ID,NCT05137717,0.6,1,2022.0,2023-06-27
ollama:phi4:14b,D+ID,NCT04001998,0.3,0,2021.0,2021-07-31
ollama:phi4:14b,D+ID,NCT04711863,0.5,0,2021.0,2021-07-31
ollama:phi4:14b,D+ID,NCT05157360,0.4,0,2021.0,2023-05-16
ollama:phi4:14b,D+ID,NCT05375604,0.3,0,2022.0,2023-05-30
ollama:phi4:14b,D+ID,NCT04476329,0.4,0,2021.0,2021-12-10
ollama:phi4:14b,D+ID,NCT05442775,0.6,0,2022.0,2023-06-07
ollama:phi4:14b,D+ID,NCT04521946,0.2,0,2021.0,2022-12-20
ollama:phi4:14b,D+ID,NCT04530877,0.3,0,2022.0,2024-09-30
ollama:phi4:14b,D+ID,NCT06102174,0.3,0,2024.0,2024-09-03
ollama:phi4:14b,D+ID,NCT04119830,0.25,0,2022.0,2024-02-01
ollama:phi4:14b,D+ID,NCT05016934,0.2,0,2021.0,2022-04-20
ollama:phi4:14b,D+ID,NCT04005989,0.4,0,2021.0,2022-12-20
ollama:phi4:14b,D+ID,NCT05387577,0.15,0,2021.0,2022-11-23
ollama:phi4:14b,D+ID,NCT04892043,0.35,0,2021.0,2023-11-02
ollama:phi4:14b,D+ID,NCT05304130,0.28,0,2023.0,2023-05-04
ollama:phi4:14b,D+ID,NCT04879823,0.5,0,2021.0,2023-07-11
ollama:phi4:14b,D+ID,NCT05183360,0.32,0,2022.0,2024-08-08
ollama:phi4:14b,D+ID,NCT05101915,0.22,0,2021.0,2024-04-23
ollama:phi4:14b,D+ID,NCT03992443,0.38,0,2022.0,2022-03-18
ollama:phi4:14b,D+ID,NCT05478252,0.45,1,2022.0,2023-09-18
ollama:phi4:14b,D+ID,NCT04894474,0.42,0,2021.0,2022-07-24
ollama:phi4:14b,D+ID,NCT05134727,0.33,1,2021.0,2023-03-31
ollama:phi4:14b,D+ID,NCT04648189,0.24,0,2022.0,2022-09-19
ollama:phi4:14b,D+ID,NCT04386252,0.31,0,2023.0,2024-01-31
ollama:phi4:14b,D+ID,NCT04936971,0.1,0,2021.0,2021-09-30
ollama:phi4:14b,D+ID,NCT05249569,0.26,0,2022.0,2022-12-30
ollama:phi4:14b,D+ID,NCT04869943,0.47,0,2021.0,2024-01-09
ollama:phi4:14b,D+ID,NCT04677426,0.21,0,2022.0,2022-08-01
ollama:phi4:14b,D+ID,NCT03550352,0.27,0,2021.0,2022-05-31
ollama:phi4:14b,D+ID,NCT05571540,0.18,0,2022.0,2024-10-31
ollama:phi4:14b,D+ID,NCT04895046,0.23,0,2021.0,2023-09-30
ollama:phi4:14b,D+ID,NCT05010954,0.48,1,2021.0,2022-09-28
ollama:phi4:14b,D+ID,NCT04674748,0.29,0,2021.0,2022-05-13
ollama:phi4:14b,D+ID,NCT05502081,0.65,1,2022.0,2022-12-28
ollama:phi4:14b,D+ID,NCT05097014,0.6,1,2021.0,2023-02-24
ollama:phi4:14b,D+ID,NCT05330689,0.3,0,2022.0,2022-09-07
ollama:phi4:14b,D+ID,NCT03582085,0.35,0,2022.0,2023-01-01
ollama:phi4:14b,D+ID,NCT04835714,0.4,0,2021.0,2022-01-18
ollama:phi4:14b,D+ID,NCT05399368,0.5,0,2022.0,2024-05-24
ollama:phi4:14b,D+ID,NCT05542095,0.35,0,2023.0,2023-05-01
ollama:phi4:14b,D+ID,NCT05270460,0.45,1,2022.0,2022-10-06
ollama:phi4:14b,D+ID,NCT03986086,0.3,0,2021.0,2023-12-31
ollama:phi4:14b,D+ID,NCT04846231,0.4,1,2021.0,2022-07-19
ollama:phi4:14b,D+ID,NCT04188639,0.25,1,2021.0,2023-01-04
ollama:phi4:14b,D+ID,NCT04604678,0.45,0,2021.0,2021-10-31
ollama:phi4:14b,D+ID,NCT05513391,0.7,0,2022.0,2023-10-03
ollama:phi4:14b,D+ID,NCT05664100,0.4,0,2022.0,2023-04-12
ollama:phi4:14b,D+ID,NCT04697056,0.45,0,2021.0,2021-11-19
ollama:phi4:14b,D+ID,NCT05205837,0.55,0,2021.0,2023-08-15
ollama:phi4:14b,D+ID,NCT04614051,0.3,0,2021.0,2022-05-10
ollama:phi4:14b,D+ID,NCT05540665,0.5,0,2023.0,2024-01-04
ollama:phi4:14b,D+ID,NCT05281562,0.45,0,2022.0,2023-03-20
ollama:phi4:14b,D+ID,NCT03814109,0.6,0,2022.0,2024-01-31
ollama:phi4:14b,D+ID,NCT05705167,0.45,0,2023.0,2024-04-19
ollama:phi4:14b,D+ID,NCT05359081,0.65,0,2022.0,2024-03-28
ollama:phi4:14b,D+ID,NCT05110781,0.25,0,2021.0,2023-04-18
ollama:phi4:14b,D+ID,NCT04911790,0.75,1,2021.0,2023-08-31
ollama:phi4:14b,D+ID,NCT05424380,0.4,0,2022.0,2024-03-04
ollama:phi4:14b,D+ID,NCT05492695,0.3,0,2022.0,2023-09-28
ollama:phi4:14b,D+ID,NCT05652907,0.4,0,2023.0,2023-05-24
ollama:phi4:14b,D+ID,NCT05966584,0.35,0,2023.0,2024-08-02
ollama:phi4:14b,D+ID,NCT04648319,0.35,0,2021.0,2022-01-17
ollama:phi4:14b,D+ID,NCT05738161,0.25,0,2023.0,2024-02-27
ollama:phi4:14b,D+ID,NCT05015972,0.2,0,2021.0,2023-12-31
ollama:phi4:14b,D+ID,NCT04999488,0.3,0,2023.0,2024-12-31
ollama:phi4:14b,D+ID,NCT04891133,0.5,0,2021.0,2023-01-23
ollama:phi4:14b,D+ID,NCT05731492,0.4,0,2024.0,2024-04-01
ollama:phi4:14b,D+ID,NCT04950114,0.45,0,2021.0,2022-11-02
ollama:phi4:14b,D+ID,NCT04984278,0.55,0,2021.0,2022-11-11
ollama:phi4:14b,D+ID,NCT04054752,0.25,0,2023.0,2023-11-01
ollama:phi4:14b,D+ID,NCT05457491,0.35,0,2021.0,2022-07-07
ollama:phi4:14b,D+ID,NCT03944902,0.25,0,2021.0,2022-01-05
ollama:phi4:14b,D+ID,NCT05167526,0.3,0,2022.0,2022-11-10
ollama:phi4:14b,D+ID,NCT04920578,0.4,0,2021.0,2023-02-27
ollama:phi4:14b,D+ID,NCT05021484,0.4,1,2021.0,2024-03-07
ollama:phi4:14b,D+ID,NCT04627831,0.45,0,2022.0,2023-04-30
ollama:phi4:14b,D+ID,NCT04476628,0.3,0,2021.0,2022-02-28
ollama:phi4:14b,D+ID,NCT04944654,0.6,0,2023.0,2023-05-11
ollama:phi4:14b,D+ID,NCT05665647,0.4,1,2022.0,2023-02-14
ollama:phi4:14b,D+ID,NCT06061081,0.45,0,2023.0,2024-11-04
ollama:phi4:14b,D+ID,NCT04684381,0.6,1,2021.0,2021-06-30
ollama:phi4:14b,D+ID,NCT05155020,0.45,0,2022.0,2022-08-05
ollama:phi4:14b,D+ID,NCT05141357,0.45,0,2022.0,2023-04-19
ollama:phi4:14b,D+ID,NCT04853329,0.3,0,2021.0,2024-12-31
ollama:phi4:14b,D+ID,NCT05008510,0.3,0,2021.0,2023-06-30
ollama:phi4:14b,D+ID,NCT04492436,0.3,0,2021.0,2024-07-31
ollama:phi4:14b,D+ID,NCT05757492,0.3,0,2023.0,2024-07-31
ollama:phi4:14b,D+ID,NCT04834973,0.3,0,2021.0,2022-07-12
ollama:phi4:14b,D+ID,NCT04981717,0.6,0,2021.0,2023-04-24
ollama:phi4:14b,D+ID,NCT04531865,0.4,0,2021.0,2022-10-01
ollama:phi4:14b,D+ID,NCT05039931,0.2,0,2021.0,2023-06-30
ollama:phi4:14b,D+ID,NCT05020665,0.5,0,2021.0,2023-03-30
ollama:phi4:14b,D+ID,NCT05238896,0.1,0,2022.0,2023-03-31
ollama:phi4:14b,D+ID,NCT05412706,0.3,0,2023.0,2023-09-04
ollama:phi4:14b,D+ID,NCT05227456,0.3,0,2022.0,2024-04-30
ollama:phi4:14b,D+ID,NCT04931511,0.1,0,2021.0,2022-09-01
ollama:phi4:14b,D+ID,NCT04084678,0.5,0,2021.0,2023-04-12
ollama:phi4:14b,D+ID,NCT05147415,0.3,0,2021.0,2022-12-09
ollama:phi4:14b,D+ID,NCT04849377,0.3,0,2022.0,2022-06-14
ollama:phi4:14b,D+ID,NCT05284019,0.1,0,2022.0,2023-04-14
ollama:phi4:14b,D+ID,NCT04410042,0.4,0,2021.0,2024-01-16
ollama:phi4:14b,D+ID,NCT04634344,0.2,0,2021.0,2022-05-05
ollama:phi4:14b,D+ID,NCT04947579,0.5,0,2021.0,2023-02-21
ollama:phi4:14b,D+ID,NCT05079360,0.3,0,2023.0,2024-05-26
ollama:phi4:14b,D+ID,NCT05262101,0.3,0,2022.0,2023-11-30
ollama:phi4:14b,D+ID,NCT05284604,0.3,0,2023.0,2023-01-31
ollama:phi4:14b,D+ID,NCT05233410,0.5,0,2023.0,2024-09-22
ollama:phi4:14b,D+ID,NCT04650399,0.7,1,2022.0,2024-02-15
ollama:phi4:14b,D+ID,NCT05250856,0.3,0,2022.0,2023-12-12
ollama:phi4:14b,D+ID,NCT05406765,0.2,1,2022.0,2022-10-07
ollama:phi4:14b,D+ID,NCT04459338,0.4,1,2021.0,2022-06-14
ollama:phi4:14b,D+ID,NCT04829214,0.5,1,2021.0,2022-06-30
ollama:phi4:14b,D+ID,NCT05152849,0.45,0,2021.0,2022-06-29
ollama:phi4:14b,D+ID,NCT05066698,0.45,0,2022.0,2022-09-07
ollama:phi4:14b,D+ID,NCT05111249,0.4,0,2021.0,2023-10-27
ollama:phi4:14b,D+ID,NCT05118763,0.4,0,2022.0,2022-12-31
ollama:phi4:14b,D+ID,NCT04684550,0.35,0,2021.0,2021-08-15
ollama:phi4:14b,D+ID,NCT06115460,0.35,1,2022.0,2023-06-15
ollama:phi4:14b,D+ID,NCT04386239,0.15,0,2021.0,2023-01-01
ollama:phi4:14b,D+ID,NCT05293509,0.3,0,2022.0,2023-09-18
ollama:phi4:14b,D+ID,NCT04828174,0.15,0,2021.0,2023-11-26
ollama:phi4:14b,D+ID,NCT04969991,0.4,0,2021.0,2022-11-22
ollama:phi4:14b,D+ID,NCT04557475,0.4,0,2022.0,2023-06-11
ollama:phi4:14b,D+ID,NCT05005910,0.25,1,2021.0,2022-12-01
ollama:phi4:14b,D+ID,NCT05009732,0.6,0,2021.0,2023-07-14
ollama:phi4:14b,D+ID,NCT03634488,0.5,1,2021.0,2022-11-09
ollama:phi4:14b,D+ID,NCT05110599,0.45,0,2022.0,2023-10-01
ollama:phi4:14b,D+ID,NCT03125187,0.35,0,2021.0,2022-11-10
ollama:phi4:14b,D+ID,NCT04920331,0.15,0,2021.0,2022-02-04
ollama:phi4:14b,D+ID,NCT04953052,0.45,0,2021.0,2022-11-30
ollama:phi4:14b,D+ID,NCT04037241,0.5,0,2021.0,2022-01-01
ollama:phi4:14b,D+ID,NCT05094050,0.35,1,2022.0,2023-03-17
ollama:phi4:14b,D+ID,NCT04766996,0.2,0,2021.0,2021-12-27
ollama:phi4:14b,D+ID,NCT04243941,0.3,0,2022.0,2024-02-07
ollama:phi4:14b,D+ID,NCT05027867,0.4,0,2021.0,2022-08-26
ollama:phi4:14b,D+ID,NCT06056310,0.2,0,2024.0,2024-08-20
ollama:phi4:14b,D+ID,NCT05814523,0.5,0,2024.0,2024-08-31
ollama:phi4:14b,D+ID,NCT05275400,0.6,1,2022.0,2024-05-15
ollama:phi4:14b,D+ID,NCT05214196,0.25,0,2021.0,2021-12-07
ollama:phi4:14b,D+ID,NCT04235322,0.35,0,2021.0,2023-04-18
ollama:phi4:14b,D+ID,NCT04946864,0.45,0,2021.0,2024-10-01
ollama:phi4:14b,D+ID,NCT04761822,0.55,1,2021.0,2022-04-27
ollama:phi4:14b,D+ID,NCT05038982,0.3,1,2021.0,2022-07-11
ollama:phi4:14b,D+ID,NCT04762225,0.2,0,2021.0,2022-10-11
ollama:phi4:14b,D+ID,NCT05554627,0.25,0,2023.0,2023-10-27
ollama:phi4:14b,D+ID,NCT04932941,0.4,1,2021.0,2022-09-05
ollama:phi4:14b,D+ID,NCT04880213,0.15,1,2021.0,2021-11-23
ollama:phi4:14b,D+ID,NCT06484881,0.5,0,2024.0,2024-10-10
ollama:phi4:14b,D+ID,NCT04077749,0.25,0,2021.0,2021-09-15
ollama:phi4:14b,D+ID,NCT04707703,0.35,0,2021.0,2021-10-25
ollama:phi4:14b,D+ID,NCT05074433,0.55,0,2021.0,2022-05-18
ollama:phi4:14b,D+ID,NCT05652660,0.2,1,2022.0,2023-03-06
ollama:phi4:14b,D+ID,NCT05017103,0.3,0,2021.0,2024-02-20
ollama:phi4:14b,D+ID,NCT04725240,0.4,1,2021.0,2022-06-28
ollama:phi4:14b,D+ID,NCT05283954,0.35,0,2022.0,2022-07-30
ollama:phi4:14b,D+ID,NCT05128773,0.5,0,2022.0,2022-10-13
ollama:phi4:14b,D+ID,NCT05136833,0.4,0,2021.0,2022-12-31
ollama:phi4:14b,D+ID,NCT04732169,0.25,0,2021.0,2021-07-09
ollama:phi4:14b,D+ID,NCT04907968,0.3,0,2021.0,2023-10-03
ollama:phi4:14b,D+ID,NCT05418673,0.7,0,2022.0,2023-07-27
ollama:phi4:14b,D+ID,NCT04863014,0.5,0,2021.0,2023-02-15
ollama:phi4:14b,D+ID,NCT04391868,0.3,0,2021.0,2021-04-28
ollama:phi4:14b,D+ID,NCT05405686,0.2,0,2023.0,2024-08-01
ollama:phi4:14b,D+ID,NCT05101122,0.4,1,2021.0,2022-04-18
ollama:phi4:14b,D+ID,NCT05030350,0.8,0,2021.0,2022-09-23
ollama:phi4:14b,D+ID,NCT05179603,0.5,0,2021.0,2024-09-06
ollama:phi4:14b,D+ID,NCT04120987,0.2,0,2021.0,2022-06-25
ollama:phi4:14b,D+ID,NCT06049329,0.3,1,2023.0,2023-12-15
ollama:phi4:14b,D+ID,NCT05153408,0.3,0,2022.0,2022-12-09
ollama:phi4:14b,D+ID,NCT04816071,0.4,0,2021.0,2021-05-01
ollama:phi4:14b,D+ID,NCT04786600,0.3,0,2022.0,2024-03-19
ollama:phi4:14b,D+ID,NCT05264922,0.3,0,2022.0,2022-07-22
ollama:phi4:14b,D+ID,NCT04783766,0.3,1,2021.0,2021-08-05
ollama:phi4:14b,D+ID,NCT04527549,0.4,0,2021.0,2024-01-08
ollama:phi4:14b,D+ID,NCT05059301,0.9,1,2021.0,2022-06-30
ollama:phi4:14b,D+ID,NCT04964388,0.3,0,2021.0,2023-07-01
ollama:phi4:14b,D+ID,NCT05053126,0.4,1,2021.0,2022-04-01
ollama:phi4:14b,D+ID,NCT05298202,0.2,1,2022.0,2022-10-01
ollama:phi4:14b,D+ID,NCT06021119,0.6,1,2023.0,2023-04-21
ollama:phi4:14b,D+ID,NCT05119712,0.2,0,2021.0,2024-10-15
ollama:phi4:14b,D+ID,NCT04797468,0.3,0,2022.0,2023-01-13
ollama:phi4:14b,D+ID,NCT04641273,0.5,0,2021.0,2021-10-18
ollama:phi4:14b,D+ID,NCT05013385,0.5,0,2021.0,2022-05-31
ollama:phi4:14b,D+ID,NCT04764630,0.2,1,2021.0,2021-03-20
ollama:phi4:14b,D+ID,NCT05552859,0.7,0,2022.0,2023-08-04
ollama:phi4:14b,D+ID,NCT06178367,0.3,1,2023.0,2023-09-30
ollama:phi4:14b,D+ID,NCT04756427,0.6,0,2022.0,2023-11-28
ollama:phi4:14b,D+ID,NCT05362058,0.8,1,2022.0,2024-04-10
ollama:phi4:14b,D+ID,NCT04290871,0.25,0,2023.0,2024-04-01
ollama:phi4:14b,D+ID,NCT06065059,0.15,0,2023.0,2024-05-22
ollama:phi4:14b,D+ID,NCT03281681,0.5,0,2021.0,2022-09-30
ollama:phi4:14b,D+ID,NCT04898309,0.4,0,2021.0,2023-05-31
ollama:phi4:14b,D+ID,NCT06329687,0.65,0,2024.0,2024-02-28
ollama:phi4:14b,D+ID,NCT04978818,0.75,1,2022.0,2023-10-26
ollama:phi4:14b,D+ID,NCT03792295,0.28,0,2021.0,2022-07-01
ollama:phi4:14b,D+ID,NCT05525455,0.18,0,2022.0,2023-09-07
ollama:phi4:14b,D+ID,NCT04430283,0.55,0,2021.0,2022-03-04
ollama:phi4:14b,D+ID,NCT04862416,0.12,1,2021.0,2022-06-29
ollama:phi4:14b,D+ID,NCT04511026,0.22,0,2021.0,2021-06-10
ollama:phi4:14b,D+ID,NCT04934670,0.68,0,2022.0,2023-01-19
ollama:phi4:14b,D+ID,NCT05703555,0.27,0,2024.0,2024-02-16
ollama:phi4:14b,D+ID,NCT05181995,0.72,0,2021.0,2023-03-30
ollama:phi4:14b,D+ID,NCT04661917,0.58,0,2021.0,2022-05-19
ollama:phi4:14b,D+ID,NCT05076422,0.45,0,2021.0,2023-03-03
ollama:phi4:14b,D+ID,NCT04607252,0.32,0,2021.0,2021-06-03
ollama:phi4:14b,D+ID,NCT05061537,0.1,0,2021.0,2022-10-14
ollama:phi4:14b,D+ID,NCT04801641,0.26,0,2021.0,2023-08-14
ollama:phi4:14b,D+ID,NCT04963413,0.14,0,2022.0,2023-09-28
ollama:phi4:14b,D+ID,NCT04804254,0.3,0,2021.0,2023-01-11
ollama:phi4:14b,D+ID,NCT05006417,0.2,0,2022.0,2022-11-23
ollama:phi4:14b,D+ID,NCT06079320,0.4,0,2023.0,2024-09-30
ollama:phi4:14b,D+ID,NCT05099549,0.35,0,2021.0,2023-09-21
ollama:phi4:14b,D+ID,NCT05299580,0.25,0,2021.0,2023-03-30
ollama:phi4:14b,D+ID,NCT05979415,0.45,0,2023.0,2024-02-28
ollama:phi4:14b,D+ID,NCT05926440,0.5,0,2023.0,2023-08-17
ollama:phi4:14b,D+ID,NCT05043987,0.32,0,2022.0,2022-11-16
ollama:phi4:14b,D+ID,NCT05047640,0.55,0,2021.0,2022-10-25
ollama:phi4:14b,D+ID,NCT05961007,0.6,0,2021.0,2024-04-30
ollama:phi4:14b,D+ID,NCT05481489,0.28,0,2023.0,2023-04-24
ollama:phi4:14b,D+ID,NCT05516849,0.22,0,2022.0,2023-08-03
ollama:phi4:14b,D+ID,NCT05229900,0.27,0,2022.0,2023-12-13
ollama:phi4:14b,D+ID,NCT05368558,0.48,0,2022.0,2024-09-20
ollama:phi4:14b,D+ID,NCT02811133,0.18,0,2023.0,2023-10-04
ollama:phi4:14b,D+ID,NCT05544734,0.15,1,2022.0,2023-06-01
ollama:phi4:14b,D+ID,NCT05434091,0.33,0,2022.0,2023-03-29
ollama:phi4:14b,D+ID,NCT04262193,0.21,0,2021.0,2024-07-30
ollama:phi4:14b,D+ID,NCT06090318,0.38,0,2023.0,2023-05-30
ollama:phi4:14b,D+ID,NCT05517837,0.29,0,2022.0,2023-07-14
ollama:phi4:14b,D+ID,NCT04860466,0.26,0,2022.0,2024-07-31
ollama:phi4:14b,D+ID,NCT04632940,0.52,0,2021.0,2023-12-14
ollama:phi4:14b,D+ID,NCT04166734,0.19,0,2021.0,2023-07-25
ollama:phi4:14b,D+ID,NCT04630158,0.47,1,2021.0,2023-06-08
ollama:phi4:14b,D+ID,NCT05240560,0.23,0,2023.0,2024-02-08
ollama:phi4:14b,D+ID,NCT04804033,0.75,0,2021.0,2024-03-21
ollama:phi4:14b,D+ID,NCT05156645,0.3,0,2022.0,2022-12-01
ollama:phi4:14b,D+ID,NCT05226390,0.2,0,2022.0,2023-11-21
ollama:phi4:14b,D+ID,NCT04560309,0.6,1,2021.0,2021-11-23
ollama:phi4:14b,D+ID,NCT04800627,0.25,0,2021.0,2022-11-03
ollama:phi4:14b,D+ID,NCT04446637,0.4,0,2021.0,2022-09-03
ollama:phi4:14b,D+ID,NCT04161118,0.25,0,2021.0,2023-02-24
ollama:phi4:14b,D+ID,NCT05441930,0.35,0,2023.0,2024-03-14
ollama:phi4:14b,D+ID,NCT04894123,0.25,0,2022.0,2023-02-13
ollama:phi4:14b,D+ID,NCT04752566,0.65,1,2021.0,2022-08-03
ollama:phi4:14b,D+ID,NCT05008913,0.3,0,2021.0,2021-11-16
ollama:phi4:14b,D+ID,NCT05213143,0.1,0,2021.0,2022-11-18
ollama:phi4:14b,D+ID,NCT04928430,0.8,0,2021.0,2022-11-28
ollama:phi4:14b,D+ID,NCT04760782,0.3,0,2022.0,2023-08-14
ollama:phi4:14b,D+ID,NCT04991688,0.25,0,2021.0,2023-03-03
ollama:phi4:14b,D+ID,NCT05808881,0.15,0,2023.0,2024-05-31
ollama:phi4:14b,D+ID,NCT04871737,0.5,1,2021.0,2022-09-30
ollama:phi4:14b,D+ID,NCT04818736,0.1,0,2021.0,2021-12-31
ollama:phi4:14b,D+ID,NCT05437419,0.4,1,2022.0,2023-07-27
ollama:phi4:14b,D+ID,NCT04634253,0.7,1,2021.0,2022-06-29
ollama:phi4:14b,D+ID,NCT05251038,0.25,0,2022.0,2023-01-31
ollama:phi4:14b,D+ID,NCT04957290,0.45,0,2021.0,2023-06-07
ollama:phi4:14b,D+ID,NCT04536077,0.3,0,2021.0,2023-11-21
ollama:phi4:14b,D+ID,NCT04665921,0.55,0,2021.0,2024-03-01
ollama:phi4:14b,D+ID,NCT04676867,0.75,1,2021.0,2021-05-17
ollama:phi4:14b,D+ID,NCT05592223,0.2,0,2022.0,2023-12-01
ollama:phi4:14b,D+ID,NCT04788511,0.7,1,2021.0,2023-04-18
ollama:phi4:14b,D+ID,NCT06046482,0.25,0,2023.0,2024-08-26
ollama:phi4:14b,D+ID,NCT04814537,0.4,1,2021.0,2022-03-23
ollama:phi4:14b,D+ID,NCT05097651,0.25,0,2021.0,2023-08-31
ollama:phi4:14b,D+ID,NCT05546411,0.25,0,2023.0,2023-10-13
ollama:phi4:14b,D+ID,NCT05703464,0.3,0,2023.0,2023-03-03
ollama:phi4:14b,D+ID,NCT04927169,0.35,0,2021.0,2022-03-30
ollama:phi4:14b,D+ID,NCT04760626,0.7,1,2021.0,2022-08-29
ollama:phi4:14b,D+ID,NCT04736602,0.4,1,2021.0,2022-09-03
ollama:phi4:14b,D+ID,NCT04652479,0.25,1,2021.0,2022-06-30
ollama:phi4:14b,D+ID,NCT05456854,0.2,0,2022.0,2024-08-01
ollama:phi4:14b,D+ID,NCT05504486,0.35,0,2022.0,2023-04-05
ollama:phi4:14b,D+ID,NCT04770155,0.15,0,2021.0,2021-09-20
ollama:phi4:14b,D+ID,NCT05666453,0.45,0,2022.0,2024-07-01
ollama:phi4:14b,D+ID,NCT05039190,0.65,1,2021.0,2023-01-14
ollama:phi4:14b,D+ID,NCT03720990,0.3,1,2021.0,2023-09-30
ollama:phi4:14b,D+ID,NCT05260008,0.5,0,2022.0,2024-01-15
ollama:phi4:14b,D+ID,NCT05878704,0.35,0,2023.0,2024-07-29
ollama:phi4:14b,D+ID,NCT05497934,0.2,0,2022.0,2024-03-31
ollama:phi4:14b,D+ID,NCT05140824,0.35,0,2021.0,2022-12-14
ollama:phi4:14b,D+ID,NCT04387617,0.55,1,2021.0,2022-01-31
ollama:phi4:14b,D+ID,NCT04218825,0.25,0,2022.0,2023-04-04
ollama:phi4:14b,D+ID,NCT03883893,0.25,0,2021.0,2023-04-30
ollama:phi4:14b,D+ID,NCT06422377,0.4,0,2024.0,2024-08-14
ollama:phi4:14b,D+ID,NCT05006885,0.3,1,2021.0,2022-08-17
ollama:phi4:14b,D+ID,NCT05376319,0.2,0,2023.0,2024-05-07
ollama:phi4:14b,D+ID,NCT04927975,0.4,1,2021.0,2023-08-29
ollama:phi4:14b,D+ID,NCT05157464,0.1,0,2023.0,2024-12-31
ollama:phi4:14b,D+ID,NCT03602898,0.2,0,2021.0,2023-09-17
ollama:phi4:14b,D+ID,NCT05116046,0.35,0,2021.0,2023-03-30
ollama:phi4:14b,D+ID,NCT05014919,0.5,0,2021.0,2022-04-28
ollama:phi4:14b,D+ID,NCT04863339,0.2,0,2022.0,2022-04-30
ollama:phi4:14b,D+ID,NCT05095246,0.25,0,2022.0,2024-10-30
ollama:phi4:14b,D+ID,NCT06181227,0.3,0,2023.0,2024-04-05
ollama:phi4:14b,D+ID,NCT05096884,0.15,0,2022.0,2023-09-12
ollama:phi4:14b,D+ID,NCT05097079,0.55,0,2021.0,2023-05-31
ollama:phi4:14b,D+ID,NCT05222269,0.25,0,2022.0,2023-01-25
ollama:phi4:14b,D+ID,NCT05169437,0.25,0,2022.0,2024-08-27
ollama:phi4:14b,D+ID,NCT04789330,0.05,0,2021.0,2022-04-01
ollama:phi4:14b,D+ID,NCT04327986,0.28,0,2021.0,2022-02-03
ollama:phi4:14b,D+ID,NCT03326128,0.2,0,2021.0,2023-07-01
ollama:phi4:14b,D+ID,NCT05264506,0.6,0,2022.0,2024-01-26
ollama:phi4:14b,D+ID,NCT05625347,0.25,0,2023.0,2023-06-30
ollama:phi4:14b,D+ID,NCT04357951,0.15,0,2023.0,2024-09-30
ollama:phi4:14b,D+ID,NCT04864522,0.22,0,2023.0,2023-11-30
ollama:phi4:14b,D+ID,NCT04896541,0.27,1,2021.0,2022-06-14
ollama:phi4:14b,D+ID,NCT04811040,0.32,1,2021.0,2023-10-17
ollama:phi4:14b,D+ID,NCT05094206,0.1,0,2022.0,2024-01-29
ollama:phi4:14b,D+ID,NCT05165732,0.45,0,2022.0,2023-08-20
ollama:phi4:14b,D+Tm,NCT05035095,0.65,1,2021.0,2023-05-12
ollama:phi4:14b,D+Tm,NCT05744115,0.5,0,2021.0,2022-04-14
ollama:phi4:14b,D+Tm,NCT05253755,0.55,0,2021.0,2022-09-09
ollama:phi4:14b,D+Tm,NCT05003102,0.45,0,2023.0,2023-06-30
ollama:phi4:14b,D+Tm,NCT05674448,0.6,0,2021.0,2023-01-04
ollama:phi4:14b,D+Tm,NCT05695378,0.5,0,2023.0,2024-08-19
ollama:phi4:14b,D+Tm,NCT06085638,0.5,0,2023.0,2023-10-20
ollama:phi4:14b,D+Tm,NCT04320940,0.55,0,2021.0,2023-02-01
ollama:phi4:14b,D+Tm,NCT05060276,0.5,0,2022.0,2024-12-31
ollama:phi4:14b,D+Tm,NCT05622591,0.5,0,2024.0,2024-06-07
ollama:phi4:14b,D+Tm,NCT04748783,0.5,0,2021.0,2021-04-07
ollama:phi4:14b,D+Tm,NCT04406857,0.5,0,2021.0,2023-01-18
ollama:phi4:14b,D+Tm,NCT04478994,0.5,0,2021.0,2022-12-08
ollama:phi4:14b,D+Tm,NCT05607342,0.5,0,2023.0,2023-11-06
ollama:phi4:14b,D+Tm,NCT04629339,0.5,0,2021.0,2024-03-26
ollama:phi4:14b,D+Tm,NCT05139615,0.5,0,2021.0,2022-09-19
ollama:phi4:14b,D+Tm,NCT04108858,0.5,0,2021.0,2022-04-29
ollama:phi4:14b,D+Tm,NCT04355039,0.5,0,2021.0,2024-07-01
ollama:phi4:14b,D+Tm,NCT03709550,0.5,0,2021.0,2024-04-15
ollama:phi4:14b,D+Tm,NCT04243824,0.5,0,2021.0,2022-05-31
ollama:phi4:14b,D+Tm,NCT02133885,0.5,0,2023.0,2024-03-31
ollama:phi4:14b,D+Tm,NCT05044234,0.6,0,2021.0,2022-11-30
ollama:phi4:14b,D+Tm,NCT04672954,0.5,1,2021.0,2021-07-01
ollama:phi4:14b,D+Tm,NCT05098405,0.5,0,2021.0,2024-01-19
ollama:phi4:14b,D+Tm,NCT05542355,0.5,0,2023.0,2024-10-02
ollama:phi4:14b,D+Tm,NCT04631211,0.45,0,2021.0,2022-01-07
ollama:phi4:14b,D+Tm,NCT04791319,0.5,0,2021.0,2022-03-31
ollama:phi4:14b,D+Tm,NCT04200066,0.3,0,2022.0,2024-02-01
ollama:phi4:14b,D+Tm,NCT04391309,0.4,0,2021.0,2022-02-04
ollama:phi4:14b,D+Tm,NCT05563168,0.35,0,2023.0,2024-12-31
ollama:phi4:14b,D+Tm,NCT04961658,0.4,0,2021.0,2024-01-08
ollama:phi4:14b,D+Tm,NCT04625699,0.3,0,2022.0,2023-12-31
ollama:phi4:14b,D+Tm,NCT05356403,0.6,0,2022.0,2024-02-26
ollama:phi4:14b,D+Tm,NCT05378945,0.65,1,2022.0,2023-04-04
ollama:phi4:14b,D+Tm,NCT04759846,0.35,0,2021.0,2023-05-31
ollama:phi4:14b,D+Tm,NCT05767749,0.5,1,2023.0,2023-07-31
ollama:phi4:14b,D+Tm,NCT04746430,0.4,0,2021.0,2021-04-23
ollama:phi4:14b,D+Tm,NCT04773067,0.55,0,2021.0,2022-03-08
ollama:phi4:14b,D+Tm,NCT04834908,0.4,0,2021.0,2022-05-25
ollama:phi4:14b,D+Tm,NCT06281236,0.3,0,2024.0,2024-10-01
ollama:phi4:14b,D+Tm,NCT05156229,0.35,0,2021.0,2022-08-24
ollama:phi4:14b,D+Tm,NCT05266586,0.5,1,2022.0,2022-09-08
ollama:phi4:14b,D+Tm,NCT05303909,0.3,0,2022.0,2024-05-13
ollama:phi4:14b,D+Tm,NCT05178862,0.7,0,2022.0,2024-08-31
ollama:phi4:14b,D+Tm,NCT04596293,0.45,1,2021.0,2022-07-12
ollama:phi4:14b,D+Tm,NCT04588688,0.3,0,2021.0,2021-08-01
ollama:phi4:14b,D+Tm,NCT04900766,0.3,0,2021.0,2023-02-03
ollama:phi4:14b,D+Tm,NCT04709575,0.65,1,2021.0,2021-08-24
ollama:phi4:14b,D+Tm,NCT05121766,0.35,0,2022.0,2023-04-21
ollama:phi4:14b,D+Tm,NCT04521335,0.3,0,2021.0,2022-02-06
ollama:phi4:14b,D+Tm,NCT04795466,0.3,0,2021.0,2024-03-07
ollama:phi4:14b,D+Tm,NCT05085002,0.35,0,2021.0,2023-11-29
ollama:phi4:14b,D+Tm,NCT04443569,0.4,1,2021.0,2022-08-31
ollama:phi4:14b,D+Tm,NCT04644029,0.5,0,2021.0,2024-06-11
ollama:phi4:14b,D+Tm,NCT05366855,0.25,0,2022.0,2024-07-17
ollama:phi4:14b,D+Tm,NCT05494866,0.2,0,2022.0,2024-03-15
ollama:phi4:14b,D+Tm,NCT05567783,0.45,0,2022.0,2023-08-31
ollama:phi4:14b,D+Tm,NCT05077085,0.3,0,2022.0,2024-12-31
ollama:phi4:14b,D+Tm,NCT05244473,0.25,0,2022.0,2024-05-31
ollama:phi4:14b,D+Tm,NCT04263519,0.28,0,2021.0,2023-01-01
ollama:phi4:14b,D+Tm,NCT05420077,0.32,0,2022.0,2023-06-02
ollama:phi4:14b,D+Tm,NCT04358471,0.38,0,2021.0,2023-09-01
ollama:phi4:14b,D+Tm,NCT04822298,0.22,0,2021.0,2022-01-26
ollama:phi4:14b,D+Tm,NCT04834349,0.27,0,2021.0,2022-11-21
ollama:phi4:14b,D+Tm,NCT04736628,0.42,1,2021.0,2023-09-21
ollama:phi4:14b,D+Tm,NCT05064449,0.26,1,2021.0,2021-11-30
ollama:phi4:14b,D+Tm,NCT04674761,0.48,1,2021.0,2022-09-09
ollama:phi4:14b,D+Tm,NCT04498468,0.55,0,2021.0,2023-03-03
ollama:phi4:14b,D+Tm,NCT05238207,0.29,0,2022.0,2023-05-04
ollama:phi4:14b,D+Tm,NCT05029609,0.33,0,2021.0,2022-12-31
ollama:phi4:14b,D+Tm,NCT05083078,0.31,0,2021.0,2022-07-01
ollama:phi4:14b,D+Tm,NCT05629364,0.37,0,2023.0,2024-01-09
ollama:phi4:14b,D+Tm,NCT04637698,0.23,0,2021.0,2023-05-04
ollama:phi4:14b,D+Tm,NCT04876430,0.41,0,2021.0,2022-03-07
ollama:phi4:14b,D+Tm,NCT04861948,0.24,0,2021.0,2022-07-30
ollama:phi4:14b,D+Tm,NCT04740931,0.65,1,2021.0,2023-07-12
ollama:phi4:14b,D+Tm,NCT05510843,0.3,0,2022.0,2023-04-04
ollama:phi4:14b,D+Tm,NCT04842292,0.4,0,2021.0,2021-09-04
ollama:phi4:14b,D+Tm,NCT05162066,0.5,0,2022.0,2022-09-23
ollama:phi4:14b,D+Tm,NCT05506930,0.35,0,2022.0,2024-05-10
ollama:phi4:14b,D+Tm,NCT05682222,0.25,1,2022.0,2022-10-14
ollama:phi4:14b,D+Tm,NCT05135650,0.2,0,2022.0,2023-01-10
ollama:phi4:14b,D+Tm,NCT05238844,0.55,0,2022.0,2022-05-25
ollama:phi4:14b,D+Tm,NCT04731298,0.45,0,2021.0,2022-04-21
ollama:phi4:14b,D+Tm,NCT04639024,0.5,0,2021.0,2022-11-03
ollama:phi4:14b,D+Tm,NCT05717400,0.3,0,2023.0,2024-08-29
ollama:phi4:14b,D+Tm,NCT05155085,0.6,0,2022.0,2024-04-17
ollama:phi4:14b,D+Tm,NCT05569512,0.25,0,2022.0,2023-12-06
ollama:phi4:14b,D+Tm,NCT04954326,0.5,1,2021.0,2022-05-20
ollama:phi4:14b,D+Tm,NCT04052139,0.4,1,2021.0,2021-12-15
ollama:phi4:14b,D+Tm,NCT04325503,0.2,1,2021.0,2022-06-30
ollama:phi4:14b,D+Tm,NCT04773587,0.7,1,2021.0,2022-08-30
ollama:phi4:14b,D+Tm,NCT05041101,0.3,0,2021.0,2024-09-06
ollama:phi4:14b,D+Tm,NCT05162365,0.6,0,2022.0,2022-11-18
ollama:phi4:14b,D+Tm,NCT03095404,0.35,0,2021.0,2022-02-28
ollama:phi4:14b,D+Tm,NCT04354103,0.4,0,2022.0,2024-01-19
ollama:phi4:14b,D+Tm,NCT06137651,0.3,0,2023.0,2024-03-27
ollama:phi4:14b,D+Tm,NCT05673109,0.25,0,2023.0,2023-10-08
ollama:phi4:14b,D+Tm,NCT04737109,0.45,0,2021.0,2022-08-15
ollama:phi4:14b,D+Tm,NCT05694013,0.55,0,2023.0,2024-07-04
ollama:phi4:14b,D+Tm,NCT05469802,0.3,0,2024.0,2024-07-05
ollama:phi4:14b,D+Tm,NCT05489991,0.25,0,2022.0,2023-05-03
ollama:phi4:14b,D+Tm,NCT04497038,0.2,0,2021.0,2023-05-02
ollama:phi4:14b,D+Tm,NCT05065411,0.5,0,2022.0,2024-01-09
ollama:phi4:14b,D+Tm,NCT05447364,0.4,1,2021.0,2024-03-01
ollama:phi4:14b,D+Tm,NCT05160558,0.15,0,2022.0,2023-07-25
ollama:phi4:14b,D+Tm,NCT05198349,0.1,0,2022.0,2023-08-10
ollama:phi4:14b,D+Tm,NCT04741204,0.35,0,2022.0,2022-09-30
ollama:phi4:14b,D+Tm,NCT04855591,0.2,0,2021.0,2021-11-18
ollama:phi4:14b,D+Tm,NCT04611139,0.15,0,2021.0,2024-06-30
ollama:phi4:14b,D+Tm,NCT04475991,0.25,0,2021.0,2022-03-25
ollama:phi4:14b,D+Tm,NCT05182840,0.6,1,2022.0,2023-07-10
ollama:phi4:14b,D+Tm,NCT05788185,0.2,0,2023.0,2023-09-21
ollama:phi4:14b,D+Tm,NCT04309721,0.3,0,2022.0,2023-11-13
ollama:phi4:14b,D+Tm,NCT05760703,0.35,0,2023.0,2023-12-11
ollama:phi4:14b,D+Tm,NCT04682366,0.4,0,2021.0,2022-11-10
ollama:phi4:14b,D+Tm,NCT04938180,0.25,0,2021.0,2022-05-17
ollama:phi4:14b,D+Tm,NCT06301308,0.45,0,2023.0,2024-02-29
ollama:phi4:14b,D+Tm,NCT05609045,0.15,0,2023.0,2023-12-31
ollama:phi4:14b,D+Tm,NCT04985825,0.2,0,2021.0,2022-08-17
ollama:phi4:14b,D+Tm,NCT05053035,0.25,0,2021.0,2022-10-28
ollama:phi4:14b,D+Tm,NCT05032118,0.3,0,2023.0,2023-04-27
ollama:phi4:14b,D+Tm,NCT05835011,0.2,0,2023.0,2023-08-21
ollama:phi4:14b,D+Tm,NCT05137002,0.55,0,2021.0,2022-10-10
ollama:phi4:14b,D+Tm,NCT04994002,0.15,0,2021.0,2022-06-30
ollama:phi4:14b,D+Tm,NCT05556265,0.3,0,2022.0,2024-05-16
ollama:phi4:14b,D+Tm,NCT04629703,0.6,0,2021.0,2022-09-05
ollama:phi4:14b,D+Tm,NCT05061992,0.4,1,2021.0,2022-11-01
ollama:phi4:14b,D+Tm,NCT03532958,0.25,0,2021.0,2022-11-30
ollama:phi4:14b,D+Tm,NCT05317013,0.2,0,2022.0,2022-09-22
ollama:phi4:14b,D+Tm,NCT05475821,0.15,0,2022.0,2022-09-26
ollama:phi4:14b,D+Tm,NCT04167618,0.35,0,2021.0,2022-08-11
ollama:phi4:14b,D+Tm,NCT04760314,0.55,1,2021.0,2023-02-01
ollama:phi4:14b,D+Tm,NCT06489860,0.28,0,2024.0,2024-10-04
ollama:phi4:14b,D+Tm,NCT05344625,0.22,0,2023.0,2024-03-15
ollama:phi4:14b,D+Tm,NCT04978298,0.32,1,2021.0,2023-02-26
ollama:phi4:14b,D+Tm,NCT05193370,0.5,0,2022.0,2022-11-30
ollama:phi4:14b,D+Tm,NCT05370040,0.45,0,2022.0,2024-03-11
ollama:phi4:14b,D+Tm,NCT03952481,0.38,0,2021.0,2021-12-31
ollama:phi4:14b,D+Tm,NCT06056596,0.18,0,2024.0,2024-09-06
ollama:phi4:14b,D+Tm,NCT04750577,0.5,1,2021.0,2022-12-27
ollama:phi4:14b,D+Tm,NCT04921358,0.65,0,2021.0,2023-12-20
ollama:phi4:14b,D+Tm,NCT05035368,0.3,0,2021.0,2023-06-30
ollama:phi4:14b,D+Tm,NCT05764239,0.48,0,2023.0,2024-03-15
ollama:phi4:14b,D+Tm,NCT05198843,0.4,0,2022.0,2023-12-20
ollama:phi4:14b,D+Tm,NCT05934942,0.22,0,2023.0,2024-02-08
ollama:phi4:14b,D+Tm,NCT05260541,0.35,0,2022.0,2022-09-23
ollama:phi4:14b,D+Tm,NCT03928275,0.42,0,2021.0,2022-09-01
ollama:phi4:14b,D+Tm,NCT05265728,0.58,0,2022.0,2024-05-27
ollama:phi4:14b,D+Tm,NCT04731051,0.33,0,2022.0,2022-12-31
ollama:phi4:14b,D+Tm,NCT05283304,0.3,0,2023.0,2023-11-19
ollama:phi4:14b,D+Tm,NCT05611853,0.4,0,2022.0,2023-12-25
ollama:phi4:14b,D+Tm,NCT04656691,0.5,0,2021.0,2021-04-18
ollama:phi4:14b,D+Tm,NCT05292976,0.35,0,2022.0,2022-12-31
ollama:phi4:14b,D+Tm,NCT04862741,0.45,1,2021.0,2022-10-05
ollama:phi4:14b,D+Tm,NCT05002114,0.25,0,2023.0,2023-01-31
ollama:phi4:14b,D+Tm,NCT04807400,0.6,1,2021.0,2023-01-13
ollama:phi4:14b,D+Tm,NCT05276401,0.35,0,2022.0,2022-06-15
ollama:phi4:14b,D+Tm,NCT04231279,0.3,0,2022.0,2023-06-15
ollama:phi4:14b,D+Tm,NCT04543955,0.4,0,2021.0,2022-06-03
ollama:phi4:14b,D+Tm,NCT04300140,0.5,0,2021.0,2023-08-14
ollama:phi4:14b,D+Tm,NCT05526716,0.55,1,2022.0,2023-06-21
ollama:phi4:14b,D+Tm,NCT05977127,0.25,0,2023.0,2024-03-21
ollama:phi4:14b,D+Tm,NCT05169931,0.2,0,2022.0,2022-05-31
ollama:phi4:14b,D+Tm,NCT04238390,0.45,0,2022.0,2024-12-31
ollama:phi4:14b,D+Tm,NCT04594941,0.4,1,2022.0,2022-05-26
ollama:phi4:14b,D+Tm,NCT03999658,0.5,0,2023.0,2024-07-31
ollama:phi4:14b,D+Tm,NCT04875975,0.35,0,2021.0,2024-04-26
ollama:phi4:14b,D+Tm,NCT04856891,0.55,1,2021.0,2023-01-09
ollama:phi4:14b,D+Tm,NCT05127473,0.3,1,2021.0,2022-05-14
ollama:phi4:14b,D+Tm,NCT05226299,0.2,1,2021.0,2022-08-30
ollama:phi4:14b,D+Tm,NCT05519527,0.25,0,2022.0,2023-02-15
ollama:phi4:14b,D+Tm,NCT04230720,0.15,0,2021.0,2021-12-31
ollama:phi4:14b,D+Tm,NCT05251233,0.3,0,2022.0,2024-06-27
ollama:phi4:14b,D+Tm,NCT02588807,0.4,0,2021.0,2022-05-31
ollama:phi4:14b,D+Tm,NCT03787082,0.3,0,2022.0,2023-12-31
ollama:phi4:14b,D+Tm,NCT05474690,0.6,0,2022.0,2024-08-30
ollama:phi4:14b,D+Tm,NCT04855240,0.5,1,2021.0,2022-03-14
ollama:phi4:14b,D+Tm,NCT04505878,0.25,0,2023.0,2023-12-31
ollama:phi4:14b,D+Tm,NCT05251376,0.35,0,2022.0,2022-12-19
ollama:phi4:14b,D+Tm,NCT04753957,0.4,0,2022.0,2022-02-01
ollama:phi4:14b,D+Tm,NCT05477498,0.45,0,2021.0,2022-12-31
ollama:phi4:14b,D+Tm,NCT04752020,0.2,1,2021.0,2023-12-30
ollama:phi4:14b,D+Tm,NCT04933916,0.3,0,2021.0,2023-05-01
ollama:phi4:14b,D+Tm,NCT05049161,0.5,0,2021.0,2022-05-18
ollama:phi4:14b,D+Tm,NCT04708236,0.4,0,2021.0,2021-07-31
ollama:phi4:14b,D+Tm,NCT04480190,0.25,0,2021.0,2022-04-04
ollama:phi4:14b,D+Tm,NCT05243524,0.35,0,2022.0,2023-08-31
ollama:phi4:14b,D+Tm,NCT04914676,0.45,0,2022.0,2024-08-26
ollama:phi4:14b,D+Tm,NCT04907851,0.4,0,2021.0,2023-11-30
ollama:phi4:14b,D+Tm,NCT05993143,0.7,0,2021.0,2021-07-21
ollama:phi4:14b,D+Tm,NCT05029856,0.5,0,2022.0,2022-08-31
ollama:phi4:14b,D+Tm,NCT04776044,0.55,0,2021.0,2022-08-09
ollama:phi4:14b,D+Tm,NCT05092646,0.4,0,2021.0,2023-11-10
ollama:phi4:14b,D+Tm,NCT04891718,0.2,0,2021.0,2022-06-05
ollama:phi4:14b,D+Tm,NCT04833959,0.3,0,2021.0,2024-03-31
ollama:phi4:14b,D+Tm,NCT05561530,0.45,0,2022.0,2023-06-15
ollama:phi4:14b,D+Tm,NCT05295927,0.35,0,2022.0,2022-09-30
ollama:phi4:14b,D+Tm,NCT05072080,0.75,1,2021.0,2023-04-03
ollama:phi4:14b,D+Tm,NCT05330013,0.5,0,2022.0,2022-06-23
ollama:phi4:14b,D+Tm,NCT05348681,0.5,0,2022.0,2023-02-28
ollama:phi4:14b,D+Tm,NCT04692467,0.5,1,2021.0,2023-12-30
ollama:phi4:14b,D+Tm,NCT04631601,0.4,0,2021.0,2023-10-23
ollama:phi4:14b,D+Tm,NCT05395052,0.4,0,2022.0,2023-08-11
ollama:phi4:14b,D+Tm,NCT04972968,0.5,0,2021.0,2023-07-24
ollama:phi4:14b,D+Tm,NCT05144347,0.4,0,2022.0,2022-11-01
ollama:phi4:14b,D+Tm,NCT04771143,0.4,0,2021.0,2022-01-03
ollama:phi4:14b,D+Tm,NCT04758949,0.5,0,2021.0,2021-12-22
ollama:phi4:14b,D+Tm,NCT05205759,0.6,0,2021.0,2022-04-05
ollama:phi4:14b,D+Tm,NCT04753606,0.5,1,2021.0,2021-08-30
ollama:phi4:14b,D+Tm,NCT04764448,0.5,0,2021.0,2024-05-29
ollama:phi4:14b,D+Tm,NCT04615949,0.55,0,2021.0,2022-11-30
ollama:phi4:14b,D+Tm,NCT04570436,0.5,1,2021.0,2022-11-10
ollama:phi4:14b,D+Tm,NCT04496674,0.4,0,2022.0,2023-05-03
ollama:phi4:14b,D+Tm,NCT05069012,0.5,1,2021.0,2022-07-23
ollama:phi4:14b,D+Tm,NCT03698448,0.5,0,2021.0,2022-11-01
ollama:phi4:14b,D+Tm,NCT04992208,0.7,1,2021.0,2023-08-31
ollama:phi4:14b,D+Tm,NCT04698915,0.5,0,2021.0,2023-11-30
ollama:phi4:14b,D+Tm,NCT06003075,0.5,0,2023.0,2024-07-05
ollama:phi4:14b,D+Tm,NCT04378244,0.4,0,2022.0,2024-07-12
ollama:phi4:14b,D+Tm,NCT04960397,0.5,0,2021.0,2024-04-12
ollama:phi4:14b,D+Tm,NCT04581785,0.4,0,2021.0,2023-01-10
ollama:phi4:14b,D+Tm,NCT04873895,0.4,0,2022.0,2024-04-25
ollama:phi4:14b,D+Tm,NCT05992922,0.5,0,2023.0,2023-12-19
ollama:phi4:14b,D+Tm,NCT04566133,0.5,0,2022.0,2022-12-31
ollama:phi4:14b,D+Tm,NCT05683860,0.3,0,2022.0,2023-06-30
ollama:phi4:14b,D+Tm,NCT04899349,0.4,0,2022.0,2023-05-10
ollama:phi4:14b,D+Tm,NCT05497284,0.35,0,2022.0,2024-09-26
ollama:phi4:14b,D+Tm,NCT04825223,0.25,0,2021.0,2022-07-22
ollama:phi4:14b,D+Tm,NCT04718376,0.45,0,2021.0,2023-05-22
ollama:phi4:14b,D+Tm,NCT05239663,0.5,0,2022.0,2024-07-31
ollama:phi4:14b,D+Tm,NCT04584034,0.55,0,2021.0,2023-04-30
ollama:phi4:14b,D+Tm,NCT05133180,0.4,1,2022.0,2022-12-19
ollama:phi4:14b,D+Tm,NCT05313386,0.3,0,2021.0,2022-02-21
ollama:phi4:14b,D+Tm,NCT01280669,0.35,0,2022.0,2024-12-31
ollama:phi4:14b,D+Tm,NCT05288283,0.45,0,2022.0,2023-09-28
ollama:phi4:14b,D+Tm,NCT04904185,0.3,0,2021.0,2024-07-02
ollama:phi4:14b,D+Tm,NCT05143489,0.5,0,2022.0,2024-04-17
ollama:phi4:14b,D+Tm,NCT05120960,0.3,0,2023.0,2024-04-12
ollama:phi4:14b,D+Tm,NCT04782245,0.35,0,2022.0,2024-04-30
ollama:phi4:14b,D+Tm,NCT05369390,0.4,1,2022.0,2024-01-09
ollama:phi4:14b,D+Tm,NCT05124795,0.45,0,2021.0,2023-05-31
ollama:phi4:14b,D+Tm,NCT02432417,0.3,0,2023.0,2023-11-10
ollama:phi4:14b,D+Tm,NCT04601610,0.35,0,2021.0,2022-05-30
ollama:phi4:14b,D+Tm,NCT04707352,0.5,1,2021.0,2023-03-26
ollama:phi4:14b,D+Tm,NCT04598321,0.4,0,2021.0,2022-12-06
ollama:phi4:14b,D+Tm,NCT06187376,0.35,0,2024.0,2024-07-16
ollama:phi4:14b,D+Tm,NCT03400306,0.45,0,2021.0,2021-11-16
ollama:phi4:14b,D+Tm,NCT05075538,0.55,0,2021.0,2024-01-08
ollama:phi4:14b,D+Tm,NCT04491084,0.3,0,2021.0,2022-08-18
ollama:phi4:14b,D+Tm,NCT05320380,0.3,0,2023.0,2023-09-01
ollama:phi4:14b,D+Tm,NCT04809012,0.25,0,2021.0,2024-06-30
ollama:phi4:14b,D+Tm,NCT04932915,0.35,0,2021.0,2022-01-10
ollama:phi4:14b,D+Tm,NCT04951492,0.2,0,2022.0,2023-10-15
ollama:phi4:14b,D+Tm,NCT05201703,0.4,0,2022.0,2023-12-15
ollama:phi4:14b,D+Tm,NCT05261490,0.28,0,2022.0,2024-02-15
ollama:phi4:14b,D+Tm,NCT05077930,0.32,0,2022.0,2022-04-07
ollama:phi4:14b,D+Tm,NCT05639192,0.45,0,2022.0,2023-08-18
ollama:phi4:14b,D+Tm,NCT04536181,0.38,0,2021.0,2022-10-01
ollama:phi4:14b,D+Tm,NCT04719832,0.5,1,2021.0,2023-11-21
ollama:phi4:14b,D+Tm,NCT04853355,0.42,0,2022.0,2022-10-31
ollama:phi4:14b,D+Tm,NCT05628545,0.27,0,2021.0,2024-10-31
ollama:phi4:14b,D+Tm,NCT04732429,0.33,0,2021.0,2023-10-20
ollama:phi4:14b,D+Tm,NCT05550363,0.48,0,2022.0,2023-09-30
ollama:phi4:14b,D+Tm,NCT04034004,0.36,1,2021.0,2022-12-22
ollama:phi4:14b,D+Tm,NCT05132569,0.46,0,2021.0,2023-02-21
ollama:phi4:14b,D+Tm,NCT05553639,0.29,0,2023.0,2024-04-29
ollama:phi4:14b,D+Tm,NCT04518137,0.26,0,2021.0,2022-05-30
ollama:phi4:14b,D+Tm,NCT05447507,0.41,1,2022.0,2022-10-26
ollama:phi4:14b,D+Tm,NCT04983407,0.31,0,2021.0,2023-08-14
ollama:phi4:14b,D+Tm,NCT04952571,0.22,0,2021.0,2022-12-31
ollama:phi4:14b,D+Tm,NCT04602117,0.24,0,2021.0,2021-11-17
ollama:phi4:14b,D+Tm,NCT05830747,0.39,1,2022.0,2022-12-10
ollama:phi4:14b,D+Tm,NCT04707534,0.37,1,2021.0,2022-03-04
ollama:phi4:14b,D+Tm,NCT04782661,0.21,0,2022.0,2022-09-23
ollama:phi4:14b,D+Tm,NCT04933240,0.3,0,2022.0,2024-12-31
ollama:phi4:14b,D+Tm,NCT04223661,0.4,0,2021.0,2023-12-31
ollama:phi4:14b,D+Tm,NCT05062083,0.35,0,2022.0,2024-01-30
ollama:phi4:14b,D+Tm,NCT04372940,0.25,0,2023.0,2024-01-31
ollama:phi4:14b,D+Tm,NCT05654870,0.45,0,2023.0,2023-11-08
ollama:phi4:14b,D+Tm,NCT04684121,0.5,0,2022.0,2024-08-01
ollama:phi4:14b,D+Tm,NCT04030052,0.4,0,2022.0,2023-01-19
ollama:phi4:14b,D+Tm,NCT04650854,0.55,1,2021.0,2024-01-25
ollama:phi4:14b,D+Tm,NCT05292755,0.3,1,2022.0,2022-07-01
ollama:phi4:14b,D+Tm,NCT03674320,0.35,0,2021.0,2024-12-01
ollama:phi4:14b,D+Tm,NCT05743777,0.4,0,2023.0,2023-05-12
ollama:phi4:14b,D+Tm,NCT05411575,0.45,0,2022.0,2022-10-31
ollama:phi4:14b,D+Tm,NCT05109650,0.2,0,2021.0,2023-03-23
ollama:phi4:14b,D+Tm,NCT04346394,0.25,0,2021.0,2023-08-01
ollama:phi4:14b,D+Tm,NCT05254808,0.3,0,2021.0,2022-02-14
ollama:phi4:14b,D+Tm,NCT05286853,0.5,0,2024.0,2024-09-03
ollama:phi4:14b,D+Tm,NCT05137717,0.35,1,2022.0,2023-06-27
ollama:phi4:14b,D+Tm,NCT04001998,0.4,0,2021.0,2021-07-31
ollama:phi4:14b,D+Tm,NCT04711863,0.45,0,2021.0,2021-07-31
ollama:phi4:14b,D+Tm,NCT05157360,0.3,0,2021.0,2023-05-16
ollama:phi4:14b,D+Tm,NCT05375604,0.25,0,2022.0,2023-05-30
ollama:phi4:14b,D+Tm,NCT04476329,0.35,0,2021.0,2021-12-10
ollama:phi4:14b,D+Tm,NCT05442775,0.5,0,2022.0,2023-06-07
ollama:phi4:14b,D+Tm,NCT04521946,0.2,0,2021.0,2022-12-20
ollama:phi4:14b,D+Tm,NCT04530877,0.3,0,2022.0,2024-09-30
ollama:phi4:14b,D+Tm,NCT06102174,0.3,0,2024.0,2024-09-03
ollama:phi4:14b,D+Tm,NCT04119830,0.25,0,2022.0,2024-02-01
ollama:phi4:14b,D+Tm,NCT05016934,0.35,0,2021.0,2022-04-20
ollama:phi4:14b,D+Tm,NCT04005989,0.28,0,2021.0,2022-12-20
ollama:phi4:14b,D+Tm,NCT05387577,0.2,0,2021.0,2022-11-23
ollama:phi4:14b,D+Tm,NCT04892043,0.27,0,2021.0,2023-11-02
ollama:phi4:14b,D+Tm,NCT05304130,0.32,0,2023.0,2023-05-04
ollama:phi4:14b,D+Tm,NCT04879823,0.4,0,2021.0,2023-07-11
ollama:phi4:14b,D+Tm,NCT05183360,0.33,0,2022.0,2024-08-08
ollama:phi4:14b,D+Tm,NCT05101915,0.22,0,2021.0,2024-04-23
ollama:phi4:14b,D+Tm,NCT03992443,0.29,0,2022.0,2022-03-18
ollama:phi4:14b,D+Tm,NCT05478252,0.38,1,2022.0,2023-09-18
ollama:phi4:14b,D+Tm,NCT04894474,0.31,0,2021.0,2022-07-24
ollama:phi4:14b,D+Tm,NCT05134727,0.34,1,2021.0,2023-03-31
ollama:phi4:14b,D+Tm,NCT04648189,0.26,0,2022.0,2022-09-19
ollama:phi4:14b,D+Tm,NCT04386252,0.24,0,2023.0,2024-01-31
ollama:phi4:14b,D+Tm,NCT04936971,0.18,0,2021.0,2021-09-30
ollama:phi4:14b,D+Tm,NCT05249569,0.21,0,2022.0,2022-12-30
ollama:phi4:14b,D+Tm,NCT04869943,0.37,0,2021.0,2024-01-09
ollama:phi4:14b,D+Tm,NCT04677426,0.23,0,2022.0,2022-08-01
ollama:phi4:14b,D+Tm,NCT03550352,0.19,0,2021.0,2022-05-31
ollama:phi4:14b,D+Tm,NCT05571540,0.29,0,2022.0,2024-10-31
ollama:phi4:14b,D+Tm,NCT04895046,0.25,0,2021.0,2023-09-30
ollama:phi4:14b,D+Tm,NCT05010954,0.42,1,2021.0,2022-09-28
ollama:phi4:14b,D+Tm,NCT04674748,0.31,0,2021.0,2022-05-13
ollama:phi4:14b,D+Tm,NCT05502081,0.6,1,2022.0,2022-12-28
ollama:phi4:14b,D+Tm,NCT05097014,0.65,1,2021.0,2023-02-24
ollama:phi4:14b,D+Tm,NCT05330689,0.5,0,2022.0,2022-09-07
ollama:phi4:14b,D+Tm,NCT03582085,0.55,0,2022.0,2023-01-01
ollama:phi4:14b,D+Tm,NCT04835714,0.45,0,2021.0,2022-01-18
ollama:phi4:14b,D+Tm,NCT05399368,0.7,0,2022.0,2024-05-24
ollama:phi4:14b,D+Tm,NCT05542095,0.5,0,2023.0,2023-05-01
ollama:phi4:14b,D+Tm,NCT05270460,0.55,1,2022.0,2022-10-06
ollama:phi4:14b,D+Tm,NCT03986086,0.5,0,2021.0,2023-12-31
ollama:phi4:14b,D+Tm,NCT04846231,0.5,1,2021.0,2022-07-19
ollama:phi4:14b,D+Tm,NCT04188639,0.5,1,2021.0,2023-01-04
ollama:phi4:14b,D+Tm,NCT04604678,0.55,0,2021.0,2021-10-31
ollama:phi4:14b,D+Tm,NCT05513391,0.75,0,2022.0,2023-10-03
ollama:phi4:14b,D+Tm,NCT05664100,0.45,0,2022.0,2023-04-12
ollama:phi4:14b,D+Tm,NCT04697056,0.55,0,2021.0,2021-11-19
ollama:phi4:14b,D+Tm,NCT05205837,0.5,0,2021.0,2023-08-15
ollama:phi4:14b,D+Tm,NCT04614051,0.45,0,2021.0,2022-05-10
ollama:phi4:14b,D+Tm,NCT05540665,0.55,0,2023.0,2024-01-04
ollama:phi4:14b,D+Tm,NCT05281562,0.5,0,2022.0,2023-03-20
ollama:phi4:14b,D+Tm,NCT03814109,0.65,0,2022.0,2024-01-31
ollama:phi4:14b,D+Tm,NCT05705167,0.55,0,2023.0,2024-04-19
ollama:phi4:14b,D+Tm,NCT05359081,0.7,0,2022.0,2024-03-28
ollama:phi4:14b,D+Tm,NCT05110781,0.5,0,2021.0,2023-04-18
ollama:phi4:14b,D+Tm,NCT04911790,0.8,1,2021.0,2023-08-31
ollama:phi4:14b,D+Tm,NCT05424380,0.45,0,2022.0,2024-03-04
ollama:phi4:14b,D+Tm,NCT05492695,0.5,0,2022.0,2023-09-28
ollama:phi4:14b,D+Tm,NCT05652907,0.5,0,2023.0,2023-05-24
ollama:phi4:14b,D+Tm,NCT05966584,0.5,0,2023.0,2024-08-02
ollama:phi4:14b,D+Tm,NCT04648319,0.5,0,2021.0,2022-01-17
ollama:phi4:14b,D+Tm,NCT05738161,0.5,0,2023.0,2024-02-27
ollama:phi4:14b,D+Tm,NCT05015972,0.5,0,2021.0,2023-12-31
ollama:phi4:14b,D+Tm,NCT04999488,0.5,0,2023.0,2024-12-31
ollama:phi4:14b,D+Tm,NCT04891133,0.6,0,2021.0,2023-01-23
ollama:phi4:14b,D+Tm,NCT05731492,0.5,0,2024.0,2024-04-01
ollama:phi4:14b,D+Tm,NCT04950114,0.5,0,2021.0,2022-11-02
ollama:phi4:14b,D+Tm,NCT04984278,0.55,0,2021.0,2022-11-11
ollama:phi4:14b,D+Tm,NCT04054752,0.5,0,2023.0,2023-11-01
ollama:phi4:14b,D+Tm,NCT05457491,0.5,0,2021.0,2022-07-07
ollama:phi4:14b,D+Tm,NCT03944902,0.5,0,2021.0,2022-01-05
ollama:phi4:14b,D+Tm,NCT05167526,0.5,0,2022.0,2022-11-10
ollama:phi4:14b,D+Tm,NCT04920578,0.5,0,2021.0,2023-02-27
ollama:phi4:14b,D+Tm,NCT05021484,0.5,1,2021.0,2024-03-07
ollama:phi4:14b,D+Tm,NCT04627831,0.5,0,2022.0,2023-04-30
ollama:phi4:14b,D+Tm,NCT04476628,0.5,0,2021.0,2022-02-28
ollama:phi4:14b,D+Tm,NCT04944654,0.5,0,2023.0,2023-05-11
ollama:phi4:14b,D+Tm,NCT05665647,0.5,1,2022.0,2023-02-14
ollama:phi4:14b,D+Tm,NCT06061081,0.5,0,2023.0,2024-11-04
ollama:phi4:14b,D+Tm,NCT04684381,0.5,1,2021.0,2021-06-30
ollama:phi4:14b,D+Tm,NCT05155020,0.5,0,2022.0,2022-08-05
ollama:phi4:14b,D+Tm,NCT05141357,0.5,0,2022.0,2023-04-19
ollama:phi4:14b,D+Tm,NCT04853329,0.3,0,2021.0,2024-12-31
ollama:phi4:14b,D+Tm,NCT05008510,0.35,0,2021.0,2023-06-30
ollama:phi4:14b,D+Tm,NCT04492436,0.25,0,2021.0,2024-07-31
ollama:phi4:14b,D+Tm,NCT05757492,0.3,0,2023.0,2024-07-31
ollama:phi4:14b,D+Tm,NCT04834973,0.4,0,2021.0,2022-07-12
ollama:phi4:14b,D+Tm,NCT04981717,0.5,0,2021.0,2023-04-24
ollama:phi4:14b,D+Tm,NCT04531865,0.2,0,2021.0,2022-10-01
ollama:phi4:14b,D+Tm,NCT05039931,0.25,0,2021.0,2023-06-30
ollama:phi4:14b,D+Tm,NCT05020665,0.45,0,2021.0,2023-03-30
ollama:phi4:14b,D+Tm,NCT05238896,0.15,0,2022.0,2023-03-31
ollama:phi4:14b,D+Tm,NCT05412706,0.3,0,2023.0,2023-09-04
ollama:phi4:14b,D+Tm,NCT05227456,0.2,0,2022.0,2024-04-30
ollama:phi4:14b,D+Tm,NCT04931511,0.25,0,2021.0,2022-09-01
ollama:phi4:14b,D+Tm,NCT04084678,0.4,0,2021.0,2023-04-12
ollama:phi4:14b,D+Tm,NCT05147415,0.3,0,2021.0,2022-12-09
ollama:phi4:14b,D+Tm,NCT04849377,0.35,0,2022.0,2022-06-14
ollama:phi4:14b,D+Tm,NCT05284019,0.2,0,2022.0,2023-04-14
ollama:phi4:14b,D+Tm,NCT04410042,0.3,0,2021.0,2024-01-16
ollama:phi4:14b,D+Tm,NCT04634344,0.25,0,2021.0,2022-05-05
ollama:phi4:14b,D+Tm,NCT04947579,0.4,0,2021.0,2023-02-21
ollama:phi4:14b,D+Tm,NCT05079360,0.45,0,2023.0,2024-05-26
ollama:phi4:14b,D+Tm,NCT05262101,0.2,0,2022.0,2023-11-30
ollama:phi4:14b,D+Tm,NCT05284604,0.15,0,2023.0,2023-01-31
ollama:phi4:14b,D+Tm,NCT05233410,0.5,0,2023.0,2024-09-22
ollama:phi4:14b,D+Tm,NCT04650399,0.6,1,2022.0,2024-02-15
ollama:phi4:14b,D+Tm,NCT05250856,0.3,0,2022.0,2023-12-12
ollama:phi4:14b,D+Tm,NCT05406765,0.4,1,2022.0,2022-10-07
ollama:phi4:14b,D+Tm,NCT04459338,0.5,1,2021.0,2022-06-14
ollama:phi4:14b,D+Tm,NCT04829214,0.45,1,2021.0,2022-06-30
ollama:phi4:14b,D+Tm,NCT05152849,0.35,0,2021.0,2022-06-29
ollama:phi4:14b,D+Tm,NCT05066698,0.4,0,2022.0,2022-09-07
ollama:phi4:14b,D+Tm,NCT05111249,0.3,0,2021.0,2023-10-27
ollama:phi4:14b,D+Tm,NCT05118763,0.35,0,2022.0,2022-12-31
ollama:phi4:14b,D+Tm,NCT04684550,0.45,0,2021.0,2021-08-15
ollama:phi4:14b,D+Tm,NCT06115460,0.5,1,2022.0,2023-06-15
ollama:phi4:14b,D+Tm,NCT04386239,0.25,0,2021.0,2023-01-01
ollama:phi4:14b,D+Tm,NCT05293509,0.3,0,2022.0,2023-09-18
ollama:phi4:14b,D+Tm,NCT04828174,0.25,0,2021.0,2023-11-26
ollama:phi4:14b,D+Tm,NCT04969991,0.35,0,2021.0,2022-11-22
ollama:phi4:14b,D+Tm,NCT04557475,0.4,0,2022.0,2023-06-11
ollama:phi4:14b,D+Tm,NCT05005910,0.5,1,2021.0,2022-12-01
ollama:phi4:14b,D+Tm,NCT05009732,0.55,0,2021.0,2023-07-14
ollama:phi4:14b,D+Tm,NCT03634488,0.45,1,2021.0,2022-11-09
ollama:phi4:14b,D+Tm,NCT05110599,0.4,0,2022.0,2023-10-01
ollama:phi4:14b,D+Tm,NCT03125187,0.3,0,2021.0,2022-11-10
ollama:phi4:14b,D+Tm,NCT04920331,0.25,0,2021.0,2022-02-04
ollama:phi4:14b,D+Tm,NCT04953052,0.35,0,2021.0,2022-11-30
ollama:phi4:14b,D+Tm,NCT04037241,0.5,0,2021.0,2022-01-01
ollama:phi4:14b,D+Tm,NCT05094050,0.3,1,2022.0,2023-03-17
ollama:phi4:14b,D+Tm,NCT04766996,0.6,0,2021.0,2021-12-27
ollama:phi4:14b,D+Tm,NCT04243941,0.45,0,2022.0,2024-02-07
ollama:phi4:14b,D+Tm,NCT05027867,0.4,0,2021.0,2022-08-26
ollama:phi4:14b,D+Tm,NCT06056310,0.35,0,2024.0,2024-08-20
ollama:phi4:14b,D+Tm,NCT05814523,0.5,0,2024.0,2024-08-31
ollama:phi4:14b,D+Tm,NCT05275400,0.6,1,2022.0,2024-05-15
ollama:phi4:14b,D+Tm,NCT05214196,0.3,0,2021.0,2021-12-07
ollama:phi4:14b,D+Tm,NCT04235322,0.4,0,2021.0,2023-04-18
ollama:phi4:14b,D+Tm,NCT04946864,0.45,0,2021.0,2024-10-01
ollama:phi4:14b,D+Tm,NCT04761822,0.55,1,2021.0,2022-04-27
ollama:phi4:14b,D+Tm,NCT05038982,0.35,1,2021.0,2022-07-11
ollama:phi4:14b,D+Tm,NCT04762225,0.3,0,2021.0,2022-10-11
ollama:phi4:14b,D+Tm,NCT05554627,0.4,0,2023.0,2023-10-27
ollama:phi4:14b,D+Tm,NCT04932941,0.45,1,2021.0,2022-09-05
ollama:phi4:14b,D+Tm,NCT04880213,0.35,1,2021.0,2021-11-23
ollama:phi4:14b,D+Tm,NCT06484881,0.4,0,2024.0,2024-10-10
ollama:phi4:14b,D+Tm,NCT04077749,0.3,0,2021.0,2021-09-15
ollama:phi4:14b,D+Tm,NCT04707703,0.35,0,2021.0,2021-10-25
ollama:phi4:14b,D+Tm,NCT05074433,0.55,0,2021.0,2022-05-18
ollama:phi4:14b,D+Tm,NCT05652660,0.3,1,2022.0,2023-03-06
ollama:phi4:14b,D+Tm,NCT05017103,0.35,0,2021.0,2024-02-20
ollama:phi4:14b,D+Tm,NCT04725240,0.4,1,2021.0,2022-06-28
ollama:phi4:14b,D+Tm,NCT05283954,0.45,0,2022.0,2022-07-30
ollama:phi4:14b,D+Tm,NCT05128773,0.5,0,2022.0,2022-10-13
ollama:phi4:14b,D+Tm,NCT05136833,0.4,0,2021.0,2022-12-31
ollama:phi4:14b,D+Tm,NCT04732169,0.3,0,2021.0,2021-07-09
ollama:phi4:14b,D+Tm,NCT04907968,0.3,0,2021.0,2023-10-03
ollama:phi4:14b,D+Tm,NCT05418673,0.4,0,2022.0,2023-07-27
ollama:phi4:14b,D+Tm,NCT04863014,0.35,0,2021.0,2023-02-15
ollama:phi4:14b,D+Tm,NCT04391868,0.9,0,2021.0,2021-04-28
ollama:phi4:14b,D+Tm,NCT05405686,0.25,0,2023.0,2024-08-01
ollama:phi4:14b,D+Tm,NCT05101122,0.45,1,2021.0,2022-04-18
ollama:phi4:14b,D+Tm,NCT05030350,0.5,0,2021.0,2022-09-23
ollama:phi4:14b,D+Tm,NCT05179603,0.3,0,2021.0,2024-09-06
ollama:phi4:14b,D+Tm,NCT04120987,0.6,0,2021.0,2022-06-25
ollama:phi4:14b,D+Tm,NCT06049329,0.4,1,2023.0,2023-12-15
ollama:phi4:14b,D+Tm,NCT05153408,0.35,0,2022.0,2022-12-09
ollama:phi4:14b,D+Tm,NCT04816071,0.3,0,2021.0,2021-05-01
ollama:phi4:14b,D+Tm,NCT04786600,0.25,0,2022.0,2024-03-19
ollama:phi4:14b,D+Tm,NCT05264922,0.2,0,2022.0,2022-07-22
ollama:phi4:14b,D+Tm,NCT04783766,0.4,1,2021.0,2021-08-05
ollama:phi4:14b,D+Tm,NCT04527549,0.3,0,2021.0,2024-01-08
ollama:phi4:14b,D+Tm,NCT05059301,0.7,1,2021.0,2022-06-30
ollama:phi4:14b,D+Tm,NCT04964388,0.35,0,2021.0,2023-07-01
ollama:phi4:14b,D+Tm,NCT05053126,0.55,1,2021.0,2022-04-01
ollama:phi4:14b,D+Tm,NCT05298202,0.25,1,2022.0,2022-10-01
ollama:phi4:14b,D+Tm,NCT06021119,0.4,1,2023.0,2023-04-21
ollama:phi4:14b,D+Tm,NCT05119712,0.2,0,2021.0,2024-10-15
ollama:phi4:14b,D+Tm,NCT04797468,0.45,0,2022.0,2023-01-13
ollama:phi4:14b,D+Tm,NCT04641273,0.5,0,2021.0,2021-10-18
ollama:phi4:14b,D+Tm,NCT05013385,0.3,0,2021.0,2022-05-31
ollama:phi4:14b,D+Tm,NCT04764630,0.3,1,2021.0,2021-03-20
ollama:phi4:14b,D+Tm,NCT05552859,0.7,0,2022.0,2023-08-04
ollama:phi4:14b,D+Tm,NCT06178367,0.4,1,2023.0,2023-09-30
ollama:phi4:14b,D+Tm,NCT04756427,0.5,0,2022.0,2023-11-28
ollama:phi4:14b,D+Tm,NCT05362058,0.8,1,2022.0,2024-04-10
ollama:phi4:14b,D+Tm,NCT04290871,0.35,0,2023.0,2024-04-01
ollama:phi4:14b,D+Tm,NCT06065059,0.45,0,2023.0,2024-05-22
ollama:phi4:14b,D+Tm,NCT03281681,0.4,0,2021.0,2022-09-30
ollama:phi4:14b,D+Tm,NCT04898309,0.6,0,2021.0,2023-05-31
ollama:phi4:14b,D+Tm,NCT06329687,0.55,0,2024.0,2024-02-28
ollama:phi4:14b,D+Tm,NCT04978818,0.65,1,2022.0,2023-10-26
ollama:phi4:14b,D+Tm,NCT03792295,0.5,0,2021.0,2022-07-01
ollama:phi4:14b,D+Tm,NCT05525455,0.45,0,2022.0,2023-09-07
ollama:phi4:14b,D+Tm,NCT04430283,0.5,0,2021.0,2022-03-04
ollama:phi4:14b,D+Tm,NCT04862416,0.3,1,2021.0,2022-06-29
ollama:phi4:14b,D+Tm,NCT04511026,0.5,0,2021.0,2021-06-10
ollama:phi4:14b,D+Tm,NCT04934670,0.7,0,2022.0,2023-01-19
ollama:phi4:14b,D+Tm,NCT05703555,0.4,0,2024.0,2024-02-16
ollama:phi4:14b,D+Tm,NCT05181995,0.65,0,2021.0,2023-03-30
ollama:phi4:14b,D+Tm,NCT04661917,0.55,0,2021.0,2022-05-19
ollama:phi4:14b,D+Tm,NCT05076422,0.35,0,2021.0,2023-03-03
ollama:phi4:14b,D+Tm,NCT04607252,0.5,0,2021.0,2021-06-03
ollama:phi4:14b,D+Tm,NCT05061537,0.4,0,2021.0,2022-10-14
ollama:phi4:14b,D+Tm,NCT04801641,0.45,0,2021.0,2023-08-14
ollama:phi4:14b,D+Tm,NCT04963413,0.35,0,2022.0,2023-09-28
ollama:phi4:14b,D+Tm,NCT04804254,0.3,0,2021.0,2023-01-11
ollama:phi4:14b,D+Tm,NCT05006417,0.25,0,2022.0,2022-11-23
ollama:phi4:14b,D+Tm,NCT06079320,0.35,0,2023.0,2024-09-30
ollama:phi4:14b,D+Tm,NCT05099549,0.3,0,2021.0,2023-09-21
ollama:phi4:14b,D+Tm,NCT05299580,0.25,0,2021.0,2023-03-30
ollama:phi4:14b,D+Tm,NCT05979415,0.35,0,2023.0,2024-02-28
ollama:phi4:14b,D+Tm,NCT05926440,0.4,0,2023.0,2023-08-17
ollama:phi4:14b,D+Tm,NCT05043987,0.3,0,2022.0,2022-11-16
ollama:phi4:14b,D+Tm,NCT05047640,0.45,0,2021.0,2022-10-25
ollama:phi4:14b,D+Tm,NCT05961007,0.4,0,2021.0,2024-04-30
ollama:phi4:14b,D+Tm,NCT05481489,0.3,0,2023.0,2023-04-24
ollama:phi4:14b,D+Tm,NCT05516849,0.25,0,2022.0,2023-08-03
ollama:phi4:14b,D+Tm,NCT05229900,0.3,0,2022.0,2023-12-13
ollama:phi4:14b,D+Tm,NCT05368558,0.35,0,2022.0,2024-09-20
ollama:phi4:14b,D+Tm,NCT02811133,0.25,0,2023.0,2023-10-04
ollama:phi4:14b,D+Tm,NCT05544734,0.25,1,2022.0,2023-06-01
ollama:phi4:14b,D+Tm,NCT05434091,0.3,0,2022.0,2023-03-29
ollama:phi4:14b,D+Tm,NCT04262193,0.3,0,2021.0,2024-07-30
ollama:phi4:14b,D+Tm,NCT06090318,0.3,0,2023.0,2023-05-30
ollama:phi4:14b,D+Tm,NCT05517837,0.2,0,2022.0,2023-07-14
ollama:phi4:14b,D+Tm,NCT04860466,0.3,0,2022.0,2024-07-31
ollama:phi4:14b,D+Tm,NCT04632940,0.5,0,2021.0,2023-12-14
ollama:phi4:14b,D+Tm,NCT04166734,0.25,0,2021.0,2023-07-25
ollama:phi4:14b,D+Tm,NCT04630158,0.35,1,2021.0,2023-06-08
ollama:phi4:14b,D+Tm,NCT05240560,0.25,0,2023.0,2024-02-08
ollama:phi4:14b,D+Tm,NCT04804033,0.65,0,2021.0,2024-03-21
ollama:phi4:14b,D+Tm,NCT05156645,0.4,0,2022.0,2022-12-01
ollama:phi4:14b,D+Tm,NCT05226390,0.3,0,2022.0,2023-11-21
ollama:phi4:14b,D+Tm,NCT04560309,0.5,1,2021.0,2021-11-23
ollama:phi4:14b,D+Tm,NCT04800627,0.35,0,2021.0,2022-11-03
ollama:phi4:14b,D+Tm,NCT04446637,0.6,0,2021.0,2022-09-03
ollama:phi4:14b,D+Tm,NCT04161118,0.45,0,2021.0,2023-02-24
ollama:phi4:14b,D+Tm,NCT05441930,0.55,0,2023.0,2024-03-14
ollama:phi4:14b,D+Tm,NCT04894123,0.4,0,2022.0,2023-02-13
ollama:phi4:14b,D+Tm,NCT04752566,0.6,1,2021.0,2022-08-03
ollama:phi4:14b,D+Tm,NCT05008913,0.3,0,2021.0,2021-11-16
ollama:phi4:14b,D+Tm,NCT05213143,0.5,0,2021.0,2022-11-18
ollama:phi4:14b,D+Tm,NCT04928430,0.7,0,2021.0,2022-11-28
ollama:phi4:14b,D+Tm,NCT04760782,0.35,0,2022.0,2023-08-14
ollama:phi4:14b,D+Tm,NCT04991688,0.4,0,2021.0,2023-03-03
ollama:phi4:14b,D+Tm,NCT05808881,0.55,0,2023.0,2024-05-31
ollama:phi4:14b,D+Tm,NCT04871737,0.45,1,2021.0,2022-09-30
ollama:phi4:14b,D+Tm,NCT04818736,0.35,0,2021.0,2021-12-31
ollama:phi4:14b,D+Tm,NCT05437419,0.4,1,2022.0,2023-07-27
ollama:phi4:14b,D+Tm,NCT04634253,0.6,1,2021.0,2022-06-29
ollama:phi4:14b,D+Tm,NCT05251038,0.35,0,2022.0,2023-01-31
ollama:phi4:14b,D+Tm,NCT04957290,0.45,0,2021.0,2023-06-07
ollama:phi4:14b,D+Tm,NCT04536077,0.4,0,2021.0,2023-11-21
ollama:phi4:14b,D+Tm,NCT04665921,0.45,0,2021.0,2024-03-01
ollama:phi4:14b,D+Tm,NCT04676867,0.65,1,2021.0,2021-05-17
ollama:phi4:14b,D+Tm,NCT05592223,0.3,0,2022.0,2023-12-01
ollama:phi4:14b,D+Tm,NCT04788511,0.7,1,2021.0,2023-04-18
ollama:phi4:14b,D+Tm,NCT06046482,0.4,0,2023.0,2024-08-26
ollama:phi4:14b,D+Tm,NCT04814537,0.5,1,2021.0,2022-03-23
ollama:phi4:14b,D+Tm,NCT05097651,0.35,0,2021.0,2023-08-31
ollama:phi4:14b,D+Tm,NCT05546411,0.45,0,2023.0,2023-10-13
ollama:phi4:14b,D+Tm,NCT05703464,0.25,0,2023.0,2023-03-03
ollama:phi4:14b,D+Tm,NCT04927169,0.55,0,2021.0,2022-03-30
ollama:phi4:14b,D+Tm,NCT04760626,0.75,1,2021.0,2022-08-29
ollama:phi4:14b,D+Tm,NCT04736602,0.2,1,2021.0,2022-09-03
ollama:phi4:14b,D+Tm,NCT04652479,0.4,1,2021.0,2022-06-30
ollama:phi4:14b,D+Tm,NCT05456854,0.3,0,2022.0,2024-08-01
ollama:phi4:14b,D+Tm,NCT05504486,0.5,0,2022.0,2023-04-05
ollama:phi4:14b,D+Tm,NCT04770155,0.25,0,2021.0,2021-09-20
ollama:phi4:14b,D+Tm,NCT05666453,0.6,0,2022.0,2024-07-01
ollama:phi4:14b,D+Tm,NCT05039190,0.65,1,2021.0,2023-01-14
ollama:phi4:14b,D+Tm,NCT03720990,0.3,1,2021.0,2023-09-30
ollama:phi4:14b,D+Tm,NCT05260008,0.55,0,2022.0,2024-01-15
ollama:phi4:14b,D+Tm,NCT05878704,0.35,0,2023.0,2024-07-29
ollama:phi4:14b,D+Tm,NCT05497934,0.25,0,2022.0,2024-03-31
ollama:phi4:14b,D+Tm,NCT05140824,0.45,0,2021.0,2022-12-14
ollama:phi4:14b,D+Tm,NCT04387617,0.5,1,2021.0,2022-01-31
ollama:phi4:14b,D+Tm,NCT04218825,0.3,0,2022.0,2023-04-04
ollama:phi4:14b,D+Tm,NCT03883893,0.4,0,2021.0,2023-04-30
ollama:phi4:14b,D+Tm,NCT06422377,0.2,0,2024.0,2024-08-14
ollama:phi4:14b,D+Tm,NCT05006885,0.3,1,2021.0,2022-08-17
ollama:phi4:14b,D+Tm,NCT05376319,0.25,0,2023.0,2024-05-07
ollama:phi4:14b,D+Tm,NCT04927975,0.35,1,2021.0,2023-08-29
ollama:phi4:14b,D+Tm,NCT05157464,0.2,0,2023.0,2024-12-31
ollama:phi4:14b,D+Tm,NCT03602898,0.25,0,2021.0,2023-09-17
ollama:phi4:14b,D+Tm,NCT05116046,0.4,0,2021.0,2023-03-30
ollama:phi4:14b,D+Tm,NCT05014919,0.3,0,2021.0,2022-04-28
ollama:phi4:14b,D+Tm,NCT04863339,0.25,0,2022.0,2022-04-30
ollama:phi4:14b,D+Tm,NCT05095246,0.35,0,2022.0,2024-10-30
ollama:phi4:14b,D+Tm,NCT06181227,0.3,0,2023.0,2024-04-05
ollama:phi4:14b,D+Tm,NCT05096884,0.2,0,2022.0,2023-09-12
ollama:phi4:14b,D+Tm,NCT05097079,0.4,0,2021.0,2023-05-31
ollama:phi4:14b,D+Tm,NCT05222269,0.25,0,2022.0,2023-01-25
ollama:phi4:14b,D+Tm,NCT05169437,0.2,0,2022.0,2024-08-27
ollama:phi4:14b,D+Tm,NCT04789330,0.45,0,2021.0,2022-04-01
ollama:phi4:14b,D+Tm,NCT04327986,0.25,0,2021.0,2022-02-03
ollama:phi4:14b,D+Tm,NCT03326128,0.2,0,2021.0,2023-07-01
ollama:phi4:14b,D+Tm,NCT05264506,0.5,0,2022.0,2024-01-26
ollama:phi4:14b,D+Tm,NCT05625347,0.3,0,2023.0,2023-06-30
ollama:phi4:14b,D+Tm,NCT04357951,0.25,0,2023.0,2024-09-30
ollama:phi4:14b,D+Tm,NCT04864522,0.2,0,2023.0,2023-11-30
ollama:phi4:14b,D+Tm,NCT04896541,0.3,1,2021.0,2022-06-14
ollama:phi4:14b,D+Tm,NCT04811040,0.25,1,2021.0,2023-10-17
ollama:phi4:14b,D+Tm,NCT05094206,0.2,0,2022.0,2024-01-29
ollama:phi4:14b,D+Tm,NCT05165732,0.45,0,2022.0,2023-08-20
ollama:phi4:14b,D+T,NCT05035095,0.75,1,2021.0,2023-05-12
ollama:phi4:14b,D+T,NCT05744115,0.4,0,2021.0,2022-04-14
ollama:phi4:14b,D+T,NCT05253755,0.6,0,2021.0,2022-09-09
ollama:phi4:14b,D+T,NCT05003102,0.5,0,2023.0,2023-06-30
ollama:phi4:14b,D+T,NCT05674448,0.55,0,2021.0,2023-01-04
ollama:phi4:14b,D+T,NCT05695378,0.65,0,2023.0,2024-08-19
ollama:phi4:14b,D+T,NCT06085638,0.45,0,2023.0,2023-10-20
ollama:phi4:14b,D+T,NCT04320940,0.7,0,2021.0,2023-02-01
ollama:phi4:14b,D+T,NCT05060276,0.5,0,2022.0,2024-12-31
ollama:phi4:14b,D+T,NCT05622591,0.5,0,2024.0,2024-06-07
ollama:phi4:14b,D+T,NCT04748783,0.45,0,2021.0,2021-04-07
ollama:phi4:14b,D+T,NCT04406857,0.5,0,2021.0,2023-01-18
ollama:phi4:14b,D+T,NCT04478994,0.6,0,2021.0,2022-12-08
ollama:phi4:14b,D+T,NCT05607342,0.4,0,2023.0,2023-11-06
ollama:phi4:14b,D+T,NCT04629339,0.5,0,2021.0,2024-03-26
ollama:phi4:14b,D+T,NCT05139615,0.55,0,2021.0,2022-09-19
ollama:phi4:14b,D+T,NCT04108858,0.5,0,2021.0,2022-04-29
ollama:phi4:14b,D+T,NCT04355039,0.5,0,2021.0,2024-07-01
ollama:phi4:14b,D+T,NCT03709550,0.5,0,2021.0,2024-04-15
ollama:phi4:14b,D+T,NCT04243824,0.4,0,2021.0,2022-05-31
ollama:phi4:14b,D+T,NCT02133885,0.5,0,2023.0,2024-03-31
ollama:phi4:14b,D+T,NCT05044234,0.65,0,2021.0,2022-11-30
ollama:phi4:14b,D+T,NCT04672954,0.5,1,2021.0,2021-07-01
ollama:phi4:14b,D+T,NCT05098405,0.5,0,2021.0,2024-01-19
ollama:phi4:14b,D+T,NCT05542355,0.5,0,2023.0,2024-10-02
ollama:phi4:14b,D+T,NCT04631211,0.45,0,2021.0,2022-01-07
ollama:phi4:14b,D+T,NCT04791319,0.5,0,2021.0,2022-03-31
ollama:phi4:14b,D+T,NCT04200066,0.3,0,2022.0,2024-02-01
ollama:phi4:14b,D+T,NCT04391309,0.4,0,2021.0,2022-02-04
ollama:phi4:14b,D+T,NCT05563168,0.35,0,2023.0,2024-12-31
ollama:phi4:14b,D+T,NCT04961658,0.4,0,2021.0,2024-01-08
ollama:phi4:14b,D+T,NCT04625699,0.35,0,2022.0,2023-12-31
ollama:phi4:14b,D+T,NCT05356403,0.6,0,2022.0,2024-02-26
ollama:phi4:14b,D+T,NCT05378945,0.55,1,2022.0,2023-04-04
ollama:phi4:14b,D+T,NCT04759846,0.4,0,2021.0,2023-05-31
ollama:phi4:14b,D+T,NCT05767749,0.5,1,2023.0,2023-07-31
ollama:phi4:14b,D+T,NCT04746430,0.45,0,2021.0,2021-04-23
ollama:phi4:14b,D+T,NCT04773067,0.65,0,2021.0,2022-03-08
ollama:phi4:14b,D+T,NCT04834908,0.35,0,2021.0,2022-05-25
ollama:phi4:14b,D+T,NCT06281236,0.4,0,2024.0,2024-10-01
ollama:phi4:14b,D+T,NCT05156229,0.3,0,2021.0,2022-08-24
ollama:phi4:14b,D+T,NCT05266586,0.5,1,2022.0,2022-09-08
ollama:phi4:14b,D+T,NCT05303909,0.3,0,2022.0,2024-05-13
ollama:phi4:14b,D+T,NCT05178862,0.7,0,2022.0,2024-08-31
ollama:phi4:14b,D+T,NCT04596293,0.45,1,2021.0,2022-07-12
ollama:phi4:14b,D+T,NCT04588688,0.35,0,2021.0,2021-08-01
ollama:phi4:14b,D+T,NCT04900766,0.3,0,2021.0,2023-02-03
ollama:phi4:14b,D+T,NCT04709575,0.65,1,2021.0,2021-08-24
ollama:phi4:14b,D+T,NCT05121766,0.4,0,2022.0,2023-04-21
ollama:phi4:14b,D+T,NCT04521335,0.3,0,2021.0,2022-02-06
ollama:phi4:14b,D+T,NCT04795466,0.3,0,2021.0,2024-03-07
ollama:phi4:14b,D+T,NCT05085002,0.4,0,2021.0,2023-11-29
ollama:phi4:14b,D+T,NCT04443569,0.5,1,2021.0,2022-08-31
ollama:phi4:14b,D+T,NCT04644029,0.6,0,2021.0,2024-06-11
ollama:phi4:14b,D+T,NCT05366855,0.2,0,2022.0,2024-07-17
ollama:phi4:14b,D+T,NCT05494866,0.1,0,2022.0,2024-03-15
ollama:phi4:14b,D+T,NCT05567783,0.35,0,2022.0,2023-08-31
ollama:phi4:14b,D+T,NCT05077085,0.25,0,2022.0,2024-12-31
ollama:phi4:14b,D+T,NCT05244473,0.15,0,2022.0,2024-05-31
ollama:phi4:14b,D+T,NCT04263519,0.2,0,2021.0,2023-01-01
ollama:phi4:14b,D+T,NCT05420077,0.15,0,2022.0,2023-06-02
ollama:phi4:14b,D+T,NCT04358471,0.25,0,2021.0,2023-09-01
ollama:phi4:14b,D+T,NCT04822298,0.2,0,2021.0,2022-01-26
ollama:phi4:14b,D+T,NCT04834349,0.3,0,2021.0,2022-11-21
ollama:phi4:14b,D+T,NCT04736628,0.45,1,2021.0,2023-09-21
ollama:phi4:14b,D+T,NCT05064449,0.15,1,2021.0,2021-11-30
ollama:phi4:14b,D+T,NCT04674761,0.55,1,2021.0,2022-09-09
ollama:phi4:14b,D+T,NCT04498468,0.65,0,2021.0,2023-03-03
ollama:phi4:14b,D+T,NCT05238207,0.2,0,2022.0,2023-05-04
ollama:phi4:14b,D+T,NCT05029609,0.25,0,2021.0,2022-12-31
ollama:phi4:14b,D+T,NCT05083078,0.3,0,2021.0,2022-07-01
ollama:phi4:14b,D+T,NCT05629364,0.35,0,2023.0,2024-01-09
ollama:phi4:14b,D+T,NCT04637698,0.15,0,2021.0,2023-05-04
ollama:phi4:14b,D+T,NCT04876430,0.4,0,2021.0,2022-03-07
ollama:phi4:14b,D+T,NCT04861948,0.1,0,2021.0,2022-07-30
ollama:phi4:14b,D+T,NCT04740931,0.65,1,2021.0,2023-07-12
ollama:phi4:14b,D+T,NCT05510843,0.3,0,2022.0,2023-04-04
ollama:phi4:14b,D+T,NCT04842292,0.25,0,2021.0,2021-09-04
ollama:phi4:14b,D+T,NCT05162066,0.4,0,2022.0,2022-09-23
ollama:phi4:14b,D+T,NCT05506930,0.2,0,2022.0,2024-05-10
ollama:phi4:14b,D+T,NCT05682222,0.35,1,2022.0,2022-10-14
ollama:phi4:14b,D+T,NCT05135650,0.25,0,2022.0,2023-01-10
ollama:phi4:14b,D+T,NCT05238844,0.45,0,2022.0,2022-05-25
ollama:phi4:14b,D+T,NCT04731298,0.4,0,2021.0,2022-04-21
ollama:phi4:14b,D+T,NCT04639024,0.3,0,2021.0,2022-11-03
ollama:phi4:14b,D+T,NCT05717400,0.2,0,2023.0,2024-08-29
ollama:phi4:14b,D+T,NCT05155085,0.55,0,2022.0,2024-04-17
ollama:phi4:14b,D+T,NCT05569512,0.25,0,2022.0,2023-12-06
ollama:phi4:14b,D+T,NCT04954326,0.5,1,2021.0,2022-05-20
ollama:phi4:14b,D+T,NCT04052139,0.3,1,2021.0,2021-12-15
ollama:phi4:14b,D+T,NCT04325503,0.25,1,2021.0,2022-06-30
ollama:phi4:14b,D+T,NCT04773587,0.6,1,2021.0,2022-08-30
ollama:phi4:14b,D+T,NCT05041101,0.3,0,2021.0,2024-09-06
ollama:phi4:14b,D+T,NCT05162365,0.5,0,2022.0,2022-11-18
ollama:phi4:14b,D+T,NCT03095404,0.2,0,2021.0,2022-02-28
ollama:phi4:14b,D+T,NCT04354103,0.25,0,2022.0,2024-01-19
ollama:phi4:14b,D+T,NCT06137651,0.3,0,2023.0,2024-03-27
ollama:phi4:14b,D+T,NCT05673109,0.35,0,2023.0,2023-10-08
ollama:phi4:14b,D+T,NCT04737109,0.4,0,2021.0,2022-08-15
ollama:phi4:14b,D+T,NCT05694013,0.5,0,2023.0,2024-07-04
ollama:phi4:14b,D+T,NCT05469802,0.5,0,2024.0,2024-07-05
ollama:phi4:14b,D+T,NCT05489991,0.5,0,2022.0,2023-05-03
ollama:phi4:14b,D+T,NCT04497038,0.5,0,2021.0,2023-05-02
ollama:phi4:14b,D+T,NCT05065411,0.6,0,2022.0,2024-01-09
ollama:phi4:14b,D+T,NCT05447364,0.55,1,2021.0,2024-03-01
ollama:phi4:14b,D+T,NCT05160558,0.5,0,2022.0,2023-07-25
ollama:phi4:14b,D+T,NCT05198349,0.5,0,2022.0,2023-08-10
ollama:phi4:14b,D+T,NCT04741204,0.55,0,2022.0,2022-09-30
ollama:phi4:14b,D+T,NCT04855591,0.5,0,2021.0,2021-11-18
ollama:phi4:14b,D+T,NCT04611139,0.5,0,2021.0,2024-06-30
ollama:phi4:14b,D+T,NCT04475991,0.5,0,2021.0,2022-03-25
ollama:phi4:14b,D+T,NCT05182840,0.7,1,2022.0,2023-07-10
ollama:phi4:14b,D+T,NCT05788185,0.5,0,2023.0,2023-09-21
ollama:phi4:14b,D+T,NCT04309721,0.6,0,2022.0,2023-11-13
ollama:phi4:14b,D+T,NCT05760703,0.5,0,2023.0,2023-12-11
ollama:phi4:14b,D+T,NCT04682366,0.55,0,2021.0,2022-11-10
ollama:phi4:14b,D+T,NCT04938180,0.5,0,2021.0,2022-05-17
ollama:phi4:14b,D+T,NCT06301308,0.6,0,2023.0,2024-02-29
ollama:phi4:14b,D+T,NCT05609045,0.5,0,2023.0,2023-12-31
ollama:phi4:14b,D+T,NCT04985825,0.5,0,2021.0,2022-08-17
ollama:phi4:14b,D+T,NCT05053035,0.5,0,2021.0,2022-10-28
ollama:phi4:14b,D+T,NCT05032118,0.5,0,2023.0,2023-04-27
ollama:phi4:14b,D+T,NCT05835011,0.5,0,2023.0,2023-08-21
ollama:phi4:14b,D+T,NCT05137002,0.6,0,2021.0,2022-10-10
ollama:phi4:14b,D+T,NCT04994002,0.5,0,2021.0,2022-06-30
ollama:phi4:14b,D+T,NCT05556265,0.5,0,2022.0,2024-05-16
ollama:phi4:14b,D+T,NCT04629703,0.6,0,2021.0,2022-09-05
ollama:phi4:14b,D+T,NCT05061992,0.55,1,2021.0,2022-11-01
ollama:phi4:14b,D+T,NCT03532958,0.45,0,2021.0,2022-11-30
ollama:phi4:14b,D+T,NCT05317013,0.4,0,2022.0,2022-09-22
ollama:phi4:14b,D+T,NCT05475821,0.35,0,2022.0,2022-09-26
ollama:phi4:14b,D+T,NCT04167618,0.5,0,2021.0,2022-08-11
ollama:phi4:14b,D+T,NCT04760314,0.65,1,2021.0,2023-02-01
ollama:phi4:14b,D+T,NCT06489860,0.45,0,2024.0,2024-10-04
ollama:phi4:14b,D+T,NCT05344625,0.4,0,2023.0,2024-03-15
ollama:phi4:14b,D+T,NCT04978298,0.5,1,2021.0,2023-02-26
ollama:phi4:14b,D+T,NCT05193370,0.55,0,2022.0,2022-11-30
ollama:phi4:14b,D+T,NCT05370040,0.6,0,2022.0,2024-03-11
ollama:phi4:14b,D+T,NCT03952481,0.5,0,2021.0,2021-12-31
ollama:phi4:14b,D+T,NCT06056596,0.4,0,2024.0,2024-09-06
ollama:phi4:14b,D+T,NCT04750577,0.6,1,2021.0,2022-12-27
ollama:phi4:14b,D+T,NCT04921358,0.7,0,2021.0,2023-12-20
ollama:phi4:14b,D+T,NCT05035368,0.5,0,2021.0,2023-06-30
ollama:phi4:14b,D+T,NCT05764239,0.55,0,2023.0,2024-03-15
ollama:phi4:14b,D+T,NCT05198843,0.45,0,2022.0,2023-12-20
ollama:phi4:14b,D+T,NCT05934942,0.4,0,2023.0,2024-02-08
ollama:phi4:14b,D+T,NCT05260541,0.5,0,2022.0,2022-09-23
ollama:phi4:14b,D+T,NCT03928275,0.5,0,2021.0,2022-09-01
ollama:phi4:14b,D+T,NCT05265728,0.6,0,2022.0,2024-05-27
ollama:phi4:14b,D+T,NCT04731051,0.45,0,2022.0,2022-12-31
ollama:phi4:14b,D+T,NCT05283304,0.3,0,2023.0,2023-11-19
ollama:phi4:14b,D+T,NCT05611853,0.35,0,2022.0,2023-12-25
ollama:phi4:14b,D+T,NCT04656691,0.4,0,2021.0,2021-04-18
ollama:phi4:14b,D+T,NCT05292976,0.25,0,2022.0,2022-12-31
ollama:phi4:14b,D+T,NCT04862741,0.45,1,2021.0,2022-10-05
ollama:phi4:14b,D+T,NCT05002114,0.5,0,2023.0,2023-01-31
ollama:phi4:14b,D+T,NCT04807400,0.6,1,2021.0,2023-01-13
ollama:phi4:14b,D+T,NCT05276401,0.3,0,2022.0,2022-06-15
ollama:phi4:14b,D+T,NCT04231279,0.2,0,2022.0,2023-06-15
ollama:phi4:14b,D+T,NCT04543955,0.35,0,2021.0,2022-06-03
ollama:phi4:14b,D+T,NCT04300140,0.4,0,2021.0,2023-08-14
ollama:phi4:14b,D+T,NCT05526716,0.55,1,2022.0,2023-06-21
ollama:phi4:14b,D+T,NCT05977127,0.3,0,2023.0,2024-03-21
ollama:phi4:14b,D+T,NCT05169931,0.5,0,2022.0,2022-05-31
ollama:phi4:14b,D+T,NCT04238390,0.25,0,2022.0,2024-12-31
ollama:phi4:14b,D+T,NCT04594941,0.35,1,2022.0,2022-05-26
ollama:phi4:14b,D+T,NCT03999658,0.3,0,2023.0,2024-07-31
ollama:phi4:14b,D+T,NCT04875975,0.4,0,2021.0,2024-04-26
ollama:phi4:14b,D+T,NCT04856891,0.45,1,2021.0,2023-01-09
ollama:phi4:14b,D+T,NCT05127473,0.5,1,2021.0,2022-05-14
ollama:phi4:14b,D+T,NCT05226299,0.45,1,2021.0,2022-08-30
ollama:phi4:14b,D+T,NCT05519527,0.35,0,2022.0,2023-02-15
ollama:phi4:14b,D+T,NCT04230720,0.4,0,2021.0,2021-12-31
ollama:phi4:14b,D+T,NCT05251233,0.3,0,2022.0,2024-06-27
ollama:phi4:14b,D+T,NCT02588807,0.45,0,2021.0,2022-05-31
ollama:phi4:14b,D+T,NCT03787082,0.3,0,2022.0,2023-12-31
ollama:phi4:14b,D+T,NCT05474690,0.4,0,2022.0,2024-08-30
ollama:phi4:14b,D+T,NCT04855240,0.35,1,2021.0,2022-03-14
ollama:phi4:14b,D+T,NCT04505878,0.25,0,2023.0,2023-12-31
ollama:phi4:14b,D+T,NCT05251376,0.3,0,2022.0,2022-12-19
ollama:phi4:14b,D+T,NCT04753957,0.3,0,2022.0,2022-02-01
ollama:phi4:14b,D+T,NCT05477498,0.35,0,2021.0,2022-12-31
ollama:phi4:14b,D+T,NCT04752020,0.25,1,2021.0,2023-12-30
ollama:phi4:14b,D+T,NCT04933916,0.3,0,2021.0,2023-05-01
ollama:phi4:14b,D+T,NCT05049161,0.35,0,2021.0,2022-05-18
ollama:phi4:14b,D+T,NCT04708236,0.3,0,2021.0,2021-07-31
ollama:phi4:14b,D+T,NCT04480190,0.25,0,2021.0,2022-04-04
ollama:phi4:14b,D+T,NCT05243524,0.3,0,2022.0,2023-08-31
ollama:phi4:14b,D+T,NCT04914676,0.3,0,2022.0,2024-08-26
ollama:phi4:14b,D+T,NCT04907851,0.35,0,2021.0,2023-11-30
ollama:phi4:14b,D+T,NCT05993143,0.45,0,2021.0,2021-07-21
ollama:phi4:14b,D+T,NCT05029856,0.3,0,2022.0,2022-08-31
ollama:phi4:14b,D+T,NCT04776044,0.4,0,2021.0,2022-08-09
ollama:phi4:14b,D+T,NCT05092646,0.3,0,2021.0,2023-11-10
ollama:phi4:14b,D+T,NCT04891718,0.25,0,2021.0,2022-06-05
ollama:phi4:14b,D+T,NCT04833959,0.25,0,2021.0,2024-03-31
ollama:phi4:14b,D+T,NCT05561530,0.35,0,2022.0,2023-06-15
ollama:phi4:14b,D+T,NCT05295927,0.3,0,2022.0,2022-09-30
ollama:phi4:14b,D+T,NCT05072080,0.5,1,2021.0,2023-04-03
ollama:phi4:14b,D+T,NCT05330013,0.3,0,2022.0,2022-06-23
ollama:phi4:14b,D+T,NCT05348681,0.45,0,2022.0,2023-02-28
ollama:phi4:14b,D+T,NCT04692467,0.4,1,2021.0,2023-12-30
ollama:phi4:14b,D+T,NCT04631601,0.35,0,2021.0,2023-10-23
ollama:phi4:14b,D+T,NCT05395052,0.3,0,2022.0,2023-08-11
ollama:phi4:14b,D+T,NCT04972968,0.5,0,2021.0,2023-07-24
ollama:phi4:14b,D+T,NCT05144347,0.3,0,2022.0,2022-11-01
ollama:phi4:14b,D+T,NCT04771143,0.25,0,2021.0,2022-01-03
ollama:phi4:14b,D+T,NCT04758949,0.4,0,2021.0,2021-12-22
ollama:phi4:14b,D+T,NCT05205759,0.6,0,2021.0,2022-04-05
ollama:phi4:14b,D+T,NCT04753606,0.5,1,2021.0,2021-08-30
ollama:phi4:14b,D+T,NCT04764448,0.35,0,2021.0,2024-05-29
ollama:phi4:14b,D+T,NCT04615949,0.55,0,2021.0,2022-11-30
ollama:phi4:14b,D+T,NCT04570436,0.45,1,2021.0,2022-11-10
ollama:phi4:14b,D+T,NCT04496674,0.3,0,2022.0,2023-05-03
ollama:phi4:14b,D+T,NCT05069012,0.5,1,2021.0,2022-07-23
ollama:phi4:14b,D+T,NCT03698448,0.4,0,2021.0,2022-11-01
ollama:phi4:14b,D+T,NCT04992208,0.7,1,2021.0,2023-08-31
ollama:phi4:14b,D+T,NCT04698915,0.45,0,2021.0,2023-11-30
ollama:phi4:14b,D+T,NCT06003075,0.4,0,2023.0,2024-07-05
ollama:phi4:14b,D+T,NCT04378244,0.3,0,2022.0,2024-07-12
ollama:phi4:14b,D+T,NCT04960397,0.5,0,2021.0,2024-04-12
ollama:phi4:14b,D+T,NCT04581785,0.35,0,2021.0,2023-01-10
ollama:phi4:14b,D+T,NCT04873895,0.25,0,2022.0,2024-04-25
ollama:phi4:14b,D+T,NCT05992922,0.5,0,2023.0,2023-12-19
ollama:phi4:14b,D+T,NCT04566133,0.4,0,2022.0,2022-12-31
ollama:phi4:14b,D+T,NCT05683860,0.3,0,2022.0,2023-06-30
ollama:phi4:14b,D+T,NCT04899349,0.4,0,2022.0,2023-05-10
ollama:phi4:14b,D+T,NCT05497284,0.35,0,2022.0,2024-09-26
ollama:phi4:14b,D+T,NCT04825223,0.25,0,2021.0,2022-07-22
ollama:phi4:14b,D+T,NCT04718376,0.45,0,2021.0,2023-05-22
ollama:phi4:14b,D+T,NCT05239663,0.5,0,2022.0,2024-07-31
ollama:phi4:14b,D+T,NCT04584034,0.55,0,2021.0,2023-04-30
ollama:phi4:14b,D+T,NCT05133180,0.5,1,2022.0,2022-12-19
ollama:phi4:14b,D+T,NCT05313386,0.4,0,2021.0,2022-02-21
ollama:phi4:14b,D+T,NCT01280669,0.45,0,2022.0,2024-12-31
ollama:phi4:14b,D+T,NCT05288283,0.5,0,2022.0,2023-09-28
ollama:phi4:14b,D+T,NCT04904185,0.3,0,2021.0,2024-07-02
ollama:phi4:14b,D+T,NCT05143489,0.6,0,2022.0,2024-04-17
ollama:phi4:14b,D+T,NCT05120960,0.35,0,2023.0,2024-04-12
ollama:phi4:14b,D+T,NCT04782245,0.4,0,2022.0,2024-04-30
ollama:phi4:14b,D+T,NCT05369390,0.3,1,2022.0,2024-01-09
ollama:phi4:14b,D+T,NCT05124795,0.45,0,2021.0,2023-05-31
ollama:phi4:14b,D+T,NCT02432417,0.35,0,2023.0,2023-11-10
ollama:phi4:14b,D+T,NCT04601610,0.4,0,2021.0,2022-05-30
ollama:phi4:14b,D+T,NCT04707352,0.55,1,2021.0,2023-03-26
ollama:phi4:14b,D+T,NCT04598321,0.5,0,2021.0,2022-12-06
ollama:phi4:14b,D+T,NCT06187376,0.45,0,2024.0,2024-07-16
ollama:phi4:14b,D+T,NCT03400306,0.4,0,2021.0,2021-11-16
ollama:phi4:14b,D+T,NCT05075538,0.6,0,2021.0,2024-01-08
ollama:phi4:14b,D+T,NCT04491084,0.55,0,2021.0,2022-08-18
ollama:phi4:14b,D+T,NCT05320380,0.3,0,2023.0,2023-09-01
ollama:phi4:14b,D+T,NCT04809012,0.25,0,2021.0,2024-06-30
ollama:phi4:14b,D+T,NCT04932915,0.35,0,2021.0,2022-01-10
ollama:phi4:14b,D+T,NCT04951492,0.2,0,2022.0,2023-10-15
ollama:phi4:14b,D+T,NCT05201703,0.4,0,2022.0,2023-12-15
ollama:phi4:14b,D+T,NCT05261490,0.28,0,2022.0,2024-02-15
ollama:phi4:14b,D+T,NCT05077930,0.22,0,2022.0,2022-04-07
ollama:phi4:14b,D+T,NCT05639192,0.18,0,2022.0,2023-08-18
ollama:phi4:14b,D+T,NCT04536181,0.32,0,2021.0,2022-10-01
ollama:phi4:14b,D+T,NCT04719832,0.45,1,2021.0,2023-11-21
ollama:phi4:14b,D+T,NCT04853355,0.38,0,2022.0,2022-10-31
ollama:phi4:14b,D+T,NCT05628545,0.27,0,2021.0,2024-10-31
ollama:phi4:14b,D+T,NCT04732429,0.29,0,2021.0,2023-10-20
ollama:phi4:14b,D+T,NCT05550363,0.33,0,2022.0,2023-09-30
ollama:phi4:14b,D+T,NCT04034004,0.37,1,2021.0,2022-12-22
ollama:phi4:14b,D+T,NCT05132569,0.26,0,2021.0,2023-02-21
ollama:phi4:14b,D+T,NCT05553639,0.31,0,2023.0,2024-04-29
ollama:phi4:14b,D+T,NCT04518137,0.24,0,2021.0,2022-05-30
ollama:phi4:14b,D+T,NCT05447507,0.42,1,2022.0,2022-10-26
ollama:phi4:14b,D+T,NCT04983407,0.21,0,2021.0,2023-08-14
ollama:phi4:14b,D+T,NCT04952571,0.23,0,2021.0,2022-12-31
ollama:phi4:14b,D+T,NCT04602117,0.19,0,2021.0,2021-11-17
ollama:phi4:14b,D+T,NCT05830747,0.36,1,2022.0,2022-12-10
ollama:phi4:14b,D+T,NCT04707534,0.41,1,2021.0,2022-03-04
ollama:phi4:14b,D+T,NCT04782661,0.26,0,2022.0,2022-09-23
ollama:phi4:14b,D+T,NCT04933240,0.45,0,2022.0,2024-12-31
ollama:phi4:14b,D+T,NCT04223661,0.5,0,2021.0,2023-12-31
ollama:phi4:14b,D+T,NCT05062083,0.4,0,2022.0,2024-01-30
ollama:phi4:14b,D+T,NCT04372940,0.5,0,2023.0,2024-01-31
ollama:phi4:14b,D+T,NCT05654870,0.35,0,2023.0,2023-11-08
ollama:phi4:14b,D+T,NCT04684121,0.55,0,2022.0,2024-08-01
ollama:phi4:14b,D+T,NCT04030052,0.6,0,2022.0,2023-01-19
ollama:phi4:14b,D+T,NCT04650854,0.65,1,2021.0,2024-01-25
ollama:phi4:14b,D+T,NCT05292755,0.5,1,2022.0,2022-07-01
ollama:phi4:14b,D+T,NCT03674320,0.45,0,2021.0,2024-12-01
ollama:phi4:14b,D+T,NCT05743777,0.5,0,2023.0,2023-05-12
ollama:phi4:14b,D+T,NCT05411575,0.4,0,2022.0,2022-10-31
ollama:phi4:14b,D+T,NCT05109650,0.3,0,2021.0,2023-03-23
ollama:phi4:14b,D+T,NCT04346394,0.35,0,2021.0,2023-08-01
ollama:phi4:14b,D+T,NCT05254808,0.5,0,2021.0,2022-02-14
ollama:phi4:14b,D+T,NCT05286853,0.45,0,2024.0,2024-09-03
ollama:phi4:14b,D+T,NCT05137717,0.55,1,2022.0,2023-06-27
ollama:phi4:14b,D+T,NCT04001998,0.5,0,2021.0,2021-07-31
ollama:phi4:14b,D+T,NCT04711863,0.6,0,2021.0,2021-07-31
ollama:phi4:14b,D+T,NCT05157360,0.4,0,2021.0,2023-05-16
ollama:phi4:14b,D+T,NCT05375604,0.3,0,2022.0,2023-05-30
ollama:phi4:14b,D+T,NCT04476329,0.45,0,2021.0,2021-12-10
ollama:phi4:14b,D+T,NCT05442775,0.65,0,2022.0,2023-06-07
ollama:phi4:14b,D+T,NCT04521946,0.25,0,2021.0,2022-12-20
ollama:phi4:14b,D+T,NCT04530877,0.5,0,2022.0,2024-09-30
ollama:phi4:14b,D+T,NCT06102174,0.3,0,2024.0,2024-09-03
ollama:phi4:14b,D+T,NCT04119830,0.25,0,2022.0,2024-02-01
ollama:phi4:14b,D+T,NCT05016934,0.35,0,2021.0,2022-04-20
ollama:phi4:14b,D+T,NCT04005989,0.2,0,2021.0,2022-12-20
ollama:phi4:14b,D+T,NCT05387577,0.15,0,2021.0,2022-11-23
ollama:phi4:14b,D+T,NCT04892043,0.28,0,2021.0,2023-11-02
ollama:phi4:14b,D+T,NCT05304130,0.32,0,2023.0,2023-05-04
ollama:phi4:14b,D+T,NCT04879823,0.4,0,2021.0,2023-07-11
ollama:phi4:14b,D+T,NCT05183360,0.27,0,2022.0,2024-08-08
ollama:phi4:14b,D+T,NCT05101915,0.22,0,2021.0,2024-04-23
ollama:phi4:14b,D+T,NCT03992443,0.29,0,2022.0,2022-03-18
ollama:phi4:14b,D+T,NCT05478252,0.38,1,2022.0,2023-09-18
ollama:phi4:14b,D+T,NCT04894474,0.33,0,2021.0,2022-07-24
ollama:phi4:14b,D+T,NCT05134727,0.31,1,2021.0,2023-03-31
ollama:phi4:14b,D+T,NCT04648189,0.26,0,2022.0,2022-09-19
ollama:phi4:14b,D+T,NCT04386252,0.34,0,2023.0,2024-01-31
ollama:phi4:14b,D+T,NCT04936971,0.18,0,2021.0,2021-09-30
ollama:phi4:14b,D+T,NCT05249569,0.24,0,2022.0,2022-12-30
ollama:phi4:14b,D+T,NCT04869943,0.37,0,2021.0,2024-01-09
ollama:phi4:14b,D+T,NCT04677426,0.21,0,2022.0,2022-08-01
ollama:phi4:14b,D+T,NCT03550352,0.23,0,2021.0,2022-05-31
ollama:phi4:14b,D+T,NCT05571540,0.36,0,2022.0,2024-10-31
ollama:phi4:14b,D+T,NCT04895046,0.19,0,2021.0,2023-09-30
ollama:phi4:14b,D+T,NCT05010954,0.42,1,2021.0,2022-09-28
ollama:phi4:14b,D+T,NCT04674748,0.29,0,2021.0,2022-05-13
ollama:phi4:14b,D+T,NCT05502081,0.65,1,2022.0,2022-12-28
ollama:phi4:14b,D+T,NCT05097014,0.55,1,2021.0,2023-02-24
ollama:phi4:14b,D+T,NCT05330689,0.5,0,2022.0,2022-09-07
ollama:phi4:14b,D+T,NCT03582085,0.45,0,2022.0,2023-01-01
ollama:phi4:14b,D+T,NCT04835714,0.6,0,2021.0,2022-01-18
ollama:phi4:14b,D+T,NCT05399368,0.7,0,2022.0,2024-05-24
ollama:phi4:14b,D+T,NCT05542095,0.4,0,2023.0,2023-05-01
ollama:phi4:14b,D+T,NCT05270460,0.5,1,2022.0,2022-10-06
ollama:phi4:14b,D+T,NCT03986086,0.45,0,2021.0,2023-12-31
ollama:phi4:14b,D+T,NCT04846231,0.5,1,2021.0,2022-07-19
ollama:phi4:14b,D+T,NCT04188639,0.6,1,2021.0,2023-01-04
ollama:phi4:14b,D+T,NCT04604678,0.5,0,2021.0,2021-10-31
ollama:phi4:14b,D+T,NCT05513391,0.75,0,2022.0,2023-10-03
ollama:phi4:14b,D+T,NCT05664100,0.55,0,2022.0,2023-04-12
ollama:phi4:14b,D+T,NCT04697056,0.5,0,2021.0,2021-11-19
ollama:phi4:14b,D+T,NCT05205837,0.45,0,2021.0,2023-08-15
ollama:phi4:14b,D+T,NCT04614051,0.6,0,2021.0,2022-05-10
ollama:phi4:14b,D+T,NCT05540665,0.55,0,2023.0,2024-01-04
ollama:phi4:14b,D+T,NCT05281562,0.5,0,2022.0,2023-03-20
ollama:phi4:14b,D+T,NCT03814109,0.5,0,2022.0,2024-01-31
ollama:phi4:14b,D+T,NCT05705167,0.55,0,2023.0,2024-04-19
ollama:phi4:14b,D+T,NCT05359081,0.7,0,2022.0,2024-03-28
ollama:phi4:14b,D+T,NCT05110781,0.5,0,2021.0,2023-04-18
ollama:phi4:14b,D+T,NCT04911790,0.8,1,2021.0,2023-08-31
ollama:phi4:14b,D+T,NCT05424380,0.6,0,2022.0,2024-03-04
ollama:phi4:14b,D+T,NCT05492695,0.5,0,2022.0,2023-09-28
ollama:phi4:14b,D+T,NCT05652907,0.5,0,2023.0,2023-05-24
ollama:phi4:14b,D+T,NCT05966584,0.5,0,2023.0,2024-08-02
ollama:phi4:14b,D+T,NCT04648319,0.5,0,2021.0,2022-01-17
ollama:phi4:14b,D+T,NCT05738161,0.5,0,2023.0,2024-02-27
ollama:phi4:14b,D+T,NCT05015972,0.5,0,2021.0,2023-12-31
ollama:phi4:14b,D+T,NCT04999488,0.5,0,2023.0,2024-12-31
ollama:phi4:14b,D+T,NCT04891133,0.5,0,2021.0,2023-01-23
ollama:phi4:14b,D+T,NCT05731492,0.5,0,2024.0,2024-04-01
ollama:phi4:14b,D+T,NCT04950114,0.5,0,2021.0,2022-11-02
ollama:phi4:14b,D+T,NCT04984278,0.5,0,2021.0,2022-11-11
ollama:phi4:14b,D+T,NCT04054752,0.5,0,2023.0,2023-11-01
ollama:phi4:14b,D+T,NCT05457491,0.5,0,2021.0,2022-07-07
ollama:phi4:14b,D+T,NCT03944902,0.5,0,2021.0,2022-01-05
ollama:phi4:14b,D+T,NCT05167526,0.5,0,2022.0,2022-11-10
ollama:phi4:14b,D+T,NCT04920578,0.5,0,2021.0,2023-02-27
ollama:phi4:14b,D+T,NCT05021484,0.5,1,2021.0,2024-03-07
ollama:phi4:14b,D+T,NCT04627831,0.5,0,2022.0,2023-04-30
ollama:phi4:14b,D+T,NCT04476628,0.5,0,2021.0,2022-02-28
ollama:phi4:14b,D+T,NCT04944654,0.5,0,2023.0,2023-05-11
ollama:phi4:14b,D+T,NCT05665647,0.5,1,2022.0,2023-02-14
ollama:phi4:14b,D+T,NCT06061081,0.5,0,2023.0,2024-11-04
ollama:phi4:14b,D+T,NCT04684381,0.5,1,2021.0,2021-06-30
ollama:phi4:14b,D+T,NCT05155020,0.5,0,2022.0,2022-08-05
ollama:phi4:14b,D+T,NCT05141357,0.5,0,2022.0,2023-04-19
ollama:phi4:14b,D+T,NCT04853329,0.3,0,2021.0,2024-12-31
ollama:phi4:14b,D+T,NCT05008510,0.35,0,2021.0,2023-06-30
ollama:phi4:14b,D+T,NCT04492436,0.4,0,2021.0,2024-07-31
ollama:phi4:14b,D+T,NCT05757492,0.3,0,2023.0,2024-07-31
ollama:phi4:14b,D+T,NCT04834973,0.25,0,2021.0,2022-07-12
ollama:phi4:14b,D+T,NCT04981717,0.5,0,2021.0,2023-04-24
ollama:phi4:14b,D+T,NCT04531865,0.2,0,2021.0,2022-10-01
ollama:phi4:14b,D+T,NCT05039931,0.25,0,2021.0,2023-06-30
ollama:phi4:14b,D+T,NCT05020665,0.4,0,2021.0,2023-03-30
ollama:phi4:14b,D+T,NCT05238896,0.15,0,2022.0,2023-03-31
ollama:phi4:14b,D+T,NCT05412706,0.3,0,2023.0,2023-09-04
ollama:phi4:14b,D+T,NCT05227456,0.2,0,2022.0,2024-04-30
ollama:phi4:14b,D+T,NCT04931511,0.15,0,2021.0,2022-09-01
ollama:phi4:14b,D+T,NCT04084678,0.45,0,2021.0,2023-04-12
ollama:phi4:14b,D+T,NCT05147415,0.3,0,2021.0,2022-12-09
ollama:phi4:14b,D+T,NCT04849377,0.35,0,2022.0,2022-06-14
ollama:phi4:14b,D+T,NCT05284019,0.4,0,2022.0,2023-04-14
ollama:phi4:14b,D+T,NCT04410042,0.45,0,2021.0,2024-01-16
ollama:phi4:14b,D+T,NCT04634344,0.25,0,2021.0,2022-05-05
ollama:phi4:14b,D+T,NCT04947579,0.4,0,2021.0,2023-02-21
ollama:phi4:14b,D+T,NCT05079360,0.35,0,2023.0,2024-05-26
ollama:phi4:14b,D+T,NCT05262101,0.2,0,2022.0,2023-11-30
ollama:phi4:14b,D+T,NCT05284604,0.25,0,2023.0,2023-01-31
ollama:phi4:14b,D+T,NCT05233410,0.5,0,2023.0,2024-09-22
ollama:phi4:14b,D+T,NCT04650399,0.6,1,2022.0,2024-02-15
ollama:phi4:14b,D+T,NCT05250856,0.3,0,2022.0,2023-12-12
ollama:phi4:14b,D+T,NCT05406765,0.4,1,2022.0,2022-10-07
ollama:phi4:14b,D+T,NCT04459338,0.35,1,2021.0,2022-06-14
ollama:phi4:14b,D+T,NCT04829214,0.5,1,2021.0,2022-06-30
ollama:phi4:14b,D+T,NCT05152849,0.45,0,2021.0,2022-06-29
ollama:phi4:14b,D+T,NCT05066698,0.5,0,2022.0,2022-09-07
ollama:phi4:14b,D+T,NCT05111249,0.4,0,2021.0,2023-10-27
ollama:phi4:14b,D+T,NCT05118763,0.35,0,2022.0,2022-12-31
ollama:phi4:14b,D+T,NCT04684550,0.3,0,2021.0,2021-08-15
ollama:phi4:14b,D+T,NCT06115460,0.4,1,2022.0,2023-06-15
ollama:phi4:14b,D+T,NCT04386239,0.25,0,2021.0,2023-01-01
ollama:phi4:14b,D+T,NCT05293509,0.3,0,2022.0,2023-09-18
ollama:phi4:14b,D+T,NCT04828174,0.2,0,2021.0,2023-11-26
ollama:phi4:14b,D+T,NCT04969991,0.35,0,2021.0,2022-11-22
ollama:phi4:14b,D+T,NCT04557475,0.3,0,2022.0,2023-06-11
ollama:phi4:14b,D+T,NCT05005910,0.55,1,2021.0,2022-12-01
ollama:phi4:14b,D+T,NCT05009732,0.5,0,2021.0,2023-07-14
ollama:phi4:14b,D+T,NCT03634488,0.45,1,2021.0,2022-11-09
ollama:phi4:14b,D+T,NCT05110599,0.3,0,2022.0,2023-10-01
ollama:phi4:14b,D+T,NCT03125187,0.4,0,2021.0,2022-11-10
ollama:phi4:14b,D+T,NCT04920331,0.25,0,2021.0,2022-02-04
ollama:phi4:14b,D+T,NCT04953052,0.35,0,2021.0,2022-11-30
ollama:phi4:14b,D+T,NCT04037241,0.3,0,2021.0,2022-01-01
ollama:phi4:14b,D+T,NCT05094050,0.4,1,2022.0,2023-03-17
ollama:phi4:14b,D+T,NCT04766996,0.45,0,2021.0,2021-12-27
ollama:phi4:14b,D+T,NCT04243941,0.45,0,2022.0,2024-02-07
ollama:phi4:14b,D+T,NCT05027867,0.4,0,2021.0,2022-08-26
ollama:phi4:14b,D+T,NCT06056310,0.35,0,2024.0,2024-08-20
ollama:phi4:14b,D+T,NCT05814523,0.5,0,2024.0,2024-08-31
ollama:phi4:14b,D+T,NCT05275400,0.6,1,2022.0,2024-05-15
ollama:phi4:14b,D+T,NCT05214196,0.3,0,2021.0,2021-12-07
ollama:phi4:14b,D+T,NCT04235322,0.4,0,2021.0,2023-04-18
ollama:phi4:14b,D+T,NCT04946864,0.45,0,2021.0,2024-10-01
ollama:phi4:14b,D+T,NCT04761822,0.55,1,2021.0,2022-04-27
ollama:phi4:14b,D+T,NCT05038982,0.5,1,2021.0,2022-07-11
ollama:phi4:14b,D+T,NCT04762225,0.35,0,2021.0,2022-10-11
ollama:phi4:14b,D+T,NCT05554627,0.4,0,2023.0,2023-10-27
ollama:phi4:14b,D+T,NCT04932941,0.45,1,2021.0,2022-09-05
ollama:phi4:14b,D+T,NCT04880213,0.35,1,2021.0,2021-11-23
ollama:phi4:14b,D+T,NCT06484881,0.3,0,2024.0,2024-10-10
ollama:phi4:14b,D+T,NCT04077749,0.25,0,2021.0,2021-09-15
ollama:phi4:14b,D+T,NCT04707703,0.4,0,2021.0,2021-10-25
ollama:phi4:14b,D+T,NCT05074433,0.55,0,2021.0,2022-05-18
ollama:phi4:14b,D+T,NCT05652660,0.35,1,2022.0,2023-03-06
ollama:phi4:14b,D+T,NCT05017103,0.4,0,2021.0,2024-02-20
ollama:phi4:14b,D+T,NCT04725240,0.45,1,2021.0,2022-06-28
ollama:phi4:14b,D+T,NCT05283954,0.3,0,2022.0,2022-07-30
ollama:phi4:14b,D+T,NCT05128773,0.5,0,2022.0,2022-10-13
ollama:phi4:14b,D+T,NCT05136833,0.4,0,2021.0,2022-12-31
ollama:phi4:14b,D+T,NCT04732169,0.3,0,2021.0,2021-07-09
ollama:phi4:14b,D+T,NCT04907968,0.3,0,2021.0,2023-10-03
ollama:phi4:14b,D+T,NCT05418673,0.4,0,2022.0,2023-07-27
ollama:phi4:14b,D+T,NCT04863014,0.35,0,2021.0,2023-02-15
ollama:phi4:14b,D+T,NCT04391868,0.9,0,2021.0,2021-04-28
ollama:phi4:14b,D+T,NCT05405686,0.25,0,2023.0,2024-08-01
ollama:phi4:14b,D+T,NCT05101122,0.3,1,2021.0,2022-04-18
ollama:phi4:14b,D+T,NCT05030350,0.5,0,2021.0,2022-09-23
ollama:phi4:14b,D+T,NCT05179603,0.3,0,2021.0,2024-09-06
ollama:phi4:14b,D+T,NCT04120987,0.4,0,2021.0,2022-06-25
ollama:phi4:14b,D+T,NCT06049329,0.3,1,2023.0,2023-12-15
ollama:phi4:14b,D+T,NCT05153408,0.3,0,2022.0,2022-12-09
ollama:phi4:14b,D+T,NCT04816071,0.3,0,2021.0,2021-05-01
ollama:phi4:14b,D+T,NCT04786600,0.3,0,2022.0,2024-03-19
ollama:phi4:14b,D+T,NCT05264922,0.3,0,2022.0,2022-07-22
ollama:phi4:14b,D+T,NCT04783766,0.3,1,2021.0,2021-08-05
ollama:phi4:14b,D+T,NCT04527549,0.35,0,2021.0,2024-01-08
ollama:phi4:14b,D+T,NCT05059301,0.7,1,2021.0,2022-06-30
ollama:phi4:14b,D+T,NCT04964388,0.3,0,2021.0,2023-07-01
ollama:phi4:14b,D+T,NCT05053126,0.4,1,2021.0,2022-04-01
ollama:phi4:14b,D+T,NCT05298202,0.3,1,2022.0,2022-10-01
ollama:phi4:14b,D+T,NCT06021119,0.35,1,2023.0,2023-04-21
ollama:phi4:14b,D+T,NCT05119712,0.25,0,2021.0,2024-10-15
ollama:phi4:14b,D+T,NCT04797468,0.3,0,2022.0,2023-01-13
ollama:phi4:14b,D+T,NCT04641273,0.35,0,2021.0,2021-10-18
ollama:phi4:14b,D+T,NCT05013385,0.3,0,2021.0,2022-05-31
ollama:phi4:14b,D+T,NCT04764630,0.3,1,2021.0,2021-03-20
ollama:phi4:14b,D+T,NCT05552859,0.7,0,2022.0,2023-08-04
ollama:phi4:14b,D+T,NCT06178367,0.4,1,2023.0,2023-09-30
ollama:phi4:14b,D+T,NCT04756427,0.5,0,2022.0,2023-11-28
ollama:phi4:14b,D+T,NCT05362058,0.8,1,2022.0,2024-04-10
ollama:phi4:14b,D+T,NCT04290871,0.35,0,2023.0,2024-04-01
ollama:phi4:14b,D+T,NCT06065059,0.25,0,2023.0,2024-05-22
ollama:phi4:14b,D+T,NCT03281681,0.45,0,2021.0,2022-09-30
ollama:phi4:14b,D+T,NCT04898309,0.6,0,2021.0,2023-05-31
ollama:phi4:14b,D+T,NCT06329687,0.55,0,2024.0,2024-02-28
ollama:phi4:14b,D+T,NCT04978818,0.65,1,2022.0,2023-10-26
ollama:phi4:14b,D+T,NCT03792295,0.4,0,2021.0,2022-07-01
ollama:phi4:14b,D+T,NCT05525455,0.3,0,2022.0,2023-09-07
ollama:phi4:14b,D+T,NCT04430283,0.35,0,2021.0,2022-03-04
ollama:phi4:14b,D+T,NCT04862416,0.25,1,2021.0,2022-06-29
ollama:phi4:14b,D+T,NCT04511026,0.5,0,2021.0,2021-06-10
ollama:phi4:14b,D+T,NCT04934670,0.7,0,2022.0,2023-01-19
ollama:phi4:14b,D+T,NCT05703555,0.3,0,2024.0,2024-02-16
ollama:phi4:14b,D+T,NCT05181995,0.75,0,2021.0,2023-03-30
ollama:phi4:14b,D+T,NCT04661917,0.45,0,2021.0,2022-05-19
ollama:phi4:14b,D+T,NCT05076422,0.6,0,2021.0,2023-03-03
ollama:phi4:14b,D+T,NCT04607252,0.5,0,2021.0,2021-06-03
ollama:phi4:14b,D+T,NCT05061537,0.3,0,2021.0,2022-10-14
ollama:phi4:14b,D+T,NCT04801641,0.4,0,2021.0,2023-08-14
ollama:phi4:14b,D+T,NCT04963413,0.35,0,2022.0,2023-09-28
ollama:phi4:14b,D+T,NCT04804254,0.3,0,2021.0,2023-01-11
ollama:phi4:14b,D+T,NCT05006417,0.4,0,2022.0,2022-11-23
ollama:phi4:14b,D+T,NCT06079320,0.35,0,2023.0,2024-09-30
ollama:phi4:14b,D+T,NCT05099549,0.25,0,2021.0,2023-09-21
ollama:phi4:14b,D+T,NCT05299580,0.3,0,2021.0,2023-03-30
ollama:phi4:14b,D+T,NCT05979415,0.35,0,2023.0,2024-02-28
ollama:phi4:14b,D+T,NCT05926440,0.4,0,2023.0,2023-08-17
ollama:phi4:14b,D+T,NCT05043987,0.25,0,2022.0,2022-11-16
ollama:phi4:14b,D+T,NCT05047640,0.45,0,2021.0,2022-10-25
ollama:phi4:14b,D+T,NCT05961007,0.4,0,2021.0,2024-04-30
ollama:phi4:14b,D+T,NCT05481489,0.3,0,2023.0,2023-04-24
ollama:phi4:14b,D+T,NCT05516849,0.35,0,2022.0,2023-08-03
ollama:phi4:14b,D+T,NCT05229900,0.25,0,2022.0,2023-12-13
ollama:phi4:14b,D+T,NCT05368558,0.35,0,2022.0,2024-09-20
ollama:phi4:14b,D+T,NCT02811133,0.3,0,2023.0,2023-10-04
ollama:phi4:14b,D+T,NCT05544734,0.4,1,2022.0,2023-06-01
ollama:phi4:14b,D+T,NCT05434091,0.25,0,2022.0,2023-03-29
ollama:phi4:14b,D+T,NCT04262193,0.3,0,2021.0,2024-07-30
ollama:phi4:14b,D+T,NCT06090318,0.25,0,2023.0,2023-05-30
ollama:phi4:14b,D+T,NCT05517837,0.2,0,2022.0,2023-07-14
ollama:phi4:14b,D+T,NCT04860466,0.25,0,2022.0,2024-07-31
ollama:phi4:14b,D+T,NCT04632940,0.5,0,2021.0,2023-12-14
ollama:phi4:14b,D+T,NCT04166734,0.3,0,2021.0,2023-07-25
ollama:phi4:14b,D+T,NCT04630158,0.35,1,2021.0,2023-06-08
ollama:phi4:14b,D+T,NCT05240560,0.3,0,2023.0,2024-02-08
ollama:phi4:14b,D+T,NCT04804033,0.65,0,2021.0,2024-03-21
ollama:phi4:14b,D+T,NCT05156645,0.4,0,2022.0,2022-12-01
ollama:phi4:14b,D+T,NCT05226390,0.3,0,2022.0,2023-11-21
ollama:phi4:14b,D+T,NCT04560309,0.5,1,2021.0,2021-11-23
ollama:phi4:14b,D+T,NCT04800627,0.35,0,2021.0,2022-11-03
ollama:phi4:14b,D+T,NCT04446637,0.6,0,2021.0,2022-09-03
ollama:phi4:14b,D+T,NCT04161118,0.45,0,2021.0,2023-02-24
ollama:phi4:14b,D+T,NCT05441930,0.55,0,2023.0,2024-03-14
ollama:phi4:14b,D+T,NCT04894123,0.4,0,2022.0,2023-02-13
ollama:phi4:14b,D+T,NCT04752566,0.7,1,2021.0,2022-08-03
ollama:phi4:14b,D+T,NCT05008913,0.25,0,2021.0,2021-11-16
ollama:phi4:14b,D+T,NCT05213143,0.75,0,2021.0,2022-11-18
ollama:phi4:14b,D+T,NCT04928430,0.8,0,2021.0,2022-11-28
ollama:phi4:14b,D+T,NCT04760782,0.35,0,2022.0,2023-08-14
ollama:phi4:14b,D+T,NCT04991688,0.45,0,2021.0,2023-03-03
ollama:phi4:14b,D+T,NCT05808881,0.65,0,2023.0,2024-05-31
ollama:phi4:14b,D+T,NCT04871737,0.5,1,2021.0,2022-09-30
ollama:phi4:14b,D+T,NCT04818736,0.3,0,2021.0,2021-12-31
ollama:phi4:14b,D+T,NCT05437419,0.4,1,2022.0,2023-07-27
ollama:phi4:14b,D+T,NCT04634253,0.6,1,2021.0,2022-06-29
ollama:phi4:14b,D+T,NCT05251038,0.35,0,2022.0,2023-01-31
ollama:phi4:14b,D+T,NCT04957290,0.5,0,2021.0,2023-06-07
ollama:phi4:14b,D+T,NCT04536077,0.4,0,2021.0,2023-11-21
ollama:phi4:14b,D+T,NCT04665921,0.45,0,2021.0,2024-03-01
ollama:phi4:14b,D+T,NCT04676867,0.7,1,2021.0,2021-05-17
ollama:phi4:14b,D+T,NCT05592223,0.3,0,2022.0,2023-12-01
ollama:phi4:14b,D+T,NCT04788511,0.7,1,2021.0,2023-04-18
ollama:phi4:14b,D+T,NCT06046482,0.4,0,2023.0,2024-08-26
ollama:phi4:14b,D+T,NCT04814537,0.5,1,2021.0,2022-03-23
ollama:phi4:14b,D+T,NCT05097651,0.35,0,2021.0,2023-08-31
ollama:phi4:14b,D+T,NCT05546411,0.45,0,2023.0,2023-10-13
ollama:phi4:14b,D+T,NCT05703464,0.55,0,2023.0,2023-03-03
ollama:phi4:14b,D+T,NCT04927169,0.6,0,2021.0,2022-03-30
ollama:phi4:14b,D+T,NCT04760626,0.75,1,2021.0,2022-08-29
ollama:phi4:14b,D+T,NCT04736602,0.5,1,2021.0,2022-09-03
ollama:phi4:14b,D+T,NCT04652479,0.4,1,2021.0,2022-06-30
ollama:phi4:14b,D+T,NCT05456854,0.35,0,2022.0,2024-08-01
ollama:phi4:14b,D+T,NCT05504486,0.5,0,2022.0,2023-04-05
ollama:phi4:14b,D+T,NCT04770155,0.3,0,2021.0,2021-09-20
ollama:phi4:14b,D+T,NCT05666453,0.65,0,2022.0,2024-07-01
ollama:phi4:14b,D+T,NCT05039190,0.6,1,2021.0,2023-01-14
ollama:phi4:14b,D+T,NCT03720990,0.35,1,2021.0,2023-09-30
ollama:phi4:14b,D+T,NCT05260008,0.7,0,2022.0,2024-01-15
ollama:phi4:14b,D+T,NCT05878704,0.45,0,2023.0,2024-07-29
ollama:phi4:14b,D+T,NCT05497934,0.3,0,2022.0,2024-03-31
ollama:phi4:14b,D+T,NCT05140824,0.55,0,2021.0,2022-12-14
ollama:phi4:14b,D+T,NCT04387617,0.5,1,2021.0,2022-01-31
ollama:phi4:14b,D+T,NCT04218825,0.4,0,2022.0,2023-04-04
ollama:phi4:14b,D+T,NCT03883893,0.45,0,2021.0,2023-04-30
ollama:phi4:14b,D+T,NCT06422377,0.6,0,2024.0,2024-08-14
ollama:phi4:14b,D+T,NCT05006885,0.3,1,2021.0,2022-08-17
ollama:phi4:14b,D+T,NCT05376319,0.25,0,2023.0,2024-05-07
ollama:phi4:14b,D+T,NCT04927975,0.35,1,2021.0,2023-08-29
ollama:phi4:14b,D+T,NCT05157464,0.2,0,2023.0,2024-12-31
ollama:phi4:14b,D+T,NCT03602898,0.25,0,2021.0,2023-09-17
ollama:phi4:14b,D+T,NCT05116046,0.4,0,2021.0,2023-03-30
ollama:phi4:14b,D+T,NCT05014919,0.3,0,2021.0,2022-04-28
ollama:phi4:14b,D+T,NCT04863339,0.25,0,2022.0,2022-04-30
ollama:phi4:14b,D+T,NCT05095246,0.3,0,2022.0,2024-10-30
ollama:phi4:14b,D+T,NCT06181227,0.35,0,2023.0,2024-04-05
ollama:phi4:14b,D+T,NCT05096884,0.2,0,2022.0,2023-09-12
ollama:phi4:14b,D+T,NCT05097079,0.4,0,2021.0,2023-05-31
ollama:phi4:14b,D+T,NCT05222269,0.25,0,2022.0,2023-01-25
ollama:phi4:14b,D+T,NCT05169437,0.3,0,2022.0,2024-08-27
ollama:phi4:14b,D+T,NCT04789330,0.45,0,2021.0,2022-04-01
ollama:phi4:14b,D+T,NCT04327986,0.25,0,2021.0,2022-02-03
ollama:phi4:14b,D+T,NCT03326128,0.2,0,2021.0,2023-07-01
ollama:phi4:14b,D+T,NCT05264506,0.5,0,2022.0,2024-01-26
ollama:phi4:14b,D+T,NCT05625347,0.3,0,2023.0,2023-06-30
ollama:phi4:14b,D+T,NCT04357951,0.25,0,2023.0,2024-09-30
ollama:phi4:14b,D+T,NCT04864522,0.3,0,2023.0,2023-11-30
ollama:phi4:14b,D+T,NCT04896541,0.35,1,2021.0,2022-06-14
ollama:phi4:14b,D+T,NCT04811040,0.3,1,2021.0,2023-10-17
ollama:phi4:14b,D+T,NCT05094206,0.2,0,2022.0,2024-01-29
ollama:phi4:14b,D+T,NCT05165732,0.45,0,2022.0,2023-08-20
ollama:phi4:14b,D+T+ID+S,NCT05035095,0.75,1,2021.0,2023-05-12
ollama:phi4:14b,D+T+ID+S,NCT05744115,0.6,0,2021.0,2022-04-14
ollama:phi4:14b,D+T+ID+S,NCT05253755,0.5,0,2021.0,2022-09-09
ollama:phi4:14b,D+T+ID+S,NCT05003102,0.4,0,2023.0,2023-06-30
ollama:phi4:14b,D+T+ID+S,NCT05674448,0.55,0,2021.0,2023-01-04
ollama:phi4:14b,D+T+ID+S,NCT05695378,0.65,0,2023.0,2024-08-19
ollama:phi4:14b,D+T+ID+S,NCT06085638,0.45,0,2023.0,2023-10-20
ollama:phi4:14b,D+T+ID+S,NCT04320940,0.5,0,2021.0,2023-02-01
ollama:phi4:14b,D+T+ID+S,NCT05060276,0.4,0,2022.0,2024-12-31
ollama:phi4:14b,D+T+ID+S,NCT05622591,0.45,0,2024.0,2024-06-07
ollama:phi4:14b,D+T+ID+S,NCT04748783,0.5,0,2021.0,2021-04-07
ollama:phi4:14b,D+T+ID+S,NCT04406857,0.55,0,2021.0,2023-01-18
ollama:phi4:14b,D+T+ID+S,NCT04478994,0.6,0,2021.0,2022-12-08
ollama:phi4:14b,D+T+ID+S,NCT05607342,0.35,0,2023.0,2023-11-06
ollama:phi4:14b,D+T+ID+S,NCT04629339,0.5,0,2021.0,2024-03-26
ollama:phi4:14b,D+T+ID+S,NCT05139615,0.55,0,2021.0,2022-09-19
ollama:phi4:14b,D+T+ID+S,NCT04108858,0.5,0,2021.0,2022-04-29
ollama:phi4:14b,D+T+ID+S,NCT04355039,0.45,0,2021.0,2024-07-01
ollama:phi4:14b,D+T+ID+S,NCT03709550,0.4,0,2021.0,2024-04-15
ollama:phi4:14b,D+T+ID+S,NCT04243824,0.35,0,2021.0,2022-05-31
ollama:phi4:14b,D+T+ID+S,NCT02133885,0.45,0,2023.0,2024-03-31
ollama:phi4:14b,D+T+ID+S,NCT05044234,0.65,0,2021.0,2022-11-30
ollama:phi4:14b,D+T+ID+S,NCT04672954,0.5,1,2021.0,2021-07-01
ollama:phi4:14b,D+T+ID+S,NCT05098405,0.4,0,2021.0,2024-01-19
ollama:phi4:14b,D+T+ID+S,NCT05542355,0.5,0,2023.0,2024-10-02
ollama:phi4:14b,D+T+ID+S,NCT04631211,0.45,0,2021.0,2022-01-07
ollama:phi4:14b,D+T+ID+S,NCT04791319,0.6,0,2021.0,2022-03-31
ollama:phi4:14b,D+T+ID+S,NCT04200066,0.3,0,2022.0,2024-02-01
ollama:phi4:14b,D+T+ID+S,NCT04391309,0.5,0,2021.0,2022-02-04
ollama:phi4:14b,D+T+ID+S,NCT05563168,0.4,0,2023.0,2024-12-31
ollama:phi4:14b,D+T+ID+S,NCT04961658,0.35,0,2021.0,2024-01-08
ollama:phi4:14b,D+T+ID+S,NCT04625699,0.5,0,2022.0,2023-12-31
ollama:phi4:14b,D+T+ID+S,NCT05356403,0.7,0,2022.0,2024-02-26
ollama:phi4:14b,D+T+ID+S,NCT05378945,0.65,1,2022.0,2023-04-04
ollama:phi4:14b,D+T+ID+S,NCT04759846,0.55,0,2021.0,2023-05-31
ollama:phi4:14b,D+T+ID+S,NCT05767749,0.4,1,2023.0,2023-07-31
ollama:phi4:14b,D+T+ID+S,NCT04746430,0.45,0,2021.0,2021-04-23
ollama:phi4:14b,D+T+ID+S,NCT04773067,0.75,0,2021.0,2022-03-08
ollama:phi4:14b,D+T+ID+S,NCT04834908,0.5,0,2021.0,2022-05-25
ollama:phi4:14b,D+T+ID+S,NCT06281236,0.4,0,2024.0,2024-10-01
ollama:phi4:14b,D+T+ID+S,NCT05156229,0.35,0,2021.0,2022-08-24
ollama:phi4:14b,D+T+ID+S,NCT05266586,0.6,1,2022.0,2022-09-08
ollama:phi4:14b,D+T+ID+S,NCT05303909,0.3,0,2022.0,2024-05-13
ollama:phi4:14b,D+T+ID+S,NCT05178862,0.7,0,2022.0,2024-08-31
ollama:phi4:14b,D+T+ID+S,NCT04596293,0.5,1,2021.0,2022-07-12
ollama:phi4:14b,D+T+ID+S,NCT04588688,0.4,0,2021.0,2021-08-01
ollama:phi4:14b,D+T+ID+S,NCT04900766,0.35,0,2021.0,2023-02-03
ollama:phi4:14b,D+T+ID+S,NCT04709575,0.75,1,2021.0,2021-08-24
ollama:phi4:14b,D+T+ID+S,NCT05121766,0.45,0,2022.0,2023-04-21
ollama:phi4:14b,D+T+ID+S,NCT04521335,0.3,0,2021.0,2022-02-06
ollama:phi4:14b,D+T+ID+S,NCT04795466,0.45,0,2021.0,2024-03-07
ollama:phi4:14b,D+T+ID+S,NCT05085002,0.5,0,2021.0,2023-11-29
ollama:phi4:14b,D+T+ID+S,NCT04443569,0.55,1,2021.0,2022-08-31
ollama:phi4:14b,D+T+ID+S,NCT04644029,0.6,0,2021.0,2024-06-11
ollama:phi4:14b,D+T+ID+S,NCT05366855,0.4,0,2022.0,2024-07-17
ollama:phi4:14b,D+T+ID+S,NCT05494866,0.35,0,2022.0,2024-03-15
ollama:phi4:14b,D+T+ID+S,NCT05567783,0.5,0,2022.0,2023-08-31
ollama:phi4:14b,D+T+ID+S,NCT05077085,0.45,0,2022.0,2024-12-31
ollama:phi4:14b,D+T+ID+S,NCT05244473,0.4,0,2022.0,2024-05-31
ollama:phi4:14b,D+T+ID+S,NCT04263519,0.35,0,2021.0,2023-01-01
ollama:phi4:14b,D+T+ID+S,NCT05420077,0.45,0,2022.0,2023-06-02
ollama:phi4:14b,D+T+ID+S,NCT04358471,0.4,0,2021.0,2023-09-01
ollama:phi4:14b,D+T+ID+S,NCT04822298,0.45,0,2021.0,2022-01-26
ollama:phi4:14b,D+T+ID+S,NCT04834349,0.4,0,2021.0,2022-11-21
ollama:phi4:14b,D+T+ID+S,NCT04736628,0.55,1,2021.0,2023-09-21
ollama:phi4:14b,D+T+ID+S,NCT05064449,0.4,1,2021.0,2021-11-30
ollama:phi4:14b,D+T+ID+S,NCT04674761,0.6,1,2021.0,2022-09-09
ollama:phi4:14b,D+T+ID+S,NCT04498468,0.5,0,2021.0,2023-03-03
ollama:phi4:14b,D+T+ID+S,NCT05238207,0.45,0,2022.0,2023-05-04
ollama:phi4:14b,D+T+ID+S,NCT05029609,0.4,0,2021.0,2022-12-31
ollama:phi4:14b,D+T+ID+S,NCT05083078,0.5,0,2021.0,2022-07-01
ollama:phi4:14b,D+T+ID+S,NCT05629364,0.45,0,2023.0,2024-01-09
ollama:phi4:14b,D+T+ID+S,NCT04637698,0.35,0,2021.0,2023-05-04
ollama:phi4:14b,D+T+ID+S,NCT04876430,0.5,0,2021.0,2022-03-07
ollama:phi4:14b,D+T+ID+S,NCT04861948,0.4,0,2021.0,2022-07-30
ollama:phi4:14b,D+T+ID+S,NCT04740931,0.75,1,2021.0,2023-07-12
ollama:phi4:14b,D+T+ID+S,NCT05510843,0.3,0,2022.0,2023-04-04
ollama:phi4:14b,D+T+ID+S,NCT04842292,0.2,0,2021.0,2021-09-04
ollama:phi4:14b,D+T+ID+S,NCT05162066,0.4,0,2022.0,2022-09-23
ollama:phi4:14b,D+T+ID+S,NCT05506930,0.25,0,2022.0,2024-05-10
ollama:phi4:14b,D+T+ID+S,NCT05682222,0.35,1,2022.0,2022-10-14
ollama:phi4:14b,D+T+ID+S,NCT05135650,0.2,0,2022.0,2023-01-10
ollama:phi4:14b,D+T+ID+S,NCT05238844,0.45,0,2022.0,2022-05-25
ollama:phi4:14b,D+T+ID+S,NCT04731298,0.3,0,2021.0,2022-04-21
ollama:phi4:14b,D+T+ID+S,NCT04639024,0.25,0,2021.0,2022-11-03
ollama:phi4:14b,D+T+ID+S,NCT05717400,0.2,0,2023.0,2024-08-29
ollama:phi4:14b,D+T+ID+S,NCT05155085,0.6,0,2022.0,2024-04-17
ollama:phi4:14b,D+T+ID+S,NCT05569512,0.2,0,2022.0,2023-12-06
ollama:phi4:14b,D+T+ID+S,NCT04954326,0.5,1,2021.0,2022-05-20
ollama:phi4:14b,D+T+ID+S,NCT04052139,0.25,1,2021.0,2021-12-15
ollama:phi4:14b,D+T+ID+S,NCT04325503,0.2,1,2021.0,2022-06-30
ollama:phi4:14b,D+T+ID+S,NCT04773587,0.7,1,2021.0,2022-08-30
ollama:phi4:14b,D+T+ID+S,NCT05041101,0.3,0,2021.0,2024-09-06
ollama:phi4:14b,D+T+ID+S,NCT05162365,0.55,0,2022.0,2022-11-18
ollama:phi4:14b,D+T+ID+S,NCT03095404,0.25,0,2021.0,2022-02-28
ollama:phi4:14b,D+T+ID+S,NCT04354103,0.3,0,2022.0,2024-01-19
ollama:phi4:14b,D+T+ID+S,NCT06137651,0.25,0,2023.0,2024-03-27
ollama:phi4:14b,D+T+ID+S,NCT05673109,0.35,0,2023.0,2023-10-08
ollama:phi4:14b,D+T+ID+S,NCT04737109,0.4,0,2021.0,2022-08-15
ollama:phi4:14b,D+T+ID+S,NCT05694013,0.5,0,2023.0,2024-07-04
ollama:phi4:14b,D+T+ID+S,NCT05469802,0.5,0,2024.0,2024-07-05
ollama:phi4:14b,D+T+ID+S,NCT05489991,0.5,0,2022.0,2023-05-03
ollama:phi4:14b,D+T+ID+S,NCT04497038,0.5,0,2021.0,2023-05-02
ollama:phi4:14b,D+T+ID+S,NCT05065411,0.5,0,2022.0,2024-01-09
ollama:phi4:14b,D+T+ID+S,NCT05447364,0.5,1,2021.0,2024-03-01
ollama:phi4:14b,D+T+ID+S,NCT05160558,0.5,0,2022.0,2023-07-25
ollama:phi4:14b,D+T+ID+S,NCT05198349,0.5,0,2022.0,2023-08-10
ollama:phi4:14b,D+T+ID+S,NCT04741204,0.5,0,2022.0,2022-09-30
ollama:phi4:14b,D+T+ID+S,NCT04855591,0.5,0,2021.0,2021-11-18
ollama:phi4:14b,D+T+ID+S,NCT04611139,0.5,0,2021.0,2024-06-30
ollama:phi4:14b,D+T+ID+S,NCT04475991,0.5,0,2021.0,2022-03-25
ollama:phi4:14b,D+T+ID+S,NCT05182840,0.5,1,2022.0,2023-07-10
ollama:phi4:14b,D+T+ID+S,NCT05788185,0.5,0,2023.0,2023-09-21
ollama:phi4:14b,D+T+ID+S,NCT04309721,0.5,0,2022.0,2023-11-13
ollama:phi4:14b,D+T+ID+S,NCT05760703,0.5,0,2023.0,2023-12-11
ollama:phi4:14b,D+T+ID+S,NCT04682366,0.5,0,2021.0,2022-11-10
ollama:phi4:14b,D+T+ID+S,NCT04938180,0.5,0,2021.0,2022-05-17
ollama:phi4:14b,D+T+ID+S,NCT06301308,0.5,0,2023.0,2024-02-29
ollama:phi4:14b,D+T+ID+S,NCT05609045,0.5,0,2023.0,2023-12-31
ollama:phi4:14b,D+T+ID+S,NCT04985825,0.5,0,2021.0,2022-08-17
ollama:phi4:14b,D+T+ID+S,NCT05053035,0.5,0,2021.0,2022-10-28
ollama:phi4:14b,D+T+ID+S,NCT05032118,0.5,0,2023.0,2023-04-27
ollama:phi4:14b,D+T+ID+S,NCT05835011,0.5,0,2023.0,2023-08-21
ollama:phi4:14b,D+T+ID+S,NCT05137002,0.5,0,2021.0,2022-10-10
ollama:phi4:14b,D+T+ID+S,NCT04994002,0.5,0,2021.0,2022-06-30
ollama:phi4:14b,D+T+ID+S,NCT05556265,0.65,0,2022.0,2024-05-16
ollama:phi4:14b,D+T+ID+S,NCT04629703,0.6,0,2021.0,2022-09-05
ollama:phi4:14b,D+T+ID+S,NCT05061992,0.55,1,2021.0,2022-11-01
ollama:phi4:14b,D+T+ID+S,NCT03532958,0.5,0,2021.0,2022-11-30
ollama:phi4:14b,D+T+ID+S,NCT05317013,0.45,0,2022.0,2022-09-22
ollama:phi4:14b,D+T+ID+S,NCT05475821,0.4,0,2022.0,2022-09-26
ollama:phi4:14b,D+T+ID+S,NCT04167618,0.35,0,2021.0,2022-08-11
ollama:phi4:14b,D+T+ID+S,NCT04760314,0.7,1,2021.0,2023-02-01
ollama:phi4:14b,D+T+ID+S,NCT06489860,0.3,0,2024.0,2024-10-04
ollama:phi4:14b,D+T+ID+S,NCT05344625,0.5,0,2023.0,2024-03-15
ollama:phi4:14b,D+T+ID+S,NCT04978298,0.55,1,2021.0,2023-02-26
ollama:phi4:14b,D+T+ID+S,NCT05193370,0.5,0,2022.0,2022-11-30
ollama:phi4:14b,D+T+ID+S,NCT05370040,0.6,0,2022.0,2024-03-11
ollama:phi4:14b,D+T+ID+S,NCT03952481,0.45,0,2021.0,2021-12-31
ollama:phi4:14b,D+T+ID+S,NCT06056596,0.4,0,2024.0,2024-09-06
ollama:phi4:14b,D+T+ID+S,NCT04750577,0.65,1,2021.0,2022-12-27
ollama:phi4:14b,D+T+ID+S,NCT04921358,0.7,0,2021.0,2023-12-20
ollama:phi4:14b,D+T+ID+S,NCT05035368,0.5,0,2021.0,2023-06-30
ollama:phi4:14b,D+T+ID+S,NCT05764239,0.6,0,2023.0,2024-03-15
ollama:phi4:14b,D+T+ID+S,NCT05198843,0.55,0,2022.0,2023-12-20
ollama:phi4:14b,D+T+ID+S,NCT05934942,0.5,0,2023.0,2024-02-08
ollama:phi4:14b,D+T+ID+S,NCT05260541,0.45,0,2022.0,2022-09-23
ollama:phi4:14b,D+T+ID+S,NCT03928275,0.5,0,2021.0,2022-09-01
ollama:phi4:14b,D+T+ID+S,NCT05265728,0.65,0,2022.0,2024-05-27
ollama:phi4:14b,D+T+ID+S,NCT04731051,0.55,0,2022.0,2022-12-31
ollama:phi4:14b,D+T+ID+S,NCT05283304,0.5,0,2023.0,2023-11-19
ollama:phi4:14b,D+T+ID+S,NCT05611853,0.5,0,2022.0,2023-12-25
ollama:phi4:14b,D+T+ID+S,NCT04656691,0.5,0,2021.0,2021-04-18
ollama:phi4:14b,D+T+ID+S,NCT05292976,0.5,0,2022.0,2022-12-31
ollama:phi4:14b,D+T+ID+S,NCT04862741,0.5,1,2021.0,2022-10-05
ollama:phi4:14b,D+T+ID+S,NCT05002114,0.5,0,2023.0,2023-01-31
ollama:phi4:14b,D+T+ID+S,NCT04807400,0.6,1,2021.0,2023-01-13
ollama:phi4:14b,D+T+ID+S,NCT05276401,0.5,0,2022.0,2022-06-15
ollama:phi4:14b,D+T+ID+S,NCT04231279,0.5,0,2022.0,2023-06-15
ollama:phi4:14b,D+T+ID+S,NCT04543955,0.5,0,2021.0,2022-06-03
ollama:phi4:14b,D+T+ID+S,NCT04300140,0.5,0,2021.0,2023-08-14
ollama:phi4:14b,D+T+ID+S,NCT05526716,0.6,1,2022.0,2023-06-21
ollama:phi4:14b,D+T+ID+S,NCT05977127,0.5,0,2023.0,2024-03-21
ollama:phi4:14b,D+T+ID+S,NCT05169931,0.5,0,2022.0,2022-05-31
ollama:phi4:14b,D+T+ID+S,NCT04238390,0.5,0,2022.0,2024-12-31
ollama:phi4:14b,D+T+ID+S,NCT04594941,0.5,1,2022.0,2022-05-26
ollama:phi4:14b,D+T+ID+S,NCT03999658,0.5,0,2023.0,2024-07-31
ollama:phi4:14b,D+T+ID+S,NCT04875975,0.5,0,2021.0,2024-04-26
ollama:phi4:14b,D+T+ID+S,NCT04856891,0.55,1,2021.0,2023-01-09
ollama:phi4:14b,D+T+ID+S,NCT05127473,0.5,1,2021.0,2022-05-14
ollama:phi4:14b,D+T+ID+S,NCT05226299,0.5,1,2021.0,2022-08-30
ollama:phi4:14b,D+T+ID+S,NCT05519527,0.5,0,2022.0,2023-02-15
ollama:phi4:14b,D+T+ID+S,NCT04230720,0.5,0,2021.0,2021-12-31
ollama:phi4:14b,D+T+ID+S,NCT05251233,0.5,0,2022.0,2024-06-27
ollama:phi4:14b,D+T+ID+S,NCT02588807,0.5,0,2021.0,2022-05-31
ollama:phi4:14b,D+T+ID+S,NCT03787082,0.3,0,2022.0,2023-12-31
ollama:phi4:14b,D+T+ID+S,NCT05474690,0.4,0,2022.0,2024-08-30
ollama:phi4:14b,D+T+ID+S,NCT04855240,0.5,1,2021.0,2022-03-14
ollama:phi4:14b,D+T+ID+S,NCT04505878,0.35,0,2023.0,2023-12-31
ollama:phi4:14b,D+T+ID+S,NCT05251376,0.45,0,2022.0,2022-12-19
ollama:phi4:14b,D+T+ID+S,NCT04753957,0.4,0,2022.0,2022-02-01
ollama:phi4:14b,D+T+ID+S,NCT05477498,0.3,0,2021.0,2022-12-31
ollama:phi4:14b,D+T+ID+S,NCT04752020,0.35,1,2021.0,2023-12-30
ollama:phi4:14b,D+T+ID+S,NCT04933916,0.45,0,2021.0,2023-05-01
ollama:phi4:14b,D+T+ID+S,NCT05049161,0.5,0,2021.0,2022-05-18
ollama:phi4:14b,D+T+ID+S,NCT04708236,0.4,0,2021.0,2021-07-31
ollama:phi4:14b,D+T+ID+S,NCT04480190,0.3,0,2021.0,2022-04-04
ollama:phi4:14b,D+T+ID+S,NCT05243524,0.45,0,2022.0,2023-08-31
ollama:phi4:14b,D+T+ID+S,NCT04914676,0.4,0,2022.0,2024-08-26
ollama:phi4:14b,D+T+ID+S,NCT04907851,0.5,0,2021.0,2023-11-30
ollama:phi4:14b,D+T+ID+S,NCT05993143,0.55,0,2021.0,2021-07-21
ollama:phi4:14b,D+T+ID+S,NCT05029856,0.45,0,2022.0,2022-08-31
ollama:phi4:14b,D+T+ID+S,NCT04776044,0.5,0,2021.0,2022-08-09
ollama:phi4:14b,D+T+ID+S,NCT05092646,0.4,0,2021.0,2023-11-10
ollama:phi4:14b,D+T+ID+S,NCT04891718,0.35,0,2021.0,2022-06-05
ollama:phi4:14b,D+T+ID+S,NCT04833959,0.3,0,2021.0,2024-03-31
ollama:phi4:14b,D+T+ID+S,NCT05561530,0.45,0,2022.0,2023-06-15
ollama:phi4:14b,D+T+ID+S,NCT05295927,0.5,0,2022.0,2022-09-30
ollama:phi4:14b,D+T+ID+S,NCT05072080,0.6,1,2021.0,2023-04-03
ollama:phi4:14b,D+T+ID+S,NCT05330013,0.4,0,2022.0,2022-06-23
ollama:phi4:14b,D+T+ID+S,NCT05348681,0.5,0,2022.0,2023-02-28
ollama:phi4:14b,D+T+ID+S,NCT04692467,0.5,1,2021.0,2023-12-30
ollama:phi4:14b,D+T+ID+S,NCT04631601,0.5,0,2021.0,2023-10-23
ollama:phi4:14b,D+T+ID+S,NCT05395052,0.5,0,2022.0,2023-08-11
ollama:phi4:14b,D+T+ID+S,NCT04972968,0.5,0,2021.0,2023-07-24
ollama:phi4:14b,D+T+ID+S,NCT05144347,0.5,0,2022.0,2022-11-01
ollama:phi4:14b,D+T+ID+S,NCT04771143,0.5,0,2021.0,2022-01-03
ollama:phi4:14b,D+T+ID+S,NCT04758949,0.5,0,2021.0,2021-12-22
ollama:phi4:14b,D+T+ID+S,NCT05205759,0.5,0,2021.0,2022-04-05
ollama:phi4:14b,D+T+ID+S,NCT04753606,0.5,1,2021.0,2021-08-30
ollama:phi4:14b,D+T+ID+S,NCT04764448,0.5,0,2021.0,2024-05-29
ollama:phi4:14b,D+T+ID+S,NCT04615949,0.5,0,2021.0,2022-11-30
ollama:phi4:14b,D+T+ID+S,NCT04570436,0.5,1,2021.0,2022-11-10
ollama:phi4:14b,D+T+ID+S,NCT04496674,0.5,0,2022.0,2023-05-03
ollama:phi4:14b,D+T+ID+S,NCT05069012,0.5,1,2021.0,2022-07-23
ollama:phi4:14b,D+T+ID+S,NCT03698448,0.5,0,2021.0,2022-11-01
ollama:phi4:14b,D+T+ID+S,NCT04992208,0.5,1,2021.0,2023-08-31
ollama:phi4:14b,D+T+ID+S,NCT04698915,0.5,0,2021.0,2023-11-30
ollama:phi4:14b,D+T+ID+S,NCT06003075,0.5,0,2023.0,2024-07-05
ollama:phi4:14b,D+T+ID+S,NCT04378244,0.5,0,2022.0,2024-07-12
ollama:phi4:14b,D+T+ID+S,NCT04960397,0.5,0,2021.0,2024-04-12
ollama:phi4:14b,D+T+ID+S,NCT04581785,0.5,0,2021.0,2023-01-10
ollama:phi4:14b,D+T+ID+S,NCT04873895,0.5,0,2022.0,2024-04-25
ollama:phi4:14b,D+T+ID+S,NCT05992922,0.5,0,2023.0,2023-12-19
ollama:phi4:14b,D+T+ID+S,NCT04566133,0.5,0,2022.0,2022-12-31
ollama:phi4:14b,D+T+ID+S,NCT05683860,0.5,0,2022.0,2023-06-30
ollama:phi4:14b,D+T+ID+S,NCT04899349,0.5,0,2022.0,2023-05-10
ollama:phi4:14b,D+T+ID+S,NCT05497284,0.5,0,2022.0,2024-09-26
ollama:phi4:14b,D+T+ID+S,NCT04825223,0.5,0,2021.0,2022-07-22
ollama:phi4:14b,D+T+ID+S,NCT04718376,0.5,0,2021.0,2023-05-22
ollama:phi4:14b,D+T+ID+S,NCT05239663,0.5,0,2022.0,2024-07-31
ollama:phi4:14b,D+T+ID+S,NCT04584034,0.5,0,2021.0,2023-04-30
ollama:phi4:14b,D+T+ID+S,NCT05133180,0.5,1,2022.0,2022-12-19
ollama:phi4:14b,D+T+ID+S,NCT05313386,0.5,0,2021.0,2022-02-21
ollama:phi4:14b,D+T+ID+S,NCT01280669,0.5,0,2022.0,2024-12-31
ollama:phi4:14b,D+T+ID+S,NCT05288283,0.5,0,2022.0,2023-09-28
ollama:phi4:14b,D+T+ID+S,NCT04904185,0.5,0,2021.0,2024-07-02
ollama:phi4:14b,D+T+ID+S,NCT05143489,0.5,0,2022.0,2024-04-17
ollama:phi4:14b,D+T+ID+S,NCT05120960,0.5,0,2023.0,2024-04-12
ollama:phi4:14b,D+T+ID+S,NCT04782245,0.5,0,2022.0,2024-04-30
ollama:phi4:14b,D+T+ID+S,NCT05369390,0.5,1,2022.0,2024-01-09
ollama:phi4:14b,D+T+ID+S,NCT05124795,0.5,0,2021.0,2023-05-31
ollama:phi4:14b,D+T+ID+S,NCT02432417,0.5,0,2023.0,2023-11-10
ollama:phi4:14b,D+T+ID+S,NCT04601610,0.5,0,2021.0,2022-05-30
ollama:phi4:14b,D+T+ID+S,NCT04707352,0.5,1,2021.0,2023-03-26
ollama:phi4:14b,D+T+ID+S,NCT04598321,0.5,0,2021.0,2022-12-06
ollama:phi4:14b,D+T+ID+S,NCT06187376,0.5,0,2024.0,2024-07-16
ollama:phi4:14b,D+T+ID+S,NCT03400306,0.5,0,2021.0,2021-11-16
ollama:phi4:14b,D+T+ID+S,NCT05075538,0.5,0,2021.0,2024-01-08
ollama:phi4:14b,D+T+ID+S,NCT04491084,0.5,0,2021.0,2022-08-18
ollama:phi4:14b,D+T+ID+S,NCT05320380,0.3,0,2023.0,2023-09-01
ollama:phi4:14b,D+T+ID+S,NCT04809012,0.35,0,2021.0,2024-06-30
ollama:phi4:14b,D+T+ID+S,NCT04932915,0.4,0,2021.0,2022-01-10
ollama:phi4:14b,D+T+ID+S,NCT04951492,0.25,0,2022.0,2023-10-15
ollama:phi4:14b,D+T+ID+S,NCT05201703,0.2,0,2022.0,2023-12-15
ollama:phi4:14b,D+T+ID+S,NCT05261490,0.45,0,2022.0,2024-02-15
ollama:phi4:14b,D+T+ID+S,NCT05077930,0.3,0,2022.0,2022-04-07
ollama:phi4:14b,D+T+ID+S,NCT05639192,0.25,0,2022.0,2023-08-18
ollama:phi4:14b,D+T+ID+S,NCT04536181,0.35,0,2021.0,2022-10-01
ollama:phi4:14b,D+T+ID+S,NCT04719832,0.5,1,2021.0,2023-11-21
ollama:phi4:14b,D+T+ID+S,NCT04853355,0.2,0,2022.0,2022-10-31
ollama:phi4:14b,D+T+ID+S,NCT05628545,0.3,0,2021.0,2024-10-31
ollama:phi4:14b,D+T+ID+S,NCT04732429,0.4,0,2021.0,2023-10-20
ollama:phi4:14b,D+T+ID+S,NCT05550363,0.45,0,2022.0,2023-09-30
ollama:phi4:14b,D+T+ID+S,NCT04034004,0.25,1,2021.0,2022-12-22
ollama:phi4:14b,D+T+ID+S,NCT05132569,0.5,0,2021.0,2023-02-21
ollama:phi4:14b,D+T+ID+S,NCT05553639,0.35,0,2023.0,2024-04-29
ollama:phi4:14b,D+T+ID+S,NCT04518137,0.3,0,2021.0,2022-05-30
ollama:phi4:14b,D+T+ID+S,NCT05447507,0.2,1,2022.0,2022-10-26
ollama:phi4:14b,D+T+ID+S,NCT04983407,0.4,0,2021.0,2023-08-14
ollama:phi4:14b,D+T+ID+S,NCT04952571,0.3,0,2021.0,2022-12-31
ollama:phi4:14b,D+T+ID+S,NCT04602117,0.25,0,2021.0,2021-11-17
ollama:phi4:14b,D+T+ID+S,NCT05830747,0.2,1,2022.0,2022-12-10
ollama:phi4:14b,D+T+ID+S,NCT04707534,0.35,1,2021.0,2022-03-04
ollama:phi4:14b,D+T+ID+S,NCT04782661,0.3,0,2022.0,2022-09-23
ollama:phi4:14b,D+T+ID+S,NCT04933240,0.5,0,2022.0,2024-12-31
ollama:phi4:14b,D+T+ID+S,NCT04223661,0.5,0,2021.0,2023-12-31
ollama:phi4:14b,D+T+ID+S,NCT05062083,0.5,0,2022.0,2024-01-30
ollama:phi4:14b,D+T+ID+S,NCT04372940,0.5,0,2023.0,2024-01-31
ollama:phi4:14b,D+T+ID+S,NCT05654870,0.5,0,2023.0,2023-11-08
ollama:phi4:14b,D+T+ID+S,NCT04684121,0.5,0,2022.0,2024-08-01
ollama:phi4:14b,D+T+ID+S,NCT04030052,0.5,0,2022.0,2023-01-19
ollama:phi4:14b,D+T+ID+S,NCT04650854,0.5,1,2021.0,2024-01-25
ollama:phi4:14b,D+T+ID+S,NCT05292755,0.5,1,2022.0,2022-07-01
ollama:phi4:14b,D+T+ID+S,NCT03674320,0.5,0,2021.0,2024-12-01
ollama:phi4:14b,D+T+ID+S,NCT05743777,0.5,0,2023.0,2023-05-12
ollama:phi4:14b,D+T+ID+S,NCT05411575,0.5,0,2022.0,2022-10-31
ollama:phi4:14b,D+T+ID+S,NCT05109650,0.5,0,2021.0,2023-03-23
ollama:phi4:14b,D+T+ID+S,NCT04346394,0.5,0,2021.0,2023-08-01
ollama:phi4:14b,D+T+ID+S,NCT05254808,0.5,0,2021.0,2022-02-14
ollama:phi4:14b,D+T+ID+S,NCT05286853,0.5,0,2024.0,2024-09-03
ollama:phi4:14b,D+T+ID+S,NCT05137717,0.5,1,2022.0,2023-06-27
ollama:phi4:14b,D+T+ID+S,NCT04001998,0.5,0,2021.0,2021-07-31
ollama:phi4:14b,D+T+ID+S,NCT04711863,0.5,0,2021.0,2021-07-31
ollama:phi4:14b,D+T+ID+S,NCT05157360,0.5,0,2021.0,2023-05-16
ollama:phi4:14b,D+T+ID+S,NCT05375604,0.5,0,2022.0,2023-05-30
ollama:phi4:14b,D+T+ID+S,NCT04476329,0.5,0,2021.0,2021-12-10
ollama:phi4:14b,D+T+ID+S,NCT05442775,0.5,0,2022.0,2023-06-07
ollama:phi4:14b,D+T+ID+S,NCT04521946,0.5,0,2021.0,2022-12-20
ollama:phi4:14b,D+T+ID+S,NCT04530877,0.5,0,2022.0,2024-09-30
ollama:phi4:14b,D+T+ID+S,NCT06102174,0.3,0,2024.0,2024-09-03
ollama:phi4:14b,D+T+ID+S,NCT04119830,0.25,0,2022.0,2024-02-01
ollama:phi4:14b,D+T+ID+S,NCT05016934,0.2,0,2021.0,2022-04-20
ollama:phi4:14b,D+T+ID+S,NCT04005989,0.35,0,2021.0,2022-12-20
ollama:phi4:14b,D+T+ID+S,NCT05387577,0.15,0,2021.0,2022-11-23
ollama:phi4:14b,D+T+ID+S,NCT04892043,0.28,0,2021.0,2023-11-02
ollama:phi4:14b,D+T+ID+S,NCT05304130,0.32,0,2023.0,2023-05-04
ollama:phi4:14b,D+T+ID+S,NCT04879823,0.4,0,2021.0,2023-07-11
ollama:phi4:14b,D+T+ID+S,NCT05183360,0.27,0,2022.0,2024-08-08
ollama:phi4:14b,D+T+ID+S,NCT05101915,0.22,0,2021.0,2024-04-23
ollama:phi4:14b,D+T+ID+S,NCT03992443,0.33,0,2022.0,2022-03-18
ollama:phi4:14b,D+T+ID+S,NCT05478252,0.38,1,2022.0,2023-09-18
ollama:phi4:14b,D+T+ID+S,NCT04894474,0.29,0,2021.0,2022-07-24
ollama:phi4:14b,D+T+ID+S,NCT05134727,0.31,1,2021.0,2023-03-31
ollama:phi4:14b,D+T+ID+S,NCT04648189,0.26,0,2022.0,2022-09-19
ollama:phi4:14b,D+T+ID+S,NCT04386252,0.34,0,2023.0,2024-01-31
ollama:phi4:14b,D+T+ID+S,NCT04936971,0.18,0,2021.0,2021-09-30
ollama:phi4:14b,D+T+ID+S,NCT05249569,0.24,0,2022.0,2022-12-30
ollama:phi4:14b,D+T+ID+S,NCT04869943,0.37,0,2021.0,2024-01-09
ollama:phi4:14b,D+T+ID+S,NCT04677426,0.21,0,2022.0,2022-08-01
ollama:phi4:14b,D+T+ID+S,NCT03550352,0.23,0,2021.0,2022-05-31
ollama:phi4:14b,D+T+ID+S,NCT05571540,0.19,0,2022.0,2024-10-31
ollama:phi4:14b,D+T+ID+S,NCT04895046,0.29,0,2021.0,2023-09-30
ollama:phi4:14b,D+T+ID+S,NCT05010954,0.36,1,2021.0,2022-09-28
ollama:phi4:14b,D+T+ID+S,NCT04674748,0.3,0,2021.0,2022-05-13
ollama:phi4:14b,D+T+ID+S,NCT05502081,0.5,1,2022.0,2022-12-28
ollama:phi4:14b,D+T+ID+S,NCT05097014,0.5,1,2021.0,2023-02-24
ollama:phi4:14b,D+T+ID+S,NCT05330689,0.5,0,2022.0,2022-09-07
ollama:phi4:14b,D+T+ID+S,NCT03582085,0.5,0,2022.0,2023-01-01
ollama:phi4:14b,D+T+ID+S,NCT04835714,0.5,0,2021.0,2022-01-18
ollama:phi4:14b,D+T+ID+S,NCT05399368,0.5,0,2022.0,2024-05-24
ollama:phi4:14b,D+T+ID+S,NCT05542095,0.5,0,2023.0,2023-05-01
ollama:phi4:14b,D+T+ID+S,NCT05270460,0.5,1,2022.0,2022-10-06
ollama:phi4:14b,D+T+ID+S,NCT03986086,0.5,0,2021.0,2023-12-31
ollama:phi4:14b,D+T+ID+S,NCT04846231,0.5,1,2021.0,2022-07-19
ollama:phi4:14b,D+T+ID+S,NCT04188639,0.5,1,2021.0,2023-01-04
ollama:phi4:14b,D+T+ID+S,NCT04604678,0.5,0,2021.0,2021-10-31
ollama:phi4:14b,D+T+ID+S,NCT05513391,0.5,0,2022.0,2023-10-03
ollama:phi4:14b,D+T+ID+S,NCT05664100,0.5,0,2022.0,2023-04-12
ollama:phi4:14b,D+T+ID+S,NCT04697056,0.5,0,2021.0,2021-11-19
ollama:phi4:14b,D+T+ID+S,NCT05205837,0.5,0,2021.0,2023-08-15
ollama:phi4:14b,D+T+ID+S,NCT04614051,0.5,0,2021.0,2022-05-10
ollama:phi4:14b,D+T+ID+S,NCT05540665,0.5,0,2023.0,2024-01-04
ollama:phi4:14b,D+T+ID+S,NCT05281562,0.5,0,2022.0,2023-03-20
ollama:phi4:14b,D+T+ID+S,NCT03814109,0.5,0,2022.0,2024-01-31
ollama:phi4:14b,D+T+ID+S,NCT05705167,0.5,0,2023.0,2024-04-19
ollama:phi4:14b,D+T+ID+S,NCT05359081,0.5,0,2022.0,2024-03-28
ollama:phi4:14b,D+T+ID+S,NCT05110781,0.5,0,2021.0,2023-04-18
ollama:phi4:14b,D+T+ID+S,NCT04911790,0.5,1,2021.0,2023-08-31
ollama:phi4:14b,D+T+ID+S,NCT05424380,0.5,0,2022.0,2024-03-04
ollama:phi4:14b,D+T+ID+S,NCT05492695,0.5,0,2022.0,2023-09-28
ollama:phi4:14b,D+T+ID+S,NCT05652907,0.5,0,2023.0,2023-05-24
ollama:phi4:14b,D+T+ID+S,NCT05966584,0.5,0,2023.0,2024-08-02
ollama:phi4:14b,D+T+ID+S,NCT04648319,0.5,0,2021.0,2022-01-17
ollama:phi4:14b,D+T+ID+S,NCT05738161,0.5,0,2023.0,2024-02-27
ollama:phi4:14b,D+T+ID+S,NCT05015972,0.5,0,2021.0,2023-12-31
ollama:phi4:14b,D+T+ID+S,NCT04999488,0.5,0,2023.0,2024-12-31
ollama:phi4:14b,D+T+ID+S,NCT04891133,0.5,0,2021.0,2023-01-23
ollama:phi4:14b,D+T+ID+S,NCT05731492,0.5,0,2024.0,2024-04-01
ollama:phi4:14b,D+T+ID+S,NCT04950114,0.5,0,2021.0,2022-11-02
ollama:phi4:14b,D+T+ID+S,NCT04984278,0.5,0,2021.0,2022-11-11
ollama:phi4:14b,D+T+ID+S,NCT04054752,0.5,0,2023.0,2023-11-01
ollama:phi4:14b,D+T+ID+S,NCT05457491,0.5,0,2021.0,2022-07-07
ollama:phi4:14b,D+T+ID+S,NCT03944902,0.5,0,2021.0,2022-01-05
ollama:phi4:14b,D+T+ID+S,NCT05167526,0.5,0,2022.0,2022-11-10
ollama:phi4:14b,D+T+ID+S,NCT04920578,0.5,0,2021.0,2023-02-27
ollama:phi4:14b,D+T+ID+S,NCT05021484,0.5,1,2021.0,2024-03-07
ollama:phi4:14b,D+T+ID+S,NCT04627831,0.5,0,2022.0,2023-04-30
ollama:phi4:14b,D+T+ID+S,NCT04476628,0.5,0,2021.0,2022-02-28
ollama:phi4:14b,D+T+ID+S,NCT04944654,0.5,0,2023.0,2023-05-11
ollama:phi4:14b,D+T+ID+S,NCT05665647,0.5,1,2022.0,2023-02-14
ollama:phi4:14b,D+T+ID+S,NCT06061081,0.5,0,2023.0,2024-11-04
ollama:phi4:14b,D+T+ID+S,NCT04684381,0.5,1,2021.0,2021-06-30
ollama:phi4:14b,D+T+ID+S,NCT05155020,0.5,0,2022.0,2022-08-05
ollama:phi4:14b,D+T+ID+S,NCT05141357,0.5,0,2022.0,2023-04-19
ollama:phi4:14b,D+T+ID+S,NCT04853329,0.5,0,2021.0,2024-12-31
ollama:phi4:14b,D+T+ID+S,NCT05008510,0.5,0,2021.0,2023-06-30
ollama:phi4:14b,D+T+ID+S,NCT04492436,0.5,0,2021.0,2024-07-31
ollama:phi4:14b,D+T+ID+S,NCT05757492,0.5,0,2023.0,2024-07-31
ollama:phi4:14b,D+T+ID+S,NCT04834973,0.5,0,2021.0,2022-07-12
ollama:phi4:14b,D+T+ID+S,NCT04981717,0.6,0,2021.0,2023-04-24
ollama:phi4:14b,D+T+ID+S,NCT04531865,0.5,0,2021.0,2022-10-01
ollama:phi4:14b,D+T+ID+S,NCT05039931,0.5,0,2021.0,2023-06-30
ollama:phi4:14b,D+T+ID+S,NCT05020665,0.5,0,2021.0,2023-03-30
ollama:phi4:14b,D+T+ID+S,NCT05238896,0.5,0,2022.0,2023-03-31
ollama:phi4:14b,D+T+ID+S,NCT05412706,0.5,0,2023.0,2023-09-04
ollama:phi4:14b,D+T+ID+S,NCT05227456,0.5,0,2022.0,2024-04-30
ollama:phi4:14b,D+T+ID+S,NCT04931511,0.5,0,2021.0,2022-09-01
ollama:phi4:14b,D+T+ID+S,NCT04084678,0.55,0,2021.0,2023-04-12
ollama:phi4:14b,D+T+ID+S,NCT05147415,0.5,0,2021.0,2022-12-09
ollama:phi4:14b,D+T+ID+S,NCT04849377,0.5,0,2022.0,2022-06-14
ollama:phi4:14b,D+T+ID+S,NCT05284019,0.5,0,2022.0,2023-04-14
ollama:phi4:14b,D+T+ID+S,NCT04410042,0.55,0,2021.0,2024-01-16
ollama:phi4:14b,D+T+ID+S,NCT04634344,0.5,0,2021.0,2022-05-05
ollama:phi4:14b,D+T+ID+S,NCT04947579,0.55,0,2021.0,2023-02-21
ollama:phi4:14b,D+T+ID+S,NCT05079360,0.5,0,2023.0,2024-05-26
ollama:phi4:14b,D+T+ID+S,NCT05262101,0.5,0,2022.0,2023-11-30
ollama:phi4:14b,D+T+ID+S,NCT05284604,0.5,0,2023.0,2023-01-31
ollama:phi4:14b,D+T+ID+S,NCT05233410,0.6,0,2023.0,2024-09-22
ollama:phi4:14b,D+T+ID+S,NCT04650399,0.6,1,2022.0,2024-02-15
ollama:phi4:14b,D+T+ID+S,NCT05250856,0.3,0,2022.0,2023-12-12
ollama:phi4:14b,D+T+ID+S,NCT05406765,0.4,1,2022.0,2022-10-07
ollama:phi4:14b,D+T+ID+S,NCT04459338,0.5,1,2021.0,2022-06-14
ollama:phi4:14b,D+T+ID+S,NCT04829214,0.35,1,2021.0,2022-06-30
ollama:phi4:14b,D+T+ID+S,NCT05152849,0.3,0,2021.0,2022-06-29
ollama:phi4:14b,D+T+ID+S,NCT05066698,0.35,0,2022.0,2022-09-07
ollama:phi4:14b,D+T+ID+S,NCT05111249,0.4,0,2021.0,2023-10-27
ollama:phi4:14b,D+T+ID+S,NCT05118763,0.3,0,2022.0,2022-12-31
ollama:phi4:14b,D+T+ID+S,NCT04684550,0.45,0,2021.0,2021-08-15
ollama:phi4:14b,D+T+ID+S,NCT06115460,0.4,1,2022.0,2023-06-15
ollama:phi4:14b,D+T+ID+S,NCT04386239,0.5,0,2021.0,2023-01-01
ollama:phi4:14b,D+T+ID+S,NCT05293509,0.45,0,2022.0,2023-09-18
ollama:phi4:14b,D+T+ID+S,NCT04828174,0.4,0,2021.0,2023-11-26
ollama:phi4:14b,D+T+ID+S,NCT04969991,0.3,0,2021.0,2022-11-22
ollama:phi4:14b,D+T+ID+S,NCT04557475,0.45,0,2022.0,2023-06-11
ollama:phi4:14b,D+T+ID+S,NCT05005910,0.5,1,2021.0,2022-12-01
ollama:phi4:14b,D+T+ID+S,NCT05009732,0.4,0,2021.0,2023-07-14
ollama:phi4:14b,D+T+ID+S,NCT03634488,0.45,1,2021.0,2022-11-09
ollama:phi4:14b,D+T+ID+S,NCT05110599,0.4,0,2022.0,2023-10-01
ollama:phi4:14b,D+T+ID+S,NCT03125187,0.35,0,2021.0,2022-11-10
ollama:phi4:14b,D+T+ID+S,NCT04920331,0.5,0,2021.0,2022-02-04
ollama:phi4:14b,D+T+ID+S,NCT04953052,0.3,0,2021.0,2022-11-30
ollama:phi4:14b,D+T+ID+S,NCT04037241,0.25,0,2021.0,2022-01-01
ollama:phi4:14b,D+T+ID+S,NCT05094050,0.4,1,2022.0,2023-03-17
ollama:phi4:14b,D+T+ID+S,NCT04766996,0.45,0,2021.0,2021-12-27
ollama:phi4:14b,D+T+ID+S,NCT04243941,0.5,0,2022.0,2024-02-07
ollama:phi4:14b,D+T+ID+S,NCT05027867,0.45,0,2021.0,2022-08-26
ollama:phi4:14b,D+T+ID+S,NCT06056310,0.4,0,2024.0,2024-08-20
ollama:phi4:14b,D+T+ID+S,NCT05814523,0.55,0,2024.0,2024-08-31
ollama:phi4:14b,D+T+ID+S,NCT05275400,0.6,1,2022.0,2024-05-15
ollama:phi4:14b,D+T+ID+S,NCT05214196,0.35,0,2021.0,2021-12-07
ollama:phi4:14b,D+T+ID+S,NCT04235322,0.3,0,2021.0,2023-04-18
ollama:phi4:14b,D+T+ID+S,NCT04946864,0.5,0,2021.0,2024-10-01
ollama:phi4:14b,D+T+ID+S,NCT04761822,0.65,1,2021.0,2022-04-27
ollama:phi4:14b,D+T+ID+S,NCT05038982,0.5,1,2021.0,2022-07-11
ollama:phi4:14b,D+T+ID+S,NCT04762225,0.4,0,2021.0,2022-10-11
ollama:phi4:14b,D+T+ID+S,NCT05554627,0.35,0,2023.0,2023-10-27
ollama:phi4:14b,D+T+ID+S,NCT04932941,0.45,1,2021.0,2022-09-05
ollama:phi4:14b,D+T+ID+S,NCT04880213,0.4,1,2021.0,2021-11-23
ollama:phi4:14b,D+T+ID+S,NCT06484881,0.3,0,2024.0,2024-10-10
ollama:phi4:14b,D+T+ID+S,NCT04077749,0.45,0,2021.0,2021-09-15
ollama:phi4:14b,D+T+ID+S,NCT04707703,0.35,0,2021.0,2021-10-25
ollama:phi4:14b,D+T+ID+S,NCT05074433,0.6,0,2021.0,2022-05-18
ollama:phi4:14b,D+T+ID+S,NCT05652660,0.4,1,2022.0,2023-03-06
ollama:phi4:14b,D+T+ID+S,NCT05017103,0.45,0,2021.0,2024-02-20
ollama:phi4:14b,D+T+ID+S,NCT04725240,0.5,1,2021.0,2022-06-28
ollama:phi4:14b,D+T+ID+S,NCT05283954,0.3,0,2022.0,2022-07-30
ollama:phi4:14b,D+T+ID+S,NCT05128773,0.55,0,2022.0,2022-10-13
ollama:phi4:14b,D+T+ID+S,NCT05136833,0.4,0,2021.0,2022-12-31
ollama:phi4:14b,D+T+ID+S,NCT04732169,0.35,0,2021.0,2021-07-09
ollama:phi4:14b,D+T+ID+S,NCT04907968,0.5,0,2021.0,2023-10-03
ollama:phi4:14b,D+T+ID+S,NCT05418673,0.5,0,2022.0,2023-07-27
ollama:phi4:14b,D+T+ID+S,NCT04863014,0.5,0,2021.0,2023-02-15
ollama:phi4:14b,D+T+ID+S,NCT04391868,0.5,0,2021.0,2021-04-28
ollama:phi4:14b,D+T+ID+S,NCT05405686,0.5,0,2023.0,2024-08-01
ollama:phi4:14b,D+T+ID+S,NCT05101122,0.5,1,2021.0,2022-04-18
ollama:phi4:14b,D+T+ID+S,NCT05030350,0.5,0,2021.0,2022-09-23
ollama:phi4:14b,D+T+ID+S,NCT05179603,0.5,0,2021.0,2024-09-06
ollama:phi4:14b,D+T+ID+S,NCT04120987,0.5,0,2021.0,2022-06-25
ollama:phi4:14b,D+T+ID+S,NCT06049329,0.5,1,2023.0,2023-12-15
ollama:phi4:14b,D+T+ID+S,NCT05153408,0.5,0,2022.0,2022-12-09
ollama:phi4:14b,D+T+ID+S,NCT04816071,0.5,0,2021.0,2021-05-01
ollama:phi4:14b,D+T+ID+S,NCT04786600,0.5,0,2022.0,2024-03-19
ollama:phi4:14b,D+T+ID+S,NCT05264922,0.5,0,2022.0,2022-07-22
ollama:phi4:14b,D+T+ID+S,NCT04783766,0.5,1,2021.0,2021-08-05
ollama:phi4:14b,D+T+ID+S,NCT04527549,0.5,0,2021.0,2024-01-08
ollama:phi4:14b,D+T+ID+S,NCT05059301,0.5,1,2021.0,2022-06-30
ollama:phi4:14b,D+T+ID+S,NCT04964388,0.5,0,2021.0,2023-07-01
ollama:phi4:14b,D+T+ID+S,NCT05053126,0.5,1,2021.0,2022-04-01
ollama:phi4:14b,D+T+ID+S,NCT05298202,0.5,1,2022.0,2022-10-01
ollama:phi4:14b,D+T+ID+S,NCT06021119,0.5,1,2023.0,2023-04-21
ollama:phi4:14b,D+T+ID+S,NCT05119712,0.5,0,2021.0,2024-10-15
ollama:phi4:14b,D+T+ID+S,NCT04797468,0.5,0,2022.0,2023-01-13
ollama:phi4:14b,D+T+ID+S,NCT04641273,0.5,0,2021.0,2021-10-18
ollama:phi4:14b,D+T+ID+S,NCT05013385,0.5,0,2021.0,2022-05-31
ollama:phi4:14b,D+T+ID+S,NCT04764630,0.5,1,2021.0,2021-03-20
ollama:phi4:14b,D+T+ID+S,NCT05552859,0.6,0,2022.0,2023-08-04
ollama:phi4:14b,D+T+ID+S,NCT06178367,0.4,1,2023.0,2023-09-30
ollama:phi4:14b,D+T+ID+S,NCT04756427,0.5,0,2022.0,2023-11-28
ollama:phi4:14b,D+T+ID+S,NCT05362058,0.7,1,2022.0,2024-04-10
ollama:phi4:14b,D+T+ID+S,NCT04290871,0.45,0,2023.0,2024-04-01
ollama:phi4:14b,D+T+ID+S,NCT06065059,0.35,0,2023.0,2024-05-22
ollama:phi4:14b,D+T+ID+S,NCT03281681,0.4,0,2021.0,2022-09-30
ollama:phi4:14b,D+T+ID+S,NCT04898309,0.55,0,2021.0,2023-05-31
ollama:phi4:14b,D+T+ID+S,NCT06329687,0.5,0,2024.0,2024-02-28
ollama:phi4:14b,D+T+ID+S,NCT04978818,0.6,1,2022.0,2023-10-26
ollama:phi4:14b,D+T+ID+S,NCT03792295,0.5,0,2021.0,2022-07-01
ollama:phi4:14b,D+T+ID+S,NCT05525455,0.45,0,2022.0,2023-09-07
ollama:phi4:14b,D+T+ID+S,NCT04430283,0.4,0,2021.0,2022-03-04
ollama:phi4:14b,D+T+ID+S,NCT04862416,0.45,1,2021.0,2022-06-29
ollama:phi4:14b,D+T+ID+S,NCT04511026,0.5,0,2021.0,2021-06-10
ollama:phi4:14b,D+T+ID+S,NCT04934670,0.55,0,2022.0,2023-01-19
ollama:phi4:14b,D+T+ID+S,NCT05703555,0.45,0,2024.0,2024-02-16
ollama:phi4:14b,D+T+ID+S,NCT05181995,0.65,0,2021.0,2023-03-30
ollama:phi4:14b,D+T+ID+S,NCT04661917,0.5,0,2021.0,2022-05-19
ollama:phi4:14b,D+T+ID+S,NCT05076422,0.6,0,2021.0,2023-03-03
ollama:phi4:14b,D+T+ID+S,NCT04607252,0.5,0,2021.0,2021-06-03
ollama:phi4:14b,D+T+ID+S,NCT05061537,0.4,0,2021.0,2022-10-14
ollama:phi4:14b,D+T+ID+S,NCT04801641,0.45,0,2021.0,2023-08-14
ollama:phi4:14b,D+T+ID+S,NCT04963413,0.4,0,2022.0,2023-09-28
ollama:phi4:14b,D+T+ID+S,NCT04804254,0.5,0,2021.0,2023-01-11
ollama:phi4:14b,D+T+ID+S,NCT05006417,0.5,0,2022.0,2022-11-23
ollama:phi4:14b,D+T+ID+S,NCT06079320,0.5,0,2023.0,2024-09-30
ollama:phi4:14b,D+T+ID+S,NCT05099549,0.5,0,2021.0,2023-09-21
ollama:phi4:14b,D+T+ID+S,NCT05299580,0.5,0,2021.0,2023-03-30
ollama:phi4:14b,D+T+ID+S,NCT05979415,0.5,0,2023.0,2024-02-28
ollama:phi4:14b,D+T+ID+S,NCT05926440,0.5,0,2023.0,2023-08-17
ollama:phi4:14b,D+T+ID+S,NCT05043987,0.5,0,2022.0,2022-11-16
ollama:phi4:14b,D+T+ID+S,NCT05047640,0.5,0,2021.0,2022-10-25
ollama:phi4:14b,D+T+ID+S,NCT05961007,0.5,0,2021.0,2024-04-30
ollama:phi4:14b,D+T+ID+S,NCT05481489,0.5,0,2023.0,2023-04-24
ollama:phi4:14b,D+T+ID+S,NCT05516849,0.5,0,2022.0,2023-08-03
ollama:phi4:14b,D+T+ID+S,NCT05229900,0.5,0,2022.0,2023-12-13
ollama:phi4:14b,D+T+ID+S,NCT05368558,0.5,0,2022.0,2024-09-20
ollama:phi4:14b,D+T+ID+S,NCT02811133,0.5,0,2023.0,2023-10-04
ollama:phi4:14b,D+T+ID+S,NCT05544734,0.5,1,2022.0,2023-06-01
ollama:phi4:14b,D+T+ID+S,NCT05434091,0.5,0,2022.0,2023-03-29
ollama:phi4:14b,D+T+ID+S,NCT04262193,0.5,0,2021.0,2024-07-30
ollama:phi4:14b,D+T+ID+S,NCT06090318,0.5,0,2023.0,2023-05-30
ollama:phi4:14b,D+T+ID+S,NCT05517837,0.5,0,2022.0,2023-07-14
ollama:phi4:14b,D+T+ID+S,NCT04860466,0.5,0,2022.0,2024-07-31
ollama:phi4:14b,D+T+ID+S,NCT04632940,0.5,0,2021.0,2023-12-14
ollama:phi4:14b,D+T+ID+S,NCT04166734,0.5,0,2021.0,2023-07-25
ollama:phi4:14b,D+T+ID+S,NCT04630158,0.5,1,2021.0,2023-06-08
ollama:phi4:14b,D+T+ID+S,NCT05240560,0.5,0,2023.0,2024-02-08
ollama:phi4:14b,D+T+ID+S,NCT04804033,0.75,0,2021.0,2024-03-21
ollama:phi4:14b,D+T+ID+S,NCT05156645,0.4,0,2022.0,2022-12-01
ollama:phi4:14b,D+T+ID+S,NCT05226390,0.3,0,2022.0,2023-11-21
ollama:phi4:14b,D+T+ID+S,NCT04560309,0.5,1,2021.0,2021-11-23
ollama:phi4:14b,D+T+ID+S,NCT04800627,0.45,0,2021.0,2022-11-03
ollama:phi4:14b,D+T+ID+S,NCT04446637,0.6,0,2021.0,2022-09-03
ollama:phi4:14b,D+T+ID+S,NCT04161118,0.35,0,2021.0,2023-02-24
ollama:phi4:14b,D+T+ID+S,NCT05441930,0.5,0,2023.0,2024-03-14
ollama:phi4:14b,D+T+ID+S,NCT04894123,0.4,0,2022.0,2023-02-13
ollama:phi4:14b,D+T+ID+S,NCT04752566,0.7,1,2021.0,2022-08-03
ollama:phi4:14b,D+T+ID+S,NCT05008913,0.45,0,2021.0,2021-11-16
ollama:phi4:14b,D+T+ID+S,NCT05213143,0.55,0,2021.0,2022-11-18
ollama:phi4:14b,D+T+ID+S,NCT04928430,0.65,0,2021.0,2022-11-28
ollama:phi4:14b,D+T+ID+S,NCT04760782,0.35,0,2022.0,2023-08-14
ollama:phi4:14b,D+T+ID+S,NCT04991688,0.4,0,2021.0,2023-03-03
ollama:phi4:14b,D+T+ID+S,NCT05808881,0.5,0,2023.0,2024-05-31
ollama:phi4:14b,D+T+ID+S,NCT04871737,0.6,1,2021.0,2022-09-30
ollama:phi4:14b,D+T+ID+S,NCT04818736,0.45,0,2021.0,2021-12-31
ollama:phi4:14b,D+T+ID+S,NCT05437419,0.4,1,2022.0,2023-07-27
ollama:phi4:14b,D+T+ID+S,NCT04634253,0.65,1,2021.0,2022-06-29
ollama:phi4:14b,D+T+ID+S,NCT05251038,0.35,0,2022.0,2023-01-31
ollama:phi4:14b,D+T+ID+S,NCT04957290,0.5,0,2021.0,2023-06-07
ollama:phi4:14b,D+T+ID+S,NCT04536077,0.4,0,2021.0,2023-11-21
ollama:phi4:14b,D+T+ID+S,NCT04665921,0.55,0,2021.0,2024-03-01
ollama:phi4:14b,D+T+ID+S,NCT04676867,0.5,1,2021.0,2021-05-17
ollama:phi4:14b,D+T+ID+S,NCT05592223,0.3,0,2022.0,2023-12-01
ollama:phi4:14b,D+T+ID+S,NCT04788511,0.7,1,2021.0,2023-04-18
ollama:phi4:14b,D+T+ID+S,NCT06046482,0.4,0,2023.0,2024-08-26
ollama:phi4:14b,D+T+ID+S,NCT04814537,0.6,1,2021.0,2022-03-23
ollama:phi4:14b,D+T+ID+S,NCT05097651,0.35,0,2021.0,2023-08-31
ollama:phi4:14b,D+T+ID+S,NCT05546411,0.45,0,2023.0,2023-10-13
ollama:phi4:14b,D+T+ID+S,NCT05703464,0.5,0,2023.0,2023-03-03
ollama:phi4:14b,D+T+ID+S,NCT04927169,0.55,0,2021.0,2022-03-30
ollama:phi4:14b,D+T+ID+S,NCT04760626,0.75,1,2021.0,2022-08-29
ollama:phi4:14b,D+T+ID+S,NCT04736602,0.5,1,2021.0,2022-09-03
ollama:phi4:14b,D+T+ID+S,NCT04652479,0.4,1,2021.0,2022-06-30
ollama:phi4:14b,D+T+ID+S,NCT05456854,0.35,0,2022.0,2024-08-01
ollama:phi4:14b,D+T+ID+S,NCT05504486,0.5,0,2022.0,2023-04-05
ollama:phi4:14b,D+T+ID+S,NCT04770155,0.3,0,2021.0,2021-09-20
ollama:phi4:14b,D+T+ID+S,NCT05666453,0.65,0,2022.0,2024-07-01
ollama:phi4:14b,D+T+ID+S,NCT05039190,0.6,1,2021.0,2023-01-14
ollama:phi4:14b,D+T+ID+S,NCT03720990,0.4,1,2021.0,2023-09-30
ollama:phi4:14b,D+T+ID+S,NCT05260008,0.7,0,2022.0,2024-01-15
ollama:phi4:14b,D+T+ID+S,NCT05878704,0.45,0,2023.0,2024-07-29
ollama:phi4:14b,D+T+ID+S,NCT05497934,0.3,0,2022.0,2024-03-31
ollama:phi4:14b,D+T+ID+S,NCT05140824,0.5,0,2021.0,2022-12-14
ollama:phi4:14b,D+T+ID+S,NCT04387617,0.6,1,2021.0,2022-01-31
ollama:phi4:14b,D+T+ID+S,NCT04218825,0.35,0,2022.0,2023-04-04
ollama:phi4:14b,D+T+ID+S,NCT03883893,0.4,0,2021.0,2023-04-30
ollama:phi4:14b,D+T+ID+S,NCT06422377,0.65,0,2024.0,2024-08-14
ollama:phi4:14b,D+T+ID+S,NCT05006885,0.5,1,2021.0,2022-08-17
ollama:phi4:14b,D+T+ID+S,NCT05376319,0.5,0,2023.0,2024-05-07
ollama:phi4:14b,D+T+ID+S,NCT04927975,0.5,1,2021.0,2023-08-29
ollama:phi4:14b,D+T+ID+S,NCT05157464,0.5,0,2023.0,2024-12-31
ollama:phi4:14b,D+T+ID+S,NCT03602898,0.5,0,2021.0,2023-09-17
ollama:phi4:14b,D+T+ID+S,NCT05116046,0.5,0,2021.0,2023-03-30
ollama:phi4:14b,D+T+ID+S,NCT05014919,0.5,0,2021.0,2022-04-28
ollama:phi4:14b,D+T+ID+S,NCT04863339,0.5,0,2022.0,2022-04-30
ollama:phi4:14b,D+T+ID+S,NCT05095246,0.5,0,2022.0,2024-10-30
ollama:phi4:14b,D+T+ID+S,NCT06181227,0.5,0,2023.0,2024-04-05
ollama:phi4:14b,D+T+ID+S,NCT05096884,0.5,0,2022.0,2023-09-12
ollama:phi4:14b,D+T+ID+S,NCT05097079,0.5,0,2021.0,2023-05-31
ollama:phi4:14b,D+T+ID+S,NCT05222269,0.5,0,2022.0,2023-01-25
ollama:phi4:14b,D+T+ID+S,NCT05169437,0.5,0,2022.0,2024-08-27
ollama:phi4:14b,D+T+ID+S,NCT04789330,0.5,0,2021.0,2022-04-01
ollama:phi4:14b,D+T+ID+S,NCT04327986,0.5,0,2021.0,2022-02-03
ollama:phi4:14b,D+T+ID+S,NCT03326128,0.5,0,2021.0,2023-07-01
ollama:phi4:14b,D+T+ID+S,NCT05264506,0.5,0,2022.0,2024-01-26
ollama:phi4:14b,D+T+ID+S,NCT05625347,0.5,0,2023.0,2023-06-30
ollama:phi4:14b,D+T+ID+S,NCT04357951,0.5,0,2023.0,2024-09-30
ollama:phi4:14b,D+T+ID+S,NCT04864522,0.5,0,2023.0,2023-11-30
ollama:phi4:14b,D+T+ID+S,NCT04896541,0.5,1,2021.0,2022-06-14
ollama:phi4:14b,D+T+ID+S,NCT04811040,0.5,1,2021.0,2023-10-17
ollama:phi4:14b,D+T+ID+S,NCT05094206,0.5,0,2022.0,2024-01-29
ollama:phi4:14b,D+T+ID+S,NCT05165732,0.5,0,2022.0,2023-08-20
